time,Open,High,Low,Close,Volume
2022-01-02 22:00:00+00:00,75.85,76.235,75.699,75.819,7324
2022-01-03 02:00:00+00:00,75.809,76.108,75.618,76.018,5175
2022-01-03 06:00:00+00:00,76.008,76.527,75.827,76.402,14627
2022-01-03 10:00:00+00:00,76.407,76.487,74.692,74.872,27445
2022-01-03 14:00:00+00:00,74.862,76.624,74.441,76.504,44977
2022-01-03 18:00:00+00:00,76.514,76.544,75.902,76.162,17416
2022-01-03 22:00:00+00:00,76.181,76.736,76.04,76.27,11137
2022-01-04 02:00:00+00:00,76.26,76.609,76.069,76.439,8959
2022-01-04 06:00:00+00:00,76.449,76.668,75.857,76.608,23299
2022-01-04 10:00:00+00:00,76.603,77.257,76.226,77.027,24173
2022-01-04 14:00:00+00:00,77.022,77.798,76.476,77.316,50305
2022-01-04 18:00:00+00:00,77.311,77.586,77.084,77.359,15784
2022-01-04 22:00:00+00:00,77.334,77.418,76.952,76.967,6145
2022-01-05 02:00:00+00:00,76.962,77.191,76.791,77.035,8856
2022-01-05 06:00:00+00:00,77.04,77.28,76.668,77.079,19573
2022-01-05 10:00:00+00:00,77.074,78.204,76.908,78.169,22690
2022-01-05 14:00:00+00:00,78.164,78.689,77.738,78.568,47852
2022-01-05 18:00:00+00:00,78.558,78.729,77.164,77.344,20378
2022-01-05 22:00:00+00:00,77.334,77.684,77.132,77.162,7849
2022-01-06 02:00:00+00:00,77.167,77.342,76.87,77.271,10813
2022-01-06 06:00:00+00:00,77.276,78.331,77.221,78.301,23901
2022-01-06 10:00:00+00:00,78.311,80.093,78.211,80.008,42850
2022-01-06 14:00:00+00:00,80.003,80.393,79.321,79.49,57797
2022-01-06 18:00:00+00:00,79.5,79.94,79.219,79.809,22283
2022-01-06 22:00:00+00:00,79.758,80.273,79.607,80.253,7324
2022-01-07 02:00:00+00:00,80.248,80.417,80.017,80.386,9098
2022-01-07 06:00:00+00:00,80.376,80.586,79.764,80.365,22579
2022-01-07 10:00:00+00:00,80.37,80.615,80.003,80.097,22961
2022-01-07 14:00:00+00:00,80.092,80.188,78.769,78.879,49324
2022-01-07 18:00:00+00:00,78.889,79.299,78.658,79.077,18109
2022-01-09 22:00:00+00:00,79.041,79.217,78.475,78.915,8857
2022-01-10 02:00:00+00:00,78.91,79.425,78.855,79.049,8553
2022-01-10 06:00:00+00:00,79.054,79.558,78.857,79.232,21263
2022-01-10 10:00:00+00:00,79.237,79.312,78.27,78.88,28129
2022-01-10 14:00:00+00:00,78.875,79.16,77.938,78.358,57591
2022-01-10 18:00:00+00:00,78.353,78.768,77.956,78.541,22513
2022-01-10 22:00:00+00:00,78.571,78.875,78.47,78.615,6518
2022-01-11 02:00:00+00:00,78.625,79.024,78.564,78.868,6692
2022-01-11 06:00:00+00:00,78.873,79.763,78.702,79.492,19051
2022-01-11 10:00:00+00:00,79.502,79.661,79.06,79.511,18476
2022-01-11 14:00:00+00:00,79.521,81.681,78.97,81.481,58196
2022-01-11 18:00:00+00:00,81.486,81.61,81.01,81.389,21363
2022-01-11 22:00:00+00:00,81.449,81.788,81.309,81.458,6695
2022-01-12 02:00:00+00:00,81.463,81.738,81.297,81.516,7011
2022-01-12 06:00:00+00:00,81.511,82.085,81.255,81.594,22396
2022-01-12 10:00:00+00:00,81.589,82.353,81.384,82.243,25681
2022-01-12 14:00:00+00:00,82.253,83.183,81.893,82.962,49125
2022-01-12 18:00:00+00:00,82.972,83.092,82.461,82.86,19842
2022-01-12 22:00:00+00:00,82.89,83.019,82.658,82.698,4634
2022-01-13 02:00:00+00:00,82.703,82.808,82.376,82.376,6701
2022-01-13 06:00:00+00:00,82.351,82.975,82.231,82.845,18866
2022-01-13 10:00:00+00:00,82.85,82.95,82.118,82.453,20187
2022-01-13 14:00:00+00:00,82.463,82.963,81.941,82.356,42961
2022-01-13 18:00:00+00:00,82.351,82.551,81.469,81.754,20668
2022-01-13 22:00:00+00:00,81.788,81.958,81.657,81.847,6084
2022-01-14 02:00:00+00:00,81.852,82.106,81.647,82.07,8078
2022-01-14 06:00:00+00:00,82.065,82.915,81.995,82.764,22442
2022-01-14 10:00:00+00:00,82.769,83.384,81.832,82.252,30786
2022-01-14 14:00:00+00:00,82.257,84.192,82.212,84.172,54401
2022-01-14 18:00:00+00:00,84.162,84.486,83.771,84.35,21896
2022-01-16 22:00:00+00:00,84.434,84.761,84.236,84.543,9822
2022-01-17 02:00:00+00:00,84.548,84.608,84.073,84.212,7051
2022-01-17 06:00:00+00:00,84.217,84.554,83.796,84.138,17184
2022-01-17 10:00:00+00:00,84.144,84.199,83.613,83.823,15812
2022-01-17 14:00:00+00:00,83.818,84.435,83.581,84.369,18155
2022-01-17 18:00:00+00:00,84.354,84.5,84.293,84.414,2611
2022-01-17 22:00:00+00:00,84.366,84.58,84.218,84.55,5360
2022-01-18 02:00:00+00:00,84.545,85.264,84.53,85.222,12685
2022-01-18 06:00:00+00:00,85.217,85.81,84.987,85.133,30218
2022-01-18 10:00:00+00:00,85.138,85.649,84.844,85.437,29024
2022-01-18 14:00:00+00:00,85.442,85.617,84.559,84.86,52379
2022-01-18 18:00:00+00:00,84.855,86.62,84.719,86.535,27499
2022-01-18 22:00:00+00:00,86.554,87.03,86.458,86.854,9036
2022-01-19 02:00:00+00:00,86.859,87.05,86.302,86.559,10733
2022-01-19 06:00:00+00:00,86.554,86.715,85.71,86.485,30702
2022-01-19 10:00:00+00:00,86.48,86.767,85.782,86.089,28909
2022-01-19 14:00:00+00:00,86.094,87.422,85.953,86.826,52561
2022-01-19 18:00:00+00:00,86.831,86.836,85.615,85.64,29778
2022-01-19 22:00:00+00:00,85.659,85.894,85.345,85.652,9032
2022-01-20 02:00:00+00:00,85.647,86.696,85.632,86.414,11210
2022-01-20 06:00:00+00:00,86.409,86.615,85.692,86.059,27995
2022-01-20 10:00:00+00:00,86.054,86.491,85.794,86.297,24521
2022-01-20 14:00:00+00:00,86.292,87.72,86.116,86.888,49646
2022-01-20 18:00:00+00:00,86.893,86.934,84.791,85.088,33940
2022-01-20 22:00:00+00:00,85.389,85.51,83.368,83.821,18965
2022-01-21 02:00:00+00:00,83.816,84.855,83.7,84.649,19330
2022-01-21 06:00:00+00:00,84.644,85.055,84.062,84.51,35632
2022-01-21 10:00:00+00:00,84.505,85.886,84.298,85.715,39171
2022-01-21 14:00:00+00:00,85.705,86.146,84.39,85.556,77188
2022-01-21 18:00:00+00:00,85.551,85.781,84.935,85.402,30631
2022-01-23 22:00:00+00:00,85.576,86.631,85.299,86.565,15024
2022-01-24 02:00:00+00:00,86.57,86.64,86.242,86.33,8731
2022-01-24 06:00:00+00:00,86.32,86.351,85.683,85.97,24654
2022-01-24 10:00:00+00:00,85.965,86.034,84.151,84.171,45282
2022-01-24 14:00:00+00:00,84.176,84.493,82.418,83.755,127305
2022-01-24 18:00:00+00:00,83.745,84.668,83.15,84.597,59523
2022-01-24 22:00:00+00:00,84.657,84.757,83.951,84.272,12894
2022-01-25 02:00:00+00:00,84.267,84.403,83.97,84.219,14362
2022-01-25 06:00:00+00:00,84.229,85.051,83.971,84.92,41474
2022-01-25 10:00:00+00:00,84.915,85.001,83.49,84.284,40740
2022-01-25 14:00:00+00:00,84.279,85.866,83.73,85.669,90979
2022-01-25 18:00:00+00:00,85.674,86.221,85.545,85.661,29399
2022-01-25 22:00:00+00:00,85.761,85.986,85.623,85.753,11359
2022-01-26 02:00:00+00:00,85.748,85.904,85.511,85.821,11531
2022-01-26 06:00:00+00:00,85.816,86.637,85.76,86.632,27165
2022-01-26 10:00:00+00:00,86.637,87.711,86.41,87.399,28363
2022-01-26 14:00:00+00:00,87.404,88.457,86.79,88.306,64434
2022-01-26 18:00:00+00:00,88.316,88.376,86.795,87.674,69298
2022-01-26 22:00:00+00:00,87.628,87.95,87.405,87.435,15600
2022-01-27 02:00:00+00:00,87.425,87.53,86.84,87.155,21527
2022-01-27 06:00:00+00:00,87.15,87.973,86.958,87.931,36270
2022-01-27 10:00:00+00:00,87.926,88.934,87.729,88.753,42237
2022-01-27 14:00:00+00:00,88.758,89.044,87.002,87.644,80372
2022-01-27 18:00:00+00:00,87.639,87.892,86.687,87.771,40396
2022-01-27 22:00:00+00:00,87.956,88.072,87.26,87.517,12344
2022-01-28 02:00:00+00:00,87.522,87.855,87.395,87.835,16097
2022-01-28 06:00:00+00:00,87.825,87.975,87.149,87.581,38382
2022-01-28 10:00:00+00:00,87.576,88.865,87.118,88.744,43127
2022-01-28 14:00:00+00:00,88.754,89.311,86.901,87.384,81420
2022-01-28 18:00:00+00:00,87.394,87.926,87.03,87.788,38178
2022-01-30 22:00:00+00:00,88.091,88.586,87.945,88.455,11187
2022-01-31 02:00:00+00:00,88.466,88.566,88.162,88.256,8406
2022-01-31 06:00:00+00:00,88.261,88.421,87.706,87.891,19539
2022-01-31 10:00:00+00:00,87.886,88.228,87.227,87.893,32902
2022-01-31 14:00:00+00:00,87.883,88.342,86.752,88.202,55169
2022-01-31 18:00:00+00:00,88.192,88.813,88.02,88.56,24695
2022-01-31 22:00:00+00:00,88.585,88.98,88.559,88.627,4660
2022-02-01 02:00:00+00:00,88.632,88.957,88.632,88.875,4974
2022-02-01 06:00:00+00:00,88.865,88.936,87.436,87.607,23275
2022-02-01 10:00:00+00:00,87.612,88.751,87.436,87.629,29078
2022-02-01 14:00:00+00:00,87.623,89.269,86.95,88.444,62246
2022-02-01 18:00:00+00:00,88.434,88.838,88.002,88.737,22319
2022-02-01 22:00:00+00:00,88.772,89.111,88.661,88.945,4803
2022-02-02 02:00:00+00:00,88.94,88.97,88.628,88.856,4126
2022-02-02 06:00:00+00:00,88.862,89.175,88.342,88.612,20155
2022-02-02 10:00:00+00:00,88.607,90.116,88.249,89.789,36536
2022-02-02 14:00:00+00:00,89.779,89.855,87.472,88.044,82371
2022-02-02 18:00:00+00:00,88.034,88.816,88.023,88.382,24019
2022-02-02 22:00:00+00:00,88.331,88.356,87.949,88.032,5332
2022-02-03 02:00:00+00:00,88.027,88.347,87.947,88.165,4403
2022-02-03 06:00:00+00:00,88.16,88.509,87.574,87.74,20794
2022-02-03 10:00:00+00:00,87.735,87.918,87.116,87.787,30571
2022-02-03 14:00:00+00:00,87.797,89.331,87.666,88.989,57504
2022-02-03 18:00:00+00:00,88.999,90.813,88.803,90.542,35311
2022-02-03 22:00:00+00:00,90.511,91.247,90.436,91.061,7294
2022-02-04 02:00:00+00:00,91.066,91.351,91.061,91.158,6672
2022-02-04 06:00:00+00:00,91.148,92.279,90.976,91.888,28803
2022-02-04 10:00:00+00:00,91.893,92.753,91.756,92.717,43256
2022-02-04 14:00:00+00:00,92.707,93.53,92.12,92.694,63259
2022-02-04 18:00:00+00:00,92.704,93.125,92.159,92.289,28006
2022-02-06 22:00:00+00:00,92.254,93.04,91.677,92.834,18327
2022-02-07 02:00:00+00:00,92.839,92.859,91.654,92.283,15277
2022-02-07 06:00:00+00:00,92.278,92.614,91.036,91.367,36068
2022-02-07 10:00:00+00:00,91.357,92.678,91.166,92.548,36300
2022-02-07 14:00:00+00:00,92.553,92.558,91.233,91.451,56512
2022-02-07 18:00:00+00:00,91.446,92.0,91.179,91.919,21213
2022-02-07 22:00:00+00:00,91.853,91.898,91.209,91.485,8462
2022-02-08 02:00:00+00:00,91.48,91.923,91.332,91.767,9448
2022-02-08 06:00:00+00:00,91.762,91.852,90.787,91.022,28862
2022-02-08 10:00:00+00:00,91.017,91.017,89.291,90.0,51953
2022-02-08 14:00:00+00:00,89.99,90.582,88.774,90.007,66343
2022-02-08 18:00:00+00:00,90.017,90.277,89.284,90.034,33067
2022-02-08 22:00:00+00:00,90.149,90.154,89.68,89.695,5496
2022-02-09 02:00:00+00:00,89.69,90.088,89.639,89.777,7585
2022-02-09 06:00:00+00:00,89.772,89.985,88.873,89.242,31264
2022-02-09 10:00:00+00:00,89.232,89.801,88.668,89.61,32607
2022-02-09 14:00:00+00:00,89.605,90.832,89.156,89.537,55138
2022-02-09 18:00:00+00:00,89.547,90.346,89.271,90.27,22826
2022-02-09 22:00:00+00:00,90.23,90.404,89.851,90.062,4978
2022-02-10 02:00:00+00:00,90.067,90.072,89.572,89.687,6794
2022-02-10 06:00:00+00:00,89.698,90.687,89.576,90.301,24184
2022-02-10 10:00:00+00:00,90.306,91.157,89.905,90.233,38895
2022-02-10 14:00:00+00:00,90.228,91.985,89.26,90.991,68480
2022-02-10 18:00:00+00:00,90.986,91.001,89.692,90.281,38961
2022-02-10 22:00:00+00:00,90.275,90.355,89.692,89.817,7860
2022-02-11 02:00:00+00:00,89.812,90.282,89.629,89.688,9752
2022-02-11 06:00:00+00:00,89.683,90.708,89.407,90.572,31452
2022-02-11 10:00:00+00:00,90.577,91.607,90.377,91.366,38372
2022-02-11 14:00:00+00:00,91.356,92.436,90.855,92.175,51326
2022-02-11 18:00:00+00:00,92.185,94.881,92.034,94.101,79407
2022-02-13 22:00:00+00:00,94.09,95.115,93.714,94.789,20070
2022-02-14 02:00:00+00:00,94.794,94.964,94.481,94.63,10684
2022-02-14 06:00:00+00:00,94.64,94.779,92.729,93.019,58927
2022-02-14 10:00:00+00:00,93.024,93.664,92.255,92.865,59057
2022-02-14 14:00:00+00:00,92.87,94.37,92.354,94.174,67518
2022-02-14 18:00:00+00:00,94.179,95.981,93.949,94.927,50443
2022-02-14 22:00:00+00:00,94.946,95.305,94.805,95.274,6388
2022-02-15 02:00:00+00:00,95.279,95.329,94.731,95.091,8503
2022-02-15 06:00:00+00:00,95.096,95.185,92.634,93.044,53321
2022-02-15 10:00:00+00:00,93.039,93.442,91.801,92.931,47731
2022-02-15 14:00:00+00:00,92.941,92.951,90.802,92.171,73340
2022-02-15 18:00:00+00:00,92.176,92.323,91.535,92.298,28104
2022-02-15 22:00:00+00:00,92.417,92.697,91.759,92.004,7064
2022-02-16 02:00:00+00:00,91.999,92.507,91.954,92.392,7240
2022-02-16 06:00:00+00:00,92.387,93.471,92.276,92.714,31873
2022-02-16 10:00:00+00:00,92.709,93.702,92.684,93.652,43331
2022-02-16 14:00:00+00:00,93.647,95.142,93.161,94.434,60729
2022-02-16 18:00:00+00:00,94.419,94.445,90.121,90.756,63408
2022-02-16 22:00:00+00:00,91.056,91.785,90.731,91.594,9271
2022-02-17 02:00:00+00:00,91.589,93.43,91.423,92.337,21102
2022-02-17 06:00:00+00:00,92.332,93.331,91.903,92.048,39456
2022-02-17 10:00:00+00:00,92.043,93.462,91.401,92.841,46768
2022-02-17 14:00:00+00:00,92.836,92.996,90.917,91.38,78298
2022-02-17 18:00:00+00:00,91.39,92.142,91.073,91.892,27064
2022-02-17 22:00:00+00:00,91.904,92.067,91.158,91.468,7521
2022-02-18 02:00:00+00:00,91.473,91.514,90.961,91.489,8594
2022-02-18 06:00:00+00:00,91.484,91.717,89.984,90.188,32953
2022-02-18 10:00:00+00:00,90.193,90.498,89.268,90.107,55352
2022-02-18 14:00:00+00:00,90.117,92.939,89.555,91.644,92514
2022-02-18 18:00:00+00:00,91.649,92.824,91.455,92.461,46203
2022-02-20 22:00:00+00:00,92.978,93.534,90.766,91.121,28757
2022-02-21 02:00:00+00:00,91.116,91.946,90.892,91.214,13015
2022-02-21 06:00:00+00:00,91.219,92.262,91.034,91.871,30211
2022-02-21 10:00:00+00:00,91.861,92.656,91.448,92.493,41001
2022-02-21 14:00:00+00:00,92.503,93.384,92.197,93.365,37604
2022-02-21 18:00:00+00:00,93.37,94.67,93.12,94.542,16204
2022-02-21 22:00:00+00:00,95.68,95.71,93.929,94.659,23089
2022-02-22 02:00:00+00:00,94.654,95.102,94.244,95.051,14493
2022-02-22 06:00:00+00:00,95.046,96.663,94.761,95.993,58707
2022-02-22 10:00:00+00:00,95.998,96.262,94.229,94.644,54751
2022-02-22 14:00:00+00:00,94.649,95.274,92.838,94.222,84387
2022-02-22 18:00:00+00:00,94.227,94.262,92.666,93.25,49205
2022-02-22 22:00:00+00:00,93.405,93.781,93.124,93.627,7696
2022-02-23 02:00:00+00:00,93.612,94.0,93.544,93.709,8362
2022-02-23 06:00:00+00:00,93.704,93.855,92.234,92.366,36365
2022-02-23 10:00:00+00:00,92.371,93.539,92.325,93.45,35583
2022-02-23 14:00:00+00:00,93.445,95.527,93.077,93.659,73762
2022-02-23 18:00:00+00:00,93.654,94.043,92.861,93.858,44703
2022-02-23 22:00:00+00:00,94.328,95.097,94.094,94.793,15073
2022-02-24 02:00:00+00:00,94.788,99.04,94.651,98.699,71283
2022-02-24 06:00:00+00:00,98.689,100.661,97.818,100.3,94797
2022-02-24 10:00:00+00:00,100.305,102.221,99.892,101.098,106710
2022-02-24 14:00:00+00:00,101.092,101.398,96.916,97.996,121052
2022-02-24 18:00:00+00:00,97.981,98.073,92.975,94.565,89173
2022-02-24 22:00:00+00:00,94.944,97.22,94.817,96.329,20347
2022-02-25 02:00:00+00:00,96.334,97.117,95.929,95.984,19469
2022-02-25 06:00:00+00:00,95.989,96.838,94.537,94.845,63786
2022-02-25 10:00:00+00:00,94.851,95.287,93.307,93.377,82079
2022-02-25 14:00:00+00:00,93.398,94.473,91.509,92.169,104161
2022-02-25 18:00:00+00:00,92.164,93.899,91.909,93.378,47216
2022-02-27 22:00:00+00:00,100.141,100.288,96.818,97.871,41215
2022-02-28 02:00:00+00:00,97.876,98.94,97.403,97.932,25404
2022-02-28 06:00:00+00:00,97.937,98.589,96.257,97.871,56727
2022-02-28 10:00:00+00:00,97.876,98.104,95.901,97.171,57589
2022-02-28 14:00:00+00:00,97.166,97.627,95.765,97.561,63162
2022-02-28 18:00:00+00:00,97.551,98.199,96.624,97.221,37606
2022-02-28 22:00:00+00:00,97.386,98.079,96.645,97.733,11344
2022-03-01 02:00:00+00:00,97.728,98.124,97.578,97.977,10449
2022-03-01 06:00:00+00:00,97.971,100.313,97.956,100.166,50783
2022-03-01 10:00:00+00:00,100.171,102.906,99.56,102.051,91817
2022-03-01 14:00:00+00:00,102.035,108.225,101.807,106.134,158518
2022-03-01 18:00:00+00:00,106.129,107.882,103.87,107.714,66265
2022-03-01 22:00:00+00:00,108.801,110.028,106.748,109.846,29741
2022-03-02 02:00:00+00:00,109.851,110.74,109.14,109.434,39320
2022-03-02 06:00:00+00:00,109.439,112.964,109.246,110.39,71862
2022-03-02 10:00:00+00:00,110.385,113.951,108.711,112.308,80626
2022-03-02 14:00:00+00:00,112.302,112.344,106.544,110.518,142903
2022-03-02 18:00:00+00:00,110.524,113.87,109.627,112.76,76952
2022-03-02 22:00:00+00:00,112.788,115.938,112.007,115.882,27600
2022-03-03 02:00:00+00:00,115.877,116.207,113.937,115.809,38519
2022-03-03 06:00:00+00:00,115.789,117.991,114.42,114.607,93659
2022-03-03 10:00:00+00:00,114.602,116.39,107.737,108.618,129005
2022-03-03 14:00:00+00:00,108.613,113.422,108.35,111.132,149154
2022-03-03 18:00:00+00:00,111.152,111.708,108.784,109.364,56364
2022-03-03 22:00:00+00:00,109.295,114.178,109.194,110.658,33097
2022-03-04 02:00:00+00:00,110.663,112.104,109.346,109.432,29201
2022-03-04 06:00:00+00:00,109.422,111.456,108.518,110.25,55185
2022-03-04 10:00:00+00:00,110.245,113.573,110.185,112.313,62861
2022-03-04 14:00:00+00:00,112.323,115.163,111.539,113.1,106701
2022-03-04 18:00:00+00:00,113.115,117.349,113.014,116.345,78612
2022-03-06 22:00:00+00:00,131.114,131.306,123.339,124.983,64131
2022-03-07 02:00:00+00:00,124.988,127.957,124.538,127.197,47607
2022-03-07 06:00:00+00:00,127.186,127.807,124.045,124.649,72804
2022-03-07 10:00:00+00:00,124.638,125.147,118.331,120.016,89770
2022-03-07 14:00:00+00:00,120.032,121.498,116.673,121.058,103719
2022-03-07 18:00:00+00:00,121.053,123.05,119.66,121.5,66952
2022-03-07 22:00:00+00:00,121.835,122.684,118.208,119.443,27772
2022-03-08 02:00:00+00:00,119.448,124.234,119.448,123.917,49486
2022-03-08 06:00:00+00:00,123.912,124.465,121.265,123.561,60245
2022-03-08 10:00:00+00:00,123.566,127.166,122.118,126.746,75139
2022-03-08 14:00:00+00:00,126.716,130.611,120.726,123.06,156339
2022-03-08 18:00:00+00:00,123.055,129.153,122.727,125.912,69968
2022-03-08 22:00:00+00:00,126.156,127.544,125.446,126.02,19116
2022-03-09 02:00:00+00:00,126.016,127.949,125.985,126.653,23915
2022-03-09 06:00:00+00:00,126.658,127.754,122.116,122.509,61888
2022-03-09 10:00:00+00:00,122.519,124.076,118.02,118.604,117357
2022-03-09 14:00:00+00:00,118.599,120.487,104.491,112.662,182486
2022-03-09 18:00:00+00:00,112.657,114.396,108.138,110.488,105693
2022-03-09 22:00:00+00:00,111.608,112.597,109.768,110.829,21579
2022-03-10 02:00:00+00:00,110.824,112.266,107.899,109.708,39165
2022-03-10 06:00:00+00:00,109.728,114.338,109.425,114.071,74344
2022-03-10 10:00:00+00:00,114.076,115.768,112.766,115.495,78936
2022-03-10 14:00:00+00:00,115.505,115.581,107.003,107.305,159473
2022-03-10 18:00:00+00:00,107.3,108.775,106.334,106.639,68026
2022-03-10 22:00:00+00:00,106.762,108.787,106.603,106.714,20056
2022-03-11 02:00:00+00:00,106.709,107.559,105.278,107.397,26689
2022-03-11 06:00:00+00:00,107.402,109.655,106.924,108.771,48216
2022-03-11 10:00:00+00:00,108.751,111.045,105.649,107.143,75703
2022-03-11 14:00:00+00:00,107.163,111.061,106.382,109.534,74458
2022-03-11 18:00:00+00:00,109.529,110.406,108.984,109.885,37493
2022-03-13 21:00:00+00:00,109.972,109.987,106.863,107.56,30611
2022-03-14 01:00:00+00:00,107.555,107.639,105.382,107.433,36289
2022-03-14 05:00:00+00:00,107.453,107.538,105.747,105.893,36542
2022-03-14 09:00:00+00:00,105.898,106.079,103.041,105.294,52699
2022-03-14 13:00:00+00:00,105.289,105.902,100.318,102.554,91957
2022-03-14 17:00:00+00:00,102.559,103.751,101.564,102.528,49481
2022-03-14 21:00:00+00:00,102.792,103.103,100.623,100.899,14919
2022-03-15 01:00:00+00:00,100.894,101.351,97.194,98.703,57660
2022-03-15 05:00:00+00:00,98.708,99.243,97.041,97.648,56747
2022-03-15 09:00:00+00:00,97.668,98.229,93.974,96.738,81838
2022-03-15 13:00:00+00:00,96.743,98.818,93.979,98.3,110284
2022-03-15 17:00:00+00:00,98.305,98.697,94.966,95.583,49832
2022-03-15 21:00:00+00:00,95.56,97.056,95.328,96.437,13910
2022-03-16 01:00:00+00:00,96.426,98.205,96.401,97.33,32424
2022-03-16 05:00:00+00:00,97.335,99.626,97.053,98.475,54202
2022-03-16 09:00:00+00:00,98.48,99.042,95.223,99.027,62758
2022-03-16 13:00:00+00:00,99.016,99.493,94.976,96.531,96296
2022-03-16 17:00:00+00:00,96.526,96.777,94.438,95.703,46008
2022-03-16 21:00:00+00:00,95.615,96.8,95.213,95.999,11139
2022-03-17 01:00:00+00:00,95.994,97.242,95.989,96.777,17740
2022-03-17 05:00:00+00:00,96.792,99.037,96.697,98.442,31842
2022-03-17 09:00:00+00:00,98.473,101.339,98.372,101.066,57243
2022-03-17 13:00:00+00:00,101.036,103.687,100.845,102.254,83304
2022-03-17 17:00:00+00:00,102.259,104.191,102.174,103.544,45628
2022-03-17 21:00:00+00:00,103.664,104.18,103.118,104.16,5860
2022-03-18 01:00:00+00:00,104.17,106.056,103.901,105.674,18700
2022-03-18 05:00:00+00:00,105.68,106.162,103.782,103.896,28310
2022-03-18 09:00:00+00:00,103.901,104.7,102.414,103.29,33979
2022-03-18 13:00:00+00:00,103.285,104.648,102.742,104.196,55429
2022-03-18 17:00:00+00:00,104.211,105.609,104.074,104.858,26324
2022-03-20 21:00:00+00:00,104.959,107.078,103.839,106.641,11515
2022-03-21 01:00:00+00:00,106.646,108.113,106.636,107.935,17549
2022-03-21 05:00:00+00:00,107.93,109.351,107.652,109.284,20875
2022-03-21 09:00:00+00:00,109.294,109.604,107.895,109.105,31645
2022-03-21 13:00:00+00:00,109.11,111.291,108.36,109.71,56550
2022-03-21 17:00:00+00:00,109.7,112.491,109.436,112.341,33254
2022-03-21 21:00:00+00:00,112.42,114.142,111.937,113.766,16331
2022-03-22 01:00:00+00:00,113.776,114.488,113.33,114.32,25141
2022-03-22 05:00:00+00:00,114.315,114.794,109.71,110.382,63256
2022-03-22 09:00:00+00:00,110.388,112.542,108.453,111.944,63573
2022-03-22 13:00:00+00:00,111.939,112.035,108.929,109.38,81571
2022-03-22 17:00:00+00:00,109.385,112.219,109.197,110.08,48098
2022-03-22 21:00:00+00:00,110.008,110.786,109.73,110.407,11727
2022-03-23 01:00:00+00:00,110.402,112.71,110.331,111.978,26938
2022-03-23 05:00:00+00:00,111.973,112.149,110.396,111.449,47924
2022-03-23 09:00:00+00:00,111.454,114.847,111.15,114.472,57594
2022-03-23 13:00:00+00:00,114.462,116.796,114.143,115.239,85957
2022-03-23 17:00:00+00:00,115.244,116.667,114.807,115.752,40476
2022-03-23 21:00:00+00:00,115.785,118.031,115.42,117.565,19812
2022-03-24 01:00:00+00:00,117.56,117.936,114.726,115.31,57743
2022-03-24 05:00:00+00:00,115.32,117.068,114.193,116.855,60883
2022-03-24 09:00:00+00:00,116.865,117.082,115.012,116.047,69009
2022-03-24 13:00:00+00:00,116.052,116.073,112.976,114.208,97884
2022-03-24 17:00:00+00:00,114.218,115.052,111.903,112.642,51701
2022-03-24 21:00:00+00:00,112.928,113.744,112.029,112.477,18572
2022-03-25 01:00:00+00:00,112.472,114.081,111.86,113.405,41374
2022-03-25 05:00:00+00:00,113.4,113.978,110.398,110.762,62012
2022-03-25 09:00:00+00:00,110.772,113.167,109.901,110.754,76447
2022-03-25 13:00:00+00:00,110.759,115.309,110.005,114.523,107222
2022-03-25 17:00:00+00:00,114.528,115.39,113.617,113.888,46346
2022-03-27 21:00:00+00:00,112.88,113.046,110.47,111.151,36659
2022-03-28 01:00:00+00:00,111.156,112.177,110.434,111.547,42437
2022-03-28 05:00:00+00:00,111.542,111.673,109.383,110.61,55067
2022-03-28 09:00:00+00:00,110.605,110.999,107.903,108.729,57997
2022-03-28 13:00:00+00:00,108.734,109.546,105.549,108.125,91266
2022-03-28 17:00:00+00:00,108.13,108.398,103.868,104.457,63300
2022-03-28 21:00:00+00:00,104.642,106.353,104.541,106.05,15530
2022-03-29 01:00:00+00:00,106.045,106.62,105.119,105.366,39217
2022-03-29 05:00:00+00:00,105.371,108.212,105.315,108.034,61601
2022-03-29 09:00:00+00:00,108.029,108.879,99.45,101.12,134859
2022-03-29 13:00:00+00:00,101.136,104.652,100.14,103.869,106502
2022-03-29 17:00:00+00:00,103.864,106.436,103.546,106.178,45132
2022-03-29 21:00:00+00:00,105.975,107.729,105.651,107.089,19631
2022-03-30 01:00:00+00:00,107.094,107.1,105.539,106.199,34430
2022-03-30 05:00:00+00:00,106.204,108.264,105.804,107.599,51796
2022-03-30 09:00:00+00:00,107.594,109.115,106.794,108.893,60968
2022-03-30 13:00:00+00:00,108.888,109.744,107.388,107.73,82501
2022-03-30 17:00:00+00:00,107.725,108.943,107.437,108.393,34172
2022-03-30 21:00:00+00:00,108.452,108.766,102.807,104.405,35094
2022-03-31 01:00:00+00:00,104.4,104.582,101.743,102.33,45792
2022-03-31 05:00:00+00:00,102.32,104.298,101.431,102.983,60051
2022-03-31 09:00:00+00:00,102.973,103.372,101.043,102.734,71002
2022-03-31 13:00:00+00:00,102.739,105.622,102.539,104.25,100227
2022-03-31 17:00:00+00:00,104.255,104.255,100.525,102.028,53776
2022-03-31 21:00:00+00:00,102.324,102.54,100.178,100.932,14102
2022-04-01 01:00:00+00:00,100.927,101.505,100.094,100.506,30742
2022-04-01 05:00:00+00:00,100.501,100.667,98.606,100.58,59827
2022-04-01 09:00:00+00:00,100.585,102.354,99.188,100.24,56183
2022-04-01 13:00:00+00:00,100.235,101.832,99.573,100.379,76003
2022-04-01 17:00:00+00:00,100.374,100.64,99.683,100.28,41568
2022-04-03 21:00:00+00:00,99.821,100.058,98.778,99.564,16954
2022-04-04 01:00:00+00:00,99.569,100.304,99.235,100.171,15569
2022-04-04 05:00:00+00:00,100.156,101.446,99.918,100.899,34352
2022-04-04 09:00:00+00:00,100.909,103.46,99.05,103.057,52355
2022-04-04 13:00:00+00:00,103.062,104.425,101.838,102.38,72311
2022-04-04 17:00:00+00:00,102.385,104.656,102.093,104.386,40173
2022-04-04 21:00:00+00:00,104.44,106.173,104.329,105.854,10286
2022-04-05 01:00:00+00:00,105.849,106.312,105.089,105.333,15269
2022-04-05 05:00:00+00:00,105.338,105.995,104.289,105.617,37603
2022-04-05 09:00:00+00:00,105.627,105.929,104.137,105.781,48951
2022-04-05 13:00:00+00:00,105.771,105.801,102.516,103.549,75661
2022-04-05 17:00:00+00:00,103.559,104.591,100.529,101.982,46810
2022-04-05 21:00:00+00:00,101.884,102.412,101.04,101.854,8093
2022-04-06 01:00:00+00:00,101.859,102.791,101.466,102.571,19123
2022-04-06 05:00:00+00:00,102.576,104.109,102.304,103.756,32569
2022-04-06 09:00:00+00:00,103.766,104.655,103.212,103.623,33918
2022-04-06 13:00:00+00:00,103.618,103.909,98.933,99.999,90624
2022-04-06 17:00:00+00:00,99.994,100.009,96.314,97.582,55001
2022-04-06 21:00:00+00:00,98.476,98.625,96.812,98.023,10907
2022-04-07 01:00:00+00:00,98.018,99.04,97.665,98.212,20479
2022-04-07 05:00:00+00:00,98.207,98.668,95.984,97.164,34158
2022-04-07 09:00:00+00:00,97.169,99.386,96.988,97.64,39111
2022-04-07 13:00:00+00:00,97.635,98.7,94.341,95.918,90423
2022-04-07 17:00:00+00:00,95.923,97.772,95.516,97.681,48034
2022-04-07 21:00:00+00:00,97.715,97.795,96.916,97.121,5846
2022-04-08 01:00:00+00:00,97.116,97.261,95.821,96.21,17153
2022-04-08 05:00:00+00:00,96.215,98.24,95.958,97.173,32897
2022-04-08 09:00:00+00:00,97.178,98.101,96.28,97.89,33169
2022-04-08 13:00:00+00:00,97.88,98.327,96.127,97.239,71513
2022-04-08 17:00:00+00:00,97.234,99.272,96.993,98.378,38159
2022-04-10 21:00:00+00:00,98.524,98.734,96.616,96.932,10718
2022-04-11 01:00:00+00:00,96.937,97.182,95.604,96.473,20542
2022-04-11 05:00:00+00:00,96.468,97.311,95.745,96.461,31017
2022-04-11 09:00:00+00:00,96.466,96.676,93.308,94.346,43977
2022-04-11 13:00:00+00:00,94.361,96.265,94.028,94.429,77767
2022-04-11 17:00:00+00:00,94.434,95.542,94.261,95.542,39034
2022-04-11 21:00:00+00:00,95.631,96.078,95.211,95.932,6843
2022-04-12 01:00:00+00:00,95.927,96.992,95.716,96.261,16409
2022-04-12 05:00:00+00:00,96.266,98.029,96.13,97.704,37737
2022-04-12 09:00:00+00:00,97.71,98.964,97.186,98.229,39713
2022-04-12 13:00:00+00:00,98.224,101.697,97.968,101.062,69365
2022-04-12 17:00:00+00:00,101.067,101.589,100.474,101.331,34029
2022-04-12 21:00:00+00:00,101.179,102.312,101.179,101.484,6723
2022-04-13 01:00:00+00:00,101.499,101.785,100.514,100.519,16356
2022-04-13 05:00:00+00:00,100.514,101.531,100.203,101.174,33521
2022-04-13 09:00:00+00:00,101.179,103.191,100.782,102.742,39258
2022-04-13 13:00:00+00:00,102.752,103.554,101.004,103.356,70380
2022-04-13 17:00:00+00:00,103.366,104.782,103.301,104.477,49689
2022-04-13 21:00:00+00:00,104.526,104.566,103.783,104.129,6259
2022-04-14 01:00:00+00:00,104.124,104.355,103.46,103.921,17484
2022-04-14 05:00:00+00:00,103.926,103.98,102.774,103.773,28158
2022-04-14 09:00:00+00:00,103.768,104.203,102.543,102.608,36137
2022-04-14 13:00:00+00:00,102.623,105.623,102.412,105.508,63548
2022-04-14 17:00:00+00:00,105.513,107.917,105.483,106.739,40153
2022-04-17 21:00:00+00:00,107.186,108.549,107.121,108.301,9139
2022-04-18 01:00:00+00:00,108.306,108.687,107.563,108.003,17207
2022-04-18 05:00:00+00:00,108.008,108.028,106.121,106.779,20356
2022-04-18 09:00:00+00:00,106.784,107.779,106.383,107.598,19340
2022-04-18 13:00:00+00:00,107.608,109.533,107.188,109.382,44054
2022-04-18 17:00:00+00:00,109.387,109.875,107.392,107.658,38226
2022-04-18 21:00:00+00:00,107.581,108.41,107.466,108.082,5051
2022-04-19 01:00:00+00:00,108.087,109.026,107.538,108.305,14224
2022-04-19 05:00:00+00:00,108.31,108.456,106.737,106.812,34026
2022-04-19 09:00:00+00:00,106.817,107.203,105.28,105.41,45604
2022-04-19 13:00:00+00:00,105.4,105.883,102.138,102.751,88115
2022-04-19 17:00:00+00:00,102.736,103.816,102.281,102.994,37482
2022-04-19 21:00:00+00:00,103.033,104.249,102.686,103.353,7533
2022-04-20 01:00:00+00:00,103.358,104.03,102.543,103.576,19504
2022-04-20 05:00:00+00:00,103.571,104.252,102.951,103.693,34018
2022-04-20 09:00:00+00:00,103.703,104.576,103.195,103.65,30880
2022-04-20 13:00:00+00:00,103.64,104.007,100.473,102.429,85546
2022-04-20 17:00:00+00:00,102.434,103.771,102.312,103.039,45320
2022-04-20 21:00:00+00:00,103.169,103.339,102.604,103.096,5008
2022-04-21 01:00:00+00:00,103.111,104.066,102.855,103.621,14112
2022-04-21 05:00:00+00:00,103.626,104.921,103.422,103.864,27974
2022-04-21 09:00:00+00:00,103.874,104.17,102.87,102.966,31998
2022-04-21 13:00:00+00:00,102.971,106.017,102.8,103.5,79457
2022-04-21 17:00:00+00:00,103.505,104.917,102.815,104.623,45630
2022-04-21 21:00:00+00:00,104.477,104.792,103.947,104.404,5042
2022-04-22 01:00:00+00:00,104.409,104.424,103.109,103.304,21732
2022-04-22 05:00:00+00:00,103.294,104.071,101.798,102.466,36635
2022-04-22 09:00:00+00:00,102.481,103.594,102.064,103.393,34666
2022-04-22 13:00:00+00:00,103.388,103.484,101.965,102.802,74172
2022-04-22 17:00:00+00:00,102.807,102.932,101.617,102.301,39957
2022-04-24 21:00:00+00:00,101.868,101.898,100.519,100.785,9784
2022-04-25 01:00:00+00:00,100.8,100.81,99.3,99.405,25291
2022-04-25 05:00:00+00:00,99.4,99.982,97.517,97.578,42816
2022-04-25 09:00:00+00:00,97.588,98.691,96.998,97.871,45381
2022-04-25 13:00:00+00:00,97.881,98.218,95.754,97.446,89200
2022-04-25 17:00:00+00:00,97.441,99.966,97.069,99.116,49302
2022-04-25 21:00:00+00:00,99.135,99.424,98.834,99.354,4384
2022-04-26 01:00:00+00:00,99.359,100.296,98.72,99.999,17852
2022-04-26 05:00:00+00:00,100.009,100.153,97.961,98.187,34599
2022-04-26 09:00:00+00:00,98.197,100.661,97.523,99.861,50440
2022-04-26 13:00:00+00:00,99.856,102.702,99.217,101.918,106521
2022-04-26 17:00:00+00:00,101.913,103.264,101.716,102.221,58708
2022-04-26 21:00:00+00:00,102.356,103.183,102.17,102.986,5645
2022-04-27 01:00:00+00:00,102.981,103.463,102.13,102.37,18662
2022-04-27 05:00:00+00:00,102.38,103.338,101.85,102.909,36321
2022-04-27 09:00:00+00:00,102.919,103.094,100.993,101.369,33928
2022-04-27 13:00:00+00:00,101.374,102.402,100.258,101.361,86449
2022-04-27 17:00:00+00:00,101.356,102.896,100.908,102.528,41951
2022-04-27 21:00:00+00:00,102.562,102.582,101.834,102.364,4386
2022-04-28 01:00:00+00:00,102.374,102.394,100.609,101.15,20168
2022-04-28 05:00:00+00:00,101.135,103.437,100.577,103.271,37859
2022-04-28 09:00:00+00:00,103.276,103.502,101.375,102.163,35020
2022-04-28 13:00:00+00:00,102.178,105.414,101.89,104.7,82668
2022-04-28 17:00:00+00:00,104.705,106.13,104.595,105.631,44496
2022-04-28 21:00:00+00:00,105.525,105.665,105.075,105.105,4783
2022-04-29 01:00:00+00:00,105.11,106.498,104.989,106.463,27198
2022-04-29 05:00:00+00:00,106.448,107.027,105.667,106.665,41737
2022-04-29 09:00:00+00:00,106.67,107.312,106.401,106.767,37286
2022-04-29 13:00:00+00:00,106.777,108.432,106.646,107.261,72333
2022-04-29 17:00:00+00:00,107.241,107.587,104.201,104.611,53084
2022-05-01 21:00:00+00:00,104.354,105.542,103.872,105.079,11688
2022-05-02 01:00:00+00:00,105.074,105.169,103.814,104.363,10345
2022-05-02 05:00:00+00:00,104.353,105.159,101.394,102.328,37200
2022-05-02 09:00:00+00:00,102.333,102.402,100.634,101.07,42594
2022-05-02 13:00:00+00:00,101.085,105.483,100.759,104.815,78291
2022-05-02 17:00:00+00:00,104.81,106.282,104.694,105.459,44338
2022-05-02 21:00:00+00:00,105.342,106.168,105.342,106.158,4166
2022-05-03 01:00:00+00:00,106.153,106.168,105.081,105.236,8650
2022-05-03 05:00:00+00:00,105.241,105.646,103.768,104.52,30022
2022-05-03 09:00:00+00:00,104.525,105.43,103.676,104.376,39502
2022-05-03 13:00:00+00:00,104.371,105.349,103.092,103.916,74275
2022-05-03 17:00:00+00:00,103.906,103.957,102.45,103.833,38979
2022-05-03 21:00:00+00:00,103.872,104.063,103.348,103.408,5599
2022-05-04 01:00:00+00:00,103.403,104.038,103.283,103.816,7605
2022-05-04 05:00:00+00:00,103.821,106.793,103.781,106.291,33083
2022-05-04 09:00:00+00:00,106.296,107.567,105.899,107.04,39925
2022-05-04 13:00:00+00:00,107.06,107.751,105.979,107.352,68403
2022-05-04 17:00:00+00:00,107.357,108.675,107.357,107.87,38458
2022-05-04 21:00:00+00:00,107.87,108.785,107.87,108.659,5197
2022-05-05 01:00:00+00:00,108.664,109.256,108.066,108.46,16886
2022-05-05 05:00:00+00:00,108.455,109.322,107.694,107.875,27625
2022-05-05 09:00:00+00:00,107.895,109.953,107.824,109.637,33702
2022-05-05 13:00:00+00:00,109.626,111.692,106.766,107.737,98306
2022-05-05 17:00:00+00:00,107.727,108.973,107.522,108.927,41134
2022-05-05 21:00:00+00:00,108.886,109.422,108.067,108.312,6501
2022-05-06 01:00:00+00:00,108.317,109.544,107.555,108.94,23657
2022-05-06 05:00:00+00:00,108.945,110.546,108.467,110.251,32257
2022-05-06 09:00:00+00:00,110.256,111.152,109.445,109.625,37206
2022-05-06 13:00:00+00:00,109.62,111.483,108.546,110.715,77001
2022-05-06 17:00:00+00:00,110.725,111.166,109.29,110.857,47238
2022-05-08 21:00:00+00:00,107.767,109.92,107.767,109.171,9203
2022-05-09 01:00:00+00:00,109.166,110.672,108.189,110.05,28109
2022-05-09 05:00:00+00:00,110.055,110.495,108.298,108.733,40054
2022-05-09 09:00:00+00:00,108.738,108.933,106.496,107.427,54042
2022-05-09 13:00:00+00:00,107.422,108.474,103.456,103.785,113306
2022-05-09 17:00:00+00:00,103.78,104.056,102.355,102.589,61871
2022-05-09 21:00:00+00:00,103.405,103.561,102.161,102.596,9353
2022-05-10 01:00:00+00:00,102.601,102.616,100.661,102.102,37859
2022-05-10 05:00:00+00:00,102.107,104.373,101.85,103.932,46031
2022-05-10 09:00:00+00:00,103.937,104.097,100.925,103.498,57836
2022-05-10 13:00:00+00:00,103.503,103.878,99.422,99.587,138731
2022-05-10 17:00:00+00:00,99.567,101.089,99.081,99.589,66405
2022-05-10 21:00:00+00:00,99.417,99.731,98.394,99.034,8140
2022-05-11 01:00:00+00:00,99.029,102.008,99.014,101.781,26119
2022-05-11 05:00:00+00:00,101.786,103.536,101.649,103.411,40353
2022-05-11 09:00:00+00:00,103.416,104.416,102.015,102.797,52202
2022-05-11 13:00:00+00:00,102.807,106.545,102.691,106.079,107527
2022-05-11 17:00:00+00:00,106.074,106.625,104.961,105.77,47140
2022-05-11 21:00:00+00:00,106.085,106.454,105.211,105.692,8162
2022-05-12 01:00:00+00:00,105.697,105.867,104.392,104.536,19403
2022-05-12 05:00:00+00:00,104.531,104.646,103.001,103.251,14044
2022-05-12 09:00:00+00:00,103.256,105.052,103.11,104.229,58311
2022-05-12 13:00:00+00:00,104.224,107.537,104.159,106.269,134651
2022-05-12 17:00:00+00:00,106.264,107.103,105.256,106.801,54669
2022-05-12 21:00:00+00:00,106.795,107.679,106.61,107.634,7119
2022-05-13 01:00:00+00:00,107.639,108.29,107.152,108.161,29467
2022-05-13 05:00:00+00:00,108.156,108.201,106.461,106.926,33257
2022-05-13 09:00:00+00:00,106.921,109.186,106.836,109.116,36627
2022-05-13 13:00:00+00:00,109.121,110.76,108.419,110.494,76724
2022-05-13 17:00:00+00:00,110.499,110.788,109.863,110.29,34655
2022-05-15 21:00:00+00:00,110.787,111.816,110.627,110.964,12646
2022-05-16 01:00:00+00:00,110.969,111.485,108.329,108.404,35368
2022-05-16 05:00:00+00:00,108.399,110.203,108.213,109.911,38782
2022-05-16 09:00:00+00:00,109.916,110.606,108.903,110.343,40855
2022-05-16 13:00:00+00:00,110.333,113.462,109.977,113.437,86188
2022-05-16 17:00:00+00:00,113.442,114.987,113.292,113.919,53562
2022-05-16 21:00:00+00:00,113.903,114.527,113.706,114.17,6921
2022-05-17 01:00:00+00:00,114.175,115.071,113.568,113.866,21401
2022-05-17 05:00:00+00:00,113.861,114.884,113.611,114.643,32697
2022-05-17 09:00:00+00:00,114.648,115.636,113.824,114.544,49797
2022-05-17 13:00:00+00:00,114.549,115.589,112.9,114.09,77188
2022-05-17 17:00:00+00:00,114.095,114.5,111.811,113.621,51734
2022-05-17 21:00:00+00:00,113.756,114.609,113.684,113.963,6565
2022-05-18 01:00:00+00:00,113.958,114.313,112.976,113.149,16044
2022-05-18 05:00:00+00:00,113.144,114.751,112.867,114.366,27806
2022-05-18 09:00:00+00:00,114.376,115.473,113.489,114.242,29277
2022-05-18 13:00:00+00:00,114.247,114.557,109.705,110.215,114594
2022-05-18 17:00:00+00:00,110.22,110.297,108.874,109.668,52607
2022-05-18 21:00:00+00:00,109.556,109.838,107.908,109.638,9446
2022-05-19 01:00:00+00:00,109.633,111.322,109.536,110.998,22260
2022-05-19 05:00:00+00:00,111.004,111.076,108.446,108.676,43912
2022-05-19 09:00:00+00:00,108.692,108.892,105.914,106.036,63603
2022-05-19 13:00:00+00:00,106.052,111.221,106.021,110.69,99268
2022-05-19 17:00:00+00:00,110.705,112.975,110.695,112.044,35779
2022-05-19 21:00:00+00:00,112.02,112.178,111.723,111.77,5484
2022-05-20 01:00:00+00:00,111.774,112.566,110.877,111.75,20004
2022-05-20 05:00:00+00:00,111.754,112.798,111.426,112.438,29012
2022-05-20 09:00:00+00:00,112.453,113.262,112.071,112.362,30714
2022-05-20 13:00:00+00:00,112.356,113.764,111.803,112.522,76192
2022-05-20 17:00:00+00:00,112.512,113.799,111.476,113.03,43021
2022-05-22 21:00:00+00:00,113.002,113.219,112.049,113.094,7643
2022-05-23 01:00:00+00:00,113.084,113.758,112.981,113.361,14878
2022-05-23 05:00:00+00:00,113.356,114.163,112.902,113.408,29723
2022-05-23 09:00:00+00:00,113.412,114.482,113.254,113.547,33667
2022-05-23 13:00:00+00:00,113.542,113.746,111.624,112.413,83004
2022-05-23 17:00:00+00:00,112.418,113.239,112.079,113.058,34679
2022-05-23 21:00:00+00:00,112.87,112.87,111.697,112.256,7551
2022-05-24 01:00:00+00:00,112.252,112.454,111.606,111.935,17837
2022-05-24 05:00:00+00:00,111.94,112.643,111.004,112.263,33427
2022-05-24 09:00:00+00:00,112.274,113.382,112.055,113.031,35557
2022-05-24 13:00:00+00:00,113.036,113.866,111.696,112.25,78873
2022-05-24 17:00:00+00:00,112.24,112.79,111.489,112.665,39764
2022-05-24 21:00:00+00:00,112.682,113.32,112.514,112.84,5519
2022-05-25 01:00:00+00:00,112.83,113.548,112.661,113.484,13378
2022-05-25 05:00:00+00:00,113.489,113.566,112.591,113.265,22606
2022-05-25 09:00:00+00:00,113.276,114.044,113.035,113.532,24730
2022-05-25 13:00:00+00:00,113.532,113.532,111.533,112.455,64072
2022-05-25 17:00:00+00:00,112.45,113.21,112.061,113.034,28136
2022-05-25 21:00:00+00:00,112.968,113.5,112.958,113.294,4185
2022-05-26 01:00:00+00:00,113.3,113.369,112.551,113.096,14437
2022-05-26 05:00:00+00:00,113.101,113.576,112.769,113.204,23718
2022-05-26 09:00:00+00:00,113.209,113.743,112.998,113.445,20505
2022-05-26 13:00:00+00:00,113.435,117.146,113.175,116.445,68391
2022-05-26 17:00:00+00:00,116.45,117.047,116.051,116.563,32635
2022-05-26 21:00:00+00:00,116.478,116.644,116.09,116.181,5600
2022-05-27 01:00:00+00:00,116.186,117.03,115.997,116.493,17951
2022-05-27 05:00:00+00:00,116.498,116.913,115.846,116.605,29694
2022-05-27 09:00:00+00:00,116.61,117.235,115.064,116.025,46689
2022-05-27 13:00:00+00:00,116.03,117.434,115.446,116.769,70613
2022-05-27 17:00:00+00:00,116.774,117.529,116.461,117.254,33332
2022-05-29 21:00:00+00:00,117.082,117.848,117.082,117.737,6872
2022-05-30 01:00:00+00:00,117.732,118.432,117.517,118.068,20269
2022-05-30 05:00:00+00:00,118.062,118.281,117.406,117.524,25574
2022-05-30 09:00:00+00:00,117.539,117.998,117.387,117.804,19916
2022-05-30 13:00:00+00:00,117.809,119.177,117.482,119.086,33746
2022-05-30 17:00:00+00:00,119.08,119.198,118.778,118.962,2544
2022-05-30 21:00:00+00:00,119.27,119.886,119.0,119.218,13635
2022-05-31 01:00:00+00:00,119.213,120.85,118.867,120.85,22891
2022-05-31 05:00:00+00:00,120.855,121.414,120.438,121.038,48799
2022-05-31 09:00:00+00:00,121.043,121.439,120.126,121.139,48037
2022-05-31 13:00:00+00:00,121.129,121.955,118.361,119.619,104102
2022-05-31 17:00:00+00:00,119.625,119.721,116.008,117.115,72920
2022-05-31 21:00:00+00:00,117.375,117.521,116.87,117.506,6832
2022-06-01 01:00:00+00:00,117.501,117.552,116.714,116.871,21150
2022-06-01 05:00:00+00:00,116.876,118.79,116.406,118.05,39865
2022-06-01 09:00:00+00:00,118.055,118.635,117.11,117.979,42466
2022-06-01 13:00:00+00:00,117.974,119.708,117.445,118.604,99028
2022-06-01 17:00:00+00:00,118.609,118.984,116.393,116.584,49162
2022-06-01 21:00:00+00:00,116.696,116.752,113.341,113.645,19803
2022-06-02 01:00:00+00:00,113.64,115.031,113.609,114.853,25497
2022-06-02 05:00:00+00:00,114.864,115.439,113.759,114.859,42059
2022-06-02 09:00:00+00:00,114.874,116.581,112.869,116.154,66481
2022-06-02 13:00:00+00:00,116.169,119.297,115.498,118.605,75507
2022-06-02 17:00:00+00:00,118.615,119.481,118.31,119.269,33566
2022-06-02 21:00:00+00:00,119.322,119.372,118.524,118.595,5915
2022-06-03 01:00:00+00:00,118.59,118.681,117.875,117.92,7883
2022-06-03 05:00:00+00:00,117.915,118.72,116.884,117.581,31247
2022-06-03 09:00:00+00:00,117.586,119.386,117.336,119.356,37245
2022-06-03 13:00:00+00:00,119.361,121.096,118.395,120.552,75148
2022-06-03 17:00:00+00:00,120.547,122.123,120.025,121.952,39792
2022-06-05 21:00:00+00:00,122.484,122.484,121.355,121.37,8672
2022-06-06 01:00:00+00:00,121.375,121.68,120.407,121.097,22368
2022-06-06 05:00:00+00:00,121.091,121.361,120.572,120.671,31114
2022-06-06 09:00:00+00:00,120.676,121.336,119.585,120.13,37700
2022-06-06 13:00:00+00:00,120.125,121.231,119.014,119.821,79041
2022-06-06 17:00:00+00:00,119.831,120.863,119.345,120.787,42975
2022-06-06 21:00:00+00:00,120.525,120.566,119.703,120.054,5168
2022-06-07 01:00:00+00:00,120.048,120.819,120.018,120.625,15750
2022-06-07 05:00:00+00:00,120.635,120.831,119.821,119.881,33934
2022-06-07 09:00:00+00:00,119.892,120.008,119.024,119.851,41261
2022-06-07 13:00:00+00:00,119.856,121.564,119.152,120.584,91498
2022-06-07 17:00:00+00:00,120.579,121.657,118.42,121.049,57790
2022-06-07 21:00:00+00:00,121.1,121.211,120.579,120.942,4843
2022-06-08 01:00:00+00:00,120.947,121.441,120.681,121.159,17061
2022-06-08 05:00:00+00:00,121.154,121.694,120.858,121.568,28965
2022-06-08 09:00:00+00:00,121.573,122.62,121.259,121.967,33144
2022-06-08 13:00:00+00:00,121.972,123.982,120.664,123.835,95111
2022-06-08 17:00:00+00:00,123.825,124.415,123.076,123.633,55187
2022-06-08 21:00:00+00:00,123.674,123.682,123.148,123.213,6535
2022-06-09 01:00:00+00:00,123.218,123.923,123.072,123.535,19403
2022-06-09 05:00:00+00:00,123.541,123.707,122.495,123.111,32157
2022-06-09 09:00:00+00:00,123.116,123.461,122.692,122.813,36990
2022-06-09 13:00:00+00:00,122.807,123.23,121.929,122.837,77764
2022-06-09 17:00:00+00:00,122.827,123.08,122.045,122.549,34318
2022-06-09 21:00:00+00:00,122.661,122.661,122.205,122.352,3954
2022-06-10 01:00:00+00:00,122.347,122.362,121.19,121.918,18795
2022-06-10 05:00:00+00:00,121.928,122.952,121.594,122.714,30120
2022-06-10 09:00:00+00:00,122.729,123.816,122.164,122.517,40118
2022-06-10 13:00:00+00:00,122.522,122.794,119.352,121.155,120065
2022-06-10 17:00:00+00:00,121.16,122.092,120.812,121.522,46964
2022-06-12 21:00:00+00:00,120.956,120.981,118.973,119.349,12291
2022-06-13 01:00:00+00:00,119.343,119.977,119.048,119.469,23974
2022-06-13 05:00:00+00:00,119.474,119.994,118.78,119.207,43005
2022-06-13 09:00:00+00:00,119.212,120.333,119.192,119.69,40327
2022-06-13 13:00:00+00:00,119.685,123.012,118.219,122.473,120594
2022-06-13 17:00:00+00:00,122.478,122.674,120.606,121.813,55122
2022-06-13 21:00:00+00:00,121.885,121.885,121.112,121.677,6805
2022-06-14 01:00:00+00:00,121.667,121.992,121.147,121.5,23428
2022-06-14 05:00:00+00:00,121.505,123.07,121.415,122.511,34346
2022-06-14 09:00:00+00:00,122.521,123.276,121.8,123.159,39132
2022-06-14 13:00:00+00:00,123.164,124.375,122.531,122.691,108919
2022-06-14 17:00:00+00:00,122.666,122.847,117.273,119.679,97535
2022-06-14 21:00:00+00:00,119.706,119.992,118.861,119.443,8730
2022-06-15 01:00:00+00:00,119.448,120.224,119.303,119.674,14789
2022-06-15 05:00:00+00:00,119.679,120.159,118.78,118.915,13111
2022-06-15 09:00:00+00:00,118.925,119.609,117.568,119.161,16893
2022-06-15 13:00:00+00:00,119.151,119.457,117.21,117.744,34258
2022-06-15 17:00:00+00:00,117.739,118.941,115.141,116.338,29242
2022-06-15 21:00:00+00:00,116.565,117.361,116.304,117.187,3499
2022-06-16 01:00:00+00:00,117.182,117.478,116.462,116.544,7312
2022-06-16 05:00:00+00:00,116.539,117.114,115.631,115.641,13699
2022-06-16 09:00:00+00:00,115.641,115.846,113.264,114.963,19703
2022-06-16 13:00:00+00:00,114.968,117.21,112.781,117.138,38833
2022-06-16 17:00:00+00:00,117.134,118.428,117.102,117.35,16587
2022-06-16 21:00:00+00:00,117.495,117.844,116.546,116.897,2781
2022-06-17 01:00:00+00:00,116.902,117.533,116.687,117.16,9382
2022-06-17 05:00:00+00:00,117.164,118.927,116.927,118.686,12652
2022-06-17 09:00:00+00:00,118.697,119.271,116.575,116.637,14599
2022-06-17 13:00:00+00:00,116.632,116.831,109.75,110.491,47117
2022-06-17 17:00:00+00:00,110.486,111.378,108.856,111.317,20805
2022-06-19 21:00:00+00:00,111.166,111.688,110.649,110.973,5316
2022-06-20 01:00:00+00:00,110.937,111.024,109.53,110.2,14901
2022-06-20 05:00:00+00:00,110.184,111.274,109.081,109.846,16112
2022-06-20 09:00:00+00:00,109.856,111.127,109.456,110.389,13334
2022-06-20 13:00:00+00:00,110.394,111.388,109.384,111.136,17832
2022-06-20 17:00:00+00:00,111.132,111.408,110.899,111.106,1972
2022-06-20 21:00:00+00:00,111.136,112.419,110.962,112.137,3811
2022-06-21 01:00:00+00:00,112.127,113.022,111.978,112.655,9516
2022-06-21 05:00:00+00:00,112.66,112.838,111.414,112.581,13957
2022-06-21 09:00:00+00:00,112.586,113.044,111.839,112.329,13880
2022-06-21 13:00:00+00:00,112.308,113.405,111.064,111.688,29570
2022-06-21 17:00:00+00:00,111.693,112.256,111.068,111.854,17578
2022-06-21 21:00:00+00:00,111.723,111.927,109.625,110.189,3787
2022-06-22 01:00:00+00:00,110.194,110.382,107.093,107.928,15259
2022-06-22 05:00:00+00:00,107.923,108.115,105.234,106.462,19527
2022-06-22 09:00:00+00:00,106.462,106.924,104.371,104.763,17031
2022-06-22 13:00:00+00:00,104.773,108.773,103.534,108.559,41759
2022-06-22 17:00:00+00:00,108.569,109.37,106.121,106.344,16969
2022-06-22 21:00:00+00:00,106.78,106.78,105.297,106.511,4439
2022-06-23 01:00:00+00:00,106.506,106.877,104.295,105.913,14507
2022-06-23 05:00:00+00:00,105.907,107.13,105.437,105.514,18314
2022-06-23 09:00:00+00:00,105.534,108.551,105.441,107.752,16408
2022-06-23 13:00:00+00:00,107.733,109.06,105.688,105.795,38142
2022-06-23 17:00:00+00:00,105.82,107.332,105.57,105.946,17818
2022-06-23 21:00:00+00:00,105.871,107.217,105.81,107.146,3298
2022-06-24 01:00:00+00:00,107.151,107.237,105.689,106.421,12309
2022-06-24 05:00:00+00:00,106.415,107.172,105.537,107.142,14453
2022-06-24 09:00:00+00:00,107.137,108.718,106.836,108.443,14313
2022-06-24 13:00:00+00:00,108.458,110.519,106.811,108.884,34166
2022-06-24 17:00:00+00:00,108.868,109.719,108.226,109.019,14029
2022-06-26 21:00:00+00:00,109.09,109.096,107.335,107.622,5390
2022-06-27 01:00:00+00:00,107.612,110.122,107.566,109.388,11073
2022-06-27 05:00:00+00:00,109.383,110.005,108.538,108.614,14020
2022-06-27 09:00:00+00:00,108.619,110.022,108.578,109.551,12007
2022-06-27 13:00:00+00:00,109.567,112.211,107.75,112.069,35582
2022-06-27 17:00:00+00:00,112.089,112.302,110.996,111.573,15942
2022-06-27 21:00:00+00:00,111.854,112.507,111.534,112.104,3212
2022-06-28 01:00:00+00:00,112.125,112.738,112.094,112.518,10237
2022-06-28 05:00:00+00:00,112.523,113.45,112.178,112.754,15785
2022-06-28 09:00:00+00:00,112.759,113.424,112.493,113.041,16515
2022-06-28 13:00:00+00:00,113.051,113.933,111.319,113.678,38562
2022-06-28 17:00:00+00:00,113.683,113.878,112.955,113.553,15824
2022-06-28 21:00:00+00:00,113.51,114.192,113.402,113.682,2995
2022-06-29 01:00:00+00:00,113.687,113.712,112.437,112.852,11717
2022-06-29 05:00:00+00:00,112.857,113.74,112.53,113.149,17162
2022-06-29 09:00:00+00:00,113.159,115.622,113.098,115.424,15509
2022-06-29 13:00:00+00:00,115.434,115.693,112.84,113.458,38864
2022-06-29 17:00:00+00:00,113.453,113.488,110.8,111.223,21065
2022-06-29 21:00:00+00:00,111.296,111.35,110.695,110.972,2900
2022-06-30 01:00:00+00:00,110.967,112.032,110.754,111.34,10592
2022-06-30 05:00:00+00:00,111.319,111.814,110.218,111.469,18105
2022-06-30 09:00:00+00:00,111.459,111.706,109.765,110.893,17635
2022-06-30 13:00:00+00:00,110.919,111.132,106.573,108.67,42028
2022-06-30 17:00:00+00:00,108.665,108.676,106.919,107.462,20196
2022-06-30 21:00:00+00:00,107.54,108.185,107.199,108.058,3347
2022-07-01 01:00:00+00:00,108.053,108.115,106.765,106.844,12355
2022-07-01 05:00:00+00:00,106.854,108.926,105.97,108.494,20299
2022-07-01 09:00:00+00:00,108.484,110.383,108.484,109.754,18712
2022-07-01 13:00:00+00:00,109.749,110.3,108.31,109.488,38381
2022-07-01 17:00:00+00:00,109.498,110.767,109.356,109.856,16829
2022-07-03 21:00:00+00:00,109.996,110.126,108.939,109.03,3338
2022-07-04 01:00:00+00:00,109.035,109.67,108.492,109.604,10684
2022-07-04 05:00:00+00:00,109.609,110.303,108.586,108.944,13457
2022-07-04 09:00:00+00:00,108.939,111.228,108.518,111.101,12835
2022-07-04 13:00:00+00:00,111.091,111.999,110.679,111.533,19553
2022-07-04 17:00:00+00:00,111.538,111.852,111.305,111.822,1434
2022-07-04 21:00:00+00:00,111.735,111.848,111.238,111.806,3355
2022-07-05 01:00:00+00:00,111.811,112.652,111.096,111.581,10788
2022-07-05 05:00:00+00:00,111.596,111.767,110.727,110.846,15972
2022-07-05 09:00:00+00:00,110.856,110.896,108.929,109.327,19482
2022-07-05 13:00:00+00:00,109.327,109.327,99.231,99.332,59575
2022-07-05 17:00:00+00:00,99.326,101.022,98.451,100.598,27023
2022-07-05 21:00:00+00:00,102.242,103.19,101.332,102.35,5928
2022-07-06 01:00:00+00:00,102.35,102.733,100.549,101.489,16184
2022-07-06 05:00:00+00:00,101.495,102.703,100.104,101.978,25184
2022-07-06 09:00:00+00:00,101.973,102.155,100.575,101.108,20666
2022-07-06 13:00:00+00:00,101.103,101.365,96.044,97.587,53149
2022-07-06 17:00:00+00:00,97.577,99.835,97.552,99.06,23960
2022-07-06 21:00:00+00:00,99.179,99.451,98.284,99.13,4156
2022-07-07 01:00:00+00:00,99.1,100.365,97.492,99.785,16139
2022-07-07 05:00:00+00:00,99.78,100.385,98.851,99.546,20392
2022-07-07 09:00:00+00:00,99.551,100.874,99.102,100.65,18145
2022-07-07 13:00:00+00:00,100.645,105.424,100.574,104.72,43380
2022-07-07 17:00:00+00:00,104.725,105.118,102.958,103.018,16072
2022-07-07 21:00:00+00:00,103.227,103.827,102.944,103.541,3612
2022-07-08 01:00:00+00:00,103.551,104.666,102.641,103.913,15414
2022-07-08 05:00:00+00:00,103.908,104.315,102.525,102.807,19162
2022-07-08 09:00:00+00:00,102.812,104.323,102.393,104.287,19747
2022-07-08 13:00:00+00:00,104.292,106.041,103.392,105.481,41058
2022-07-08 17:00:00+00:00,105.486,106.113,104.826,105.645,14523
2022-07-10 21:00:00+00:00,105.16,105.752,104.44,105.463,5002
2022-07-11 01:00:00+00:00,105.473,105.589,104.218,104.641,14230
2022-07-11 05:00:00+00:00,104.636,104.695,102.361,103.688,19641
2022-07-11 09:00:00+00:00,103.678,104.633,101.553,101.869,19704
2022-07-11 13:00:00+00:00,101.864,104.822,101.693,104.519,40353
2022-07-11 17:00:00+00:00,104.53,105.224,103.929,104.09,16217
2022-07-11 21:00:00+00:00,104.022,104.047,102.997,103.137,3974
2022-07-12 01:00:00+00:00,103.142,104.0,102.794,102.924,13203
2022-07-12 05:00:00+00:00,102.935,102.935,101.712,102.194,17759
2022-07-12 09:00:00+00:00,102.189,102.41,98.989,100.145,22492
2022-07-12 13:00:00+00:00,100.095,100.548,96.388,96.393,45676
2022-07-12 17:00:00+00:00,96.398,97.044,95.89,96.1,17836
2022-07-12 21:00:00+00:00,96.294,96.399,94.089,95.275,6082
2022-07-13 01:00:00+00:00,95.265,96.709,95.139,96.194,14501
2022-07-13 05:00:00+00:00,96.184,97.837,95.844,97.781,18683
2022-07-13 09:00:00+00:00,97.786,97.796,94.967,95.896,21035
2022-07-13 13:00:00+00:00,95.896,98.453,95.294,96.342,50738
2022-07-13 17:00:00+00:00,96.352,97.148,95.945,96.859,20803
2022-07-13 21:00:00+00:00,96.856,96.891,96.017,96.225,3453
2022-07-14 01:00:00+00:00,96.215,97.444,95.918,97.284,12594
2022-07-14 05:00:00+00:00,97.289,97.354,93.887,94.159,20368
2022-07-14 09:00:00+00:00,94.154,95.75,93.673,95.584,20663
2022-07-14 13:00:00+00:00,95.589,95.634,90.952,94.936,53319
2022-07-14 17:00:00+00:00,94.951,97.24,94.88,96.853,21716
2022-07-14 21:00:00+00:00,96.749,97.146,96.49,96.505,3808
2022-07-15 01:00:00+00:00,96.5,97.284,96.077,96.68,14133
2022-07-15 05:00:00+00:00,96.675,96.929,94.935,96.408,20732
2022-07-15 09:00:00+00:00,96.418,98.907,96.014,98.786,21094
2022-07-15 13:00:00+00:00,98.791,99.388,97.032,98.614,37204
2022-07-15 17:00:00+00:00,98.624,99.07,97.576,97.87,13061
2022-07-17 21:00:00+00:00,98.049,98.229,96.042,96.242,3814
2022-07-18 01:00:00+00:00,96.247,98.4,96.117,98.18,12383
2022-07-18 05:00:00+00:00,98.185,100.752,97.919,99.937,17181
2022-07-18 09:00:00+00:00,99.947,100.231,98.552,100.181,14312
2022-07-18 13:00:00+00:00,100.156,102.582,100.065,101.594,31372
2022-07-18 17:00:00+00:00,101.6,102.619,101.208,101.837,15376
2022-07-18 21:00:00+00:00,101.788,102.055,101.53,101.967,2475
2022-07-19 01:00:00+00:00,101.972,102.564,101.748,101.87,8611
2022-07-19 05:00:00+00:00,101.876,103.21,101.336,101.598,14913
2022-07-19 09:00:00+00:00,101.609,102.356,99.618,100.668,16899
2022-07-19 13:00:00+00:00,100.657,103.686,99.37,103.598,35669
2022-07-19 17:00:00+00:00,103.612,103.942,103.306,103.356,11433
2022-07-19 21:00:00+00:00,103.204,103.431,102.894,103.105,2445
2022-07-20 01:00:00+00:00,103.095,103.456,102.688,102.88,9481
2022-07-20 05:00:00+00:00,102.875,102.915,101.466,102.469,18428
2022-07-20 09:00:00+00:00,102.474,102.68,101.325,101.884,19435
2022-07-20 13:00:00+00:00,101.9,103.582,100.968,103.412,35269
2022-07-20 17:00:00+00:00,103.417,103.489,101.788,102.646,16536
2022-07-20 21:00:00+00:00,102.73,102.73,102.208,102.422,2232
2022-07-21 01:00:00+00:00,102.416,102.53,101.596,101.632,9330
2022-07-21 05:00:00+00:00,101.626,102.321,99.018,99.5,19253
2022-07-21 09:00:00+00:00,99.504,99.51,97.232,98.842,25483
2022-07-21 13:00:00+00:00,98.843,100.186,97.964,99.852,41506
2022-07-21 17:00:00+00:00,99.857,100.096,98.739,99.206,17182
2022-07-21 21:00:00+00:00,99.064,99.238,98.732,99.094,2188
2022-07-22 01:00:00+00:00,99.089,100.606,98.836,99.866,10607
2022-07-22 05:00:00+00:00,99.855,100.598,98.243,99.178,17508
2022-07-22 09:00:00+00:00,99.174,99.389,96.78,97.974,19191
2022-07-22 13:00:00+00:00,97.984,100.208,97.572,99.033,36456
2022-07-22 17:00:00+00:00,99.032,99.08,97.021,97.638,17269
2022-07-24 21:00:00+00:00,97.3,98.132,97.044,97.424,3802
2022-07-25 01:00:00+00:00,97.413,97.495,95.84,96.221,12722
2022-07-25 05:00:00+00:00,96.216,96.976,95.3,96.904,16944
2022-07-25 09:00:00+00:00,96.909,99.145,96.751,98.55,16334
2022-07-25 13:00:00+00:00,98.53,99.2,97.259,98.5,31182
2022-07-25 17:00:00+00:00,98.495,99.263,98.27,98.773,13734
2022-07-25 21:00:00+00:00,98.621,98.693,98.161,98.329,2389
2022-07-26 01:00:00+00:00,98.334,100.857,98.334,100.219,12754
2022-07-26 05:00:00+00:00,100.209,101.023,100.152,100.906,12849
2022-07-26 09:00:00+00:00,100.896,101.326,100.104,100.672,13498
2022-07-26 13:00:00+00:00,100.666,100.872,97.023,98.059,35228
2022-07-26 17:00:00+00:00,98.054,98.278,96.999,97.707,13366
2022-07-26 21:00:00+00:00,97.939,97.97,97.608,97.878,2751
2022-07-27 01:00:00+00:00,97.873,98.072,97.02,97.496,9528
2022-07-27 05:00:00+00:00,97.491,98.849,97.326,98.121,14127
2022-07-27 09:00:00+00:00,98.116,98.49,97.115,98.23,13540
2022-07-27 13:00:00+00:00,98.24,100.025,96.44,99.331,32358
2022-07-27 17:00:00+00:00,99.336,100.762,99.029,100.283,17475
2022-07-27 21:00:00+00:00,100.31,100.461,99.752,99.803,2677
2022-07-28 01:00:00+00:00,99.793,101.132,99.783,100.443,11082
2022-07-28 05:00:00+00:00,100.448,101.356,100.3,101.104,13840
2022-07-28 09:00:00+00:00,101.099,101.998,100.768,100.773,15052
2022-07-28 13:00:00+00:00,100.762,101.324,98.326,99.195,36440
2022-07-28 17:00:00+00:00,99.19,99.411,98.113,99.396,16690
2022-07-28 21:00:00+00:00,99.372,99.716,99.307,99.505,2144
2022-07-29 01:00:00+00:00,99.494,99.84,98.545,98.73,8048
2022-07-29 05:00:00+00:00,98.725,100.633,98.438,100.513,14423
2022-07-29 09:00:00+00:00,100.508,101.081,99.985,100.907,14008
2022-07-29 13:00:00+00:00,100.912,103.993,100.805,101.5,34579
2022-07-29 17:00:00+00:00,101.495,101.556,99.994,100.302,15819
2022-07-31 21:00:00+00:00,100.384,100.44,99.43,99.619,3954
2022-08-01 01:00:00+00:00,99.63,99.904,98.925,99.172,9462
2022-08-01 05:00:00+00:00,99.157,100.226,97.901,98.257,15402
2022-08-01 09:00:00+00:00,98.242,99.219,96.556,97.174,15818
2022-08-01 13:00:00+00:00,97.184,97.194,94.109,95.567,42738
2022-08-01 17:00:00+00:00,95.562,96.075,94.876,95.752,17263
2022-08-01 21:00:00+00:00,95.504,95.821,94.998,95.326,3654
2022-08-02 01:00:00+00:00,95.322,95.474,94.246,94.712,10242
2022-08-02 05:00:00+00:00,94.707,96.034,94.294,95.228,17689
2022-08-02 09:00:00+00:00,95.233,96.359,94.252,95.734,17723
2022-08-02 13:00:00+00:00,95.754,97.562,94.792,97.393,39927
2022-08-02 17:00:00+00:00,97.398,98.08,95.259,95.432,16386
2022-08-02 21:00:00+00:00,95.49,95.632,95.04,95.327,2891
2022-08-03 01:00:00+00:00,95.332,96.345,95.332,95.583,9036
2022-08-03 05:00:00+00:00,95.568,96.15,94.596,94.858,14082
2022-08-03 09:00:00+00:00,94.868,98.16,94.619,97.802,18435
2022-08-03 13:00:00+00:00,97.802,97.879,92.316,93.007,41255
2022-08-03 17:00:00+00:00,93.002,93.334,91.878,92.409,15376
2022-08-03 21:00:00+00:00,92.482,92.834,92.374,92.701,2926
2022-08-04 01:00:00+00:00,92.686,92.912,91.888,92.398,8727
2022-08-04 05:00:00+00:00,92.393,92.738,91.582,92.243,14612
2022-08-04 09:00:00+00:00,92.233,93.336,91.674,92.296,16105
2022-08-04 13:00:00+00:00,92.291,92.428,88.932,89.277,39121
2022-08-04 17:00:00+00:00,89.272,90.243,89.057,89.133,15261
2022-08-04 21:00:00+00:00,89.424,89.842,89.139,89.755,2563
2022-08-05 01:00:00+00:00,89.765,90.417,89.597,90.412,8064
2022-08-05 05:00:00+00:00,90.407,90.752,89.923,90.13,12122
2022-08-05 09:00:00+00:00,90.125,90.51,88.991,89.194,17523
2022-08-05 13:00:00+00:00,89.199,92.09,88.31,90.927,36770
2022-08-05 17:00:00+00:00,90.937,90.977,89.382,89.814,15239
2022-08-07 21:00:00+00:00,89.556,89.764,88.974,89.492,3827
2022-08-08 01:00:00+00:00,89.487,90.798,89.188,90.314,9600
2022-08-08 05:00:00+00:00,90.32,91.285,89.269,89.477,13658
2022-08-08 09:00:00+00:00,89.467,89.82,88.31,88.912,15128
2022-08-08 13:00:00+00:00,88.902,91.721,88.518,90.838,33980
2022-08-08 17:00:00+00:00,90.818,91.972,90.787,91.574,13421
2022-08-08 21:00:00+00:00,91.764,91.768,91.331,91.485,2195
2022-08-09 01:00:00+00:00,91.49,91.864,91.173,91.624,6968
2022-08-09 05:00:00+00:00,91.629,92.095,90.075,90.493,14237
2022-08-09 09:00:00+00:00,90.498,93.207,90.266,93.07,16860
2022-08-09 13:00:00+00:00,93.075,93.681,90.424,90.928,36566
2022-08-09 17:00:00+00:00,90.918,91.976,90.812,91.527,14356
2022-08-09 21:00:00+00:00,91.549,91.688,91.11,91.175,2079
2022-08-10 01:00:00+00:00,91.17,91.673,91.023,91.173,7339
2022-08-10 05:00:00+00:00,91.168,91.418,90.265,90.998,13411
2022-08-10 09:00:00+00:00,91.003,91.981,89.681,91.516,18653
2022-08-10 13:00:00+00:00,91.511,92.645,88.581,92.599,41551
2022-08-10 17:00:00+00:00,92.604,93.378,92.352,92.475,15476
2022-08-10 21:00:00+00:00,92.507,92.573,92.187,92.492,2113
2022-08-11 01:00:00+00:00,92.487,92.873,92.414,92.474,7270
2022-08-11 05:00:00+00:00,92.469,93.431,92.147,93.233,13956
2022-08-11 09:00:00+00:00,93.228,94.427,93.228,94.215,14450
2022-08-11 13:00:00+00:00,94.255,95.813,93.079,95.337,31594
2022-08-11 17:00:00+00:00,95.342,95.949,94.659,94.87,14612
2022-08-11 21:00:00+00:00,94.927,95.076,94.7,94.765,2910
2022-08-12 01:00:00+00:00,94.76,95.002,94.464,94.616,7474
2022-08-12 05:00:00+00:00,94.606,95.408,94.563,94.824,12303
2022-08-12 09:00:00+00:00,94.824,95.654,93.245,93.51,16729
2022-08-12 13:00:00+00:00,93.505,94.301,91.967,93.083,35711
2022-08-12 17:00:00+00:00,93.088,93.523,92.289,92.636,12667
2022-08-14 21:00:00+00:00,92.632,92.718,92.148,92.487,2696
2022-08-15 01:00:00+00:00,92.482,92.618,91.726,91.794,7811
2022-08-15 05:00:00+00:00,91.789,91.986,90.499,90.599,11487
2022-08-15 09:00:00+00:00,90.589,90.589,87.376,87.688,20339
2022-08-15 13:00:00+00:00,87.703,89.995,87.485,89.814,29793
2022-08-15 17:00:00+00:00,89.824,90.136,88.337,88.363,13558
2022-08-15 21:00:00+00:00,88.515,89.132,88.495,89.029,3339
2022-08-16 01:00:00+00:00,89.029,89.515,88.655,89.429,8078
2022-08-16 05:00:00+00:00,89.439,89.717,88.308,89.104,14498
2022-08-16 09:00:00+00:00,89.104,91.125,88.768,89.956,15956
2022-08-16 13:00:00+00:00,89.946,90.787,87.154,87.481,35962
2022-08-16 17:00:00+00:00,87.486,87.675,86.176,87.634,16810
2022-08-16 21:00:00+00:00,87.662,87.702,87.106,87.265,2496
2022-08-17 01:00:00+00:00,87.255,87.816,86.967,87.806,7399
2022-08-17 05:00:00+00:00,87.811,88.124,86.288,87.281,15262
2022-08-17 09:00:00+00:00,87.286,87.925,86.48,87.294,16386
2022-08-17 13:00:00+00:00,87.299,89.554,86.572,87.839,34864
2022-08-17 17:00:00+00:00,87.834,88.679,87.575,87.671,15543
2022-08-17 21:00:00+00:00,87.823,88.119,87.698,87.874,1690
2022-08-18 01:00:00+00:00,87.879,88.665,87.869,88.515,5406
2022-08-18 05:00:00+00:00,88.51,89.632,87.895,89.571,13731
2022-08-18 09:00:00+00:00,89.566,90.212,89.082,89.518,14938
2022-08-18 13:00:00+00:00,89.508,90.887,89.363,90.352,23305
2022-08-18 17:00:00+00:00,90.357,91.788,90.312,90.746,12180
2022-08-18 21:00:00+00:00,90.826,91.182,90.756,91.015,1937
2022-08-19 01:00:00+00:00,91.015,91.161,90.377,90.441,5799
2022-08-19 05:00:00+00:00,90.436,90.544,89.364,89.591,11115
2022-08-19 09:00:00+00:00,89.596,90.094,88.666,89.662,12040
2022-08-19 13:00:00+00:00,89.652,92.427,89.521,91.791,24701
2022-08-19 17:00:00+00:00,91.786,91.856,90.199,90.371,10810
2022-08-21 21:00:00+00:00,90.012,90.222,89.846,90.034,3356
2022-08-22 01:00:00+00:00,90.039,90.372,89.794,89.915,7330
2022-08-22 05:00:00+00:00,89.905,90.03,89.01,89.679,15953
2022-08-22 09:00:00+00:00,89.684,91.712,89.528,90.31,17401
2022-08-22 13:00:00+00:00,90.315,90.971,86.929,90.795,41652
2022-08-22 17:00:00+00:00,90.805,91.417,89.696,91.254,13845
2022-08-22 21:00:00+00:00,91.148,91.886,91.138,91.528,2563
2022-08-23 01:00:00+00:00,91.523,91.999,91.195,91.7,8413
2022-08-23 05:00:00+00:00,91.71,92.638,91.27,92.381,14789
2022-08-23 09:00:00+00:00,92.376,92.853,91.713,92.528,13054
2022-08-23 13:00:00+00:00,92.523,94.883,92.105,94.534,32137
2022-08-23 17:00:00+00:00,94.529,94.729,94.167,94.429,11313
2022-08-23 21:00:00+00:00,94.362,94.428,94.088,94.269,2314
2022-08-24 01:00:00+00:00,94.264,94.455,94.005,94.089,7312
2022-08-24 05:00:00+00:00,94.094,95.913,94.017,95.61,15178
2022-08-24 09:00:00+00:00,95.605,95.756,94.227,94.227,15590
2022-08-24 13:00:00+00:00,94.252,95.809,93.439,94.459,40376
2022-08-24 17:00:00+00:00,94.469,96.036,94.419,96.016,12526
2022-08-24 21:00:00+00:00,96.005,96.294,95.801,96.168,2188
2022-08-25 01:00:00+00:00,96.173,96.327,95.872,95.998,6838
2022-08-25 05:00:00+00:00,96.003,96.263,95.441,95.878,13968
2022-08-25 09:00:00+00:00,95.883,96.172,95.076,95.688,14476
2022-08-25 13:00:00+00:00,95.693,96.372,94.246,95.065,29206
2022-08-25 17:00:00+00:00,95.07,95.331,92.899,93.616,16242
2022-08-25 21:00:00+00:00,93.706,93.872,93.433,93.587,2293
2022-08-26 01:00:00+00:00,93.582,94.226,93.487,93.895,6712
2022-08-26 05:00:00+00:00,93.89,94.557,93.333,93.962,13362
2022-08-26 09:00:00+00:00,93.967,94.624,92.146,92.564,15791
2022-08-26 13:00:00+00:00,92.554,93.621,91.672,93.119,41053
2022-08-26 17:00:00+00:00,93.109,93.862,92.66,93.578,14482
2022-08-28 21:00:00+00:00,93.578,94.029,93.327,93.984,2834
2022-08-29 01:00:00+00:00,93.984,94.868,93.652,94.725,10446
2022-08-29 05:00:00+00:00,94.719,94.933,93.589,93.695,15063
2022-08-29 09:00:00+00:00,93.675,95.169,93.599,94.661,16571
2022-08-29 13:00:00+00:00,94.666,96.971,94.294,96.729,31452
2022-08-29 17:00:00+00:00,96.734,97.904,96.729,97.484,15522
2022-08-29 21:00:00+00:00,97.483,97.563,97.18,97.249,3138
2022-08-30 01:00:00+00:00,97.239,97.394,97.015,97.134,9533
2022-08-30 05:00:00+00:00,97.139,98.187,97.097,97.316,16199
2022-08-30 09:00:00+00:00,97.321,97.401,94.296,95.316,22792
2022-08-30 13:00:00+00:00,95.311,95.537,91.03,92.06,46218
2022-08-30 17:00:00+00:00,92.055,92.861,91.476,92.815,17368
2022-08-30 21:00:00+00:00,92.814,93.146,92.35,92.645,2848
2022-08-31 01:00:00+00:00,92.64,93.139,92.288,92.998,8043
2022-08-31 05:00:00+00:00,92.993,93.214,90.311,90.567,17327
2022-08-31 09:00:00+00:00,90.562,90.562,88.731,89.869,24713
2022-08-31 13:00:00+00:00,89.905,92.063,89.798,91.439,43745
2022-08-31 17:00:00+00:00,91.434,91.599,89.163,89.279,18358
2022-08-31 21:00:00+00:00,89.303,89.779,89.208,89.386,3375
2022-09-01 01:00:00+00:00,89.381,90.083,89.381,89.442,9209
2022-09-01 05:00:00+00:00,89.437,89.588,87.564,87.966,19555
2022-09-01 09:00:00+00:00,87.956,89.049,87.593,88.812,21855
2022-09-01 13:00:00+00:00,88.817,88.956,86.804,87.215,42373
2022-09-01 17:00:00+00:00,87.21,87.546,86.395,86.769,19587
2022-09-01 21:00:00+00:00,86.864,88.163,86.768,87.992,3523
2022-09-02 01:00:00+00:00,87.982,88.903,87.886,88.752,9988
2022-09-02 05:00:00+00:00,88.741,89.763,88.253,89.682,15682
2022-09-02 09:00:00+00:00,89.677,90.06,88.273,89.688,18780
2022-09-02 13:00:00+00:00,89.698,89.985,87.64,87.66,35193
2022-09-02 17:00:00+00:00,87.681,88.318,87.017,87.592,18833
2022-09-04 21:00:00+00:00,87.802,88.809,87.481,88.397,4268
2022-09-05 01:00:00+00:00,88.407,89.177,88.327,89.066,8178
2022-09-05 05:00:00+00:00,89.056,89.615,88.794,89.464,15117
2022-09-05 09:00:00+00:00,89.464,90.455,89.278,90.138,16615
2022-09-05 13:00:00+00:00,90.133,90.733,88.975,89.501,18741
2022-09-05 17:00:00+00:00,89.517,89.617,88.924,89.204,2064
2022-09-05 21:00:00+00:00,89.341,89.542,88.687,89.469,3414
2022-09-06 01:00:00+00:00,89.479,89.66,88.745,88.968,8376
2022-09-06 05:00:00+00:00,88.973,89.804,88.097,88.272,15252
2022-09-06 09:00:00+00:00,88.267,88.272,86.504,87.27,18684
2022-09-06 13:00:00+00:00,87.25,88.333,86.61,87.171,37596
2022-09-06 17:00:00+00:00,87.166,87.611,86.583,87.252,16071
2022-09-06 21:00:00+00:00,87.236,87.261,86.561,86.687,3022
2022-09-07 01:00:00+00:00,86.682,86.732,85.484,85.635,9829
2022-09-07 05:00:00+00:00,85.619,87.036,85.383,86.695,18378
2022-09-07 09:00:00+00:00,86.69,88.059,86.089,86.254,20359
2022-09-07 13:00:00+00:00,86.254,86.43,82.559,82.749,39488
2022-09-07 17:00:00+00:00,82.744,83.251,81.793,81.913,19293
2022-09-07 21:00:00+00:00,82.203,82.878,82.012,82.823,2889
2022-09-08 01:00:00+00:00,82.812,83.237,82.741,82.899,8977
2022-09-08 05:00:00+00:00,82.909,83.119,81.642,82.58,16677
2022-09-08 09:00:00+00:00,82.575,83.199,81.451,82.892,18703
2022-09-08 13:00:00+00:00,82.902,84.199,82.379,83.782,36599
2022-09-08 17:00:00+00:00,83.792,84.504,82.71,82.981,16679
2022-09-08 21:00:00+00:00,83.085,83.694,83.009,83.649,2297
2022-09-09 01:00:00+00:00,83.644,84.373,83.533,84.333,8683
2022-09-09 05:00:00+00:00,84.333,85.322,83.719,85.292,16564
2022-09-09 09:00:00+00:00,85.297,86.161,84.915,86.126,15188
2022-09-09 13:00:00+00:00,86.161,87.436,85.538,87.29,28459
2022-09-09 17:00:00+00:00,87.285,87.43,86.324,86.359,10968
2022-09-11 21:00:00+00:00,86.4,86.881,85.801,85.861,2968
2022-09-12 01:00:00+00:00,85.866,85.896,85.344,85.542,4721
2022-09-12 05:00:00+00:00,85.552,87.743,85.441,87.613,14381
2022-09-12 09:00:00+00:00,87.623,88.656,87.375,88.381,13924
2022-09-12 13:00:00+00:00,88.396,89.291,87.667,87.906,27905
2022-09-12 17:00:00+00:00,87.901,88.451,87.544,88.213,14080
2022-09-12 21:00:00+00:00,88.242,88.321,87.839,88.059,2083
2022-09-13 01:00:00+00:00,88.049,88.247,86.816,87.805,9823
2022-09-13 05:00:00+00:00,87.81,89.114,87.639,88.983,14743
2022-09-13 09:00:00+00:00,88.973,89.462,87.021,87.587,18026
2022-09-13 13:00:00+00:00,87.617,88.688,85.775,85.985,40431
2022-09-13 17:00:00+00:00,85.955,88.123,85.229,87.78,18447
2022-09-13 21:00:00+00:00,87.964,87.987,87.496,87.566,2356
2022-09-14 01:00:00+00:00,87.571,87.795,86.721,87.041,8248
2022-09-14 05:00:00+00:00,87.051,87.739,86.328,87.418,18688
2022-09-14 09:00:00+00:00,87.428,88.168,86.554,87.72,22017
2022-09-14 13:00:00+00:00,87.73,90.326,87.565,89.93,40446
2022-09-14 17:00:00+00:00,89.935,89.99,88.17,89.11,18405
2022-09-14 21:00:00+00:00,89.069,89.278,88.906,88.966,1989
2022-09-15 01:00:00+00:00,88.976,89.076,88.274,88.607,7404
2022-09-15 05:00:00+00:00,88.602,89.215,87.687,88.868,14941
2022-09-15 09:00:00+00:00,88.873,88.983,86.752,86.927,17671
2022-09-15 13:00:00+00:00,86.952,87.352,84.652,85.782,34623
2022-09-15 17:00:00+00:00,85.802,86.007,84.854,85.207,15124
2022-09-15 21:00:00+00:00,85.192,85.274,84.499,84.863,2536
2022-09-16 01:00:00+00:00,84.858,85.644,84.848,85.446,5798
2022-09-16 05:00:00+00:00,85.451,86.044,84.372,84.976,13845
2022-09-16 09:00:00+00:00,84.981,86.31,84.741,85.163,14771
2022-09-16 13:00:00+00:00,85.168,86.688,84.863,85.223,34936
2022-09-16 17:00:00+00:00,85.218,85.786,84.836,85.477,10880
2022-09-18 21:00:00+00:00,85.297,86.295,85.266,86.21,2423
2022-09-19 01:00:00+00:00,86.205,86.34,85.519,85.544,5430
2022-09-19 05:00:00+00:00,85.534,85.604,83.551,83.968,10995
2022-09-19 09:00:00+00:00,83.973,84.109,82.181,82.774,12822
2022-09-19 13:00:00+00:00,82.779,85.793,82.196,85.486,28403
2022-09-19 17:00:00+00:00,85.496,85.892,85.264,85.469,9134
2022-09-19 21:00:00+00:00,85.493,86.216,85.458,85.733,2594
2022-09-20 01:00:00+00:00,85.728,86.033,85.371,85.725,6010
2022-09-20 05:00:00+00:00,85.73,86.568,85.518,86.15,15428
2022-09-20 09:00:00+00:00,86.16,86.414,85.299,86.127,18145
2022-09-20 13:00:00+00:00,86.133,86.288,83.443,84.472,36647
2022-09-20 17:00:00+00:00,84.467,84.858,83.718,84.736,14728
2022-09-20 21:00:00+00:00,84.705,84.705,84.05,84.145,3009
2022-09-21 01:00:00+00:00,84.14,84.772,83.909,84.535,7069
2022-09-21 05:00:00+00:00,84.545,87.106,84.389,85.703,20395
2022-09-21 09:00:00+00:00,85.698,86.878,85.178,85.646,17106
2022-09-21 13:00:00+00:00,85.641,86.309,83.006,84.116,34964
2022-09-21 17:00:00+00:00,84.121,84.642,82.914,83.45,28163
2022-09-21 21:00:00+00:00,83.469,83.544,82.835,83.01,3313
2022-09-22 01:00:00+00:00,83.02,83.974,82.824,83.551,9406
2022-09-22 05:00:00+00:00,83.546,84.905,83.157,84.433,18392
2022-09-22 09:00:00+00:00,84.443,85.189,83.482,84.621,21093
2022-09-22 13:00:00+00:00,84.631,86.405,83.474,84.016,40644
2022-09-22 17:00:00+00:00,84.021,84.307,83.372,83.908,15557
2022-09-22 21:00:00+00:00,84.023,84.187,83.681,84.102,2340
2022-09-23 01:00:00+00:00,84.107,84.318,83.205,83.331,7316
2022-09-23 05:00:00+00:00,83.326,83.928,81.897,82.213,15584
2022-09-23 09:00:00+00:00,82.208,82.434,80.735,81.131,21812
2022-09-23 13:00:00+00:00,81.126,81.161,78.436,79.25,38705
2022-09-23 17:00:00+00:00,79.26,79.805,78.676,79.75,17820
2022-09-25 21:00:00+00:00,79.682,80.313,79.218,79.238,5242
2022-09-26 01:00:00+00:00,79.233,79.489,78.563,78.589,12264
2022-09-26 05:00:00+00:00,78.594,79.184,77.543,78.938,22776
2022-09-26 09:00:00+00:00,78.928,79.463,77.806,79.332,24488
2022-09-26 13:00:00+00:00,79.342,80.637,77.287,77.698,41469
2022-09-26 17:00:00+00:00,77.688,77.703,76.571,76.571,19277
2022-09-26 21:00:00+00:00,76.787,77.453,76.731,77.423,3124
2022-09-27 01:00:00+00:00,77.438,77.648,77.181,77.576,8840
2022-09-27 05:00:00+00:00,77.571,78.699,77.571,78.282,18222
2022-09-27 09:00:00+00:00,78.272,78.537,77.624,78.174,19955
2022-09-27 13:00:00+00:00,78.159,79.82,77.62,78.182,41546
2022-09-27 17:00:00+00:00,78.177,79.421,78.051,78.265,14707
2022-09-27 21:00:00+00:00,78.415,79.046,78.35,78.514,3342
2022-09-28 01:00:00+00:00,78.509,78.689,77.233,77.889,10944
2022-09-28 05:00:00+00:00,77.894,78.74,76.849,78.384,23629
2022-09-28 09:00:00+00:00,78.379,80.349,78.253,80.254,31123
2022-09-28 13:00:00+00:00,80.264,82.244,79.395,81.767,39999
2022-09-28 17:00:00+00:00,81.762,82.635,81.611,82.197,13211
2022-09-28 21:00:00+00:00,82.206,82.256,81.828,82.009,2921
2022-09-29 01:00:00+00:00,82.014,82.691,81.977,82.137,8126
2022-09-29 05:00:00+00:00,82.132,82.147,80.63,81.351,20001
2022-09-29 09:00:00+00:00,81.372,83.117,81.341,82.96,24583
2022-09-29 13:00:00+00:00,82.965,83.244,81.328,83.143,42686
2022-09-29 17:00:00+00:00,83.138,83.204,81.065,81.907,17185
2022-09-29 21:00:00+00:00,81.981,82.066,81.438,81.714,2926
2022-09-30 01:00:00+00:00,81.709,81.984,81.069,81.104,8738
2022-09-30 05:00:00+00:00,81.094,82.833,81.039,82.597,19838
2022-09-30 09:00:00+00:00,82.602,82.722,80.272,81.31,25065
2022-09-30 13:00:00+00:00,81.32,81.499,79.418,80.254,41362
2022-09-30 17:00:00+00:00,80.249,80.36,79.672,79.991,13645
2022-10-02 21:00:00+00:00,81.614,82.4,81.448,81.853,5627
2022-10-03 01:00:00+00:00,81.868,82.403,81.627,81.82,6082
2022-10-03 05:00:00+00:00,81.83,83.563,81.629,83.418,17924
2022-10-03 09:00:00+00:00,83.413,84.113,82.76,83.5,18403
2022-10-03 13:00:00+00:00,83.495,84.809,82.435,83.187,33342
2022-10-03 17:00:00+00:00,83.197,84.014,83.092,83.561,13124
2022-10-03 21:00:00+00:00,83.565,84.16,83.485,84.145,2805
2022-10-04 01:00:00+00:00,84.15,84.23,83.838,84.068,5364
2022-10-04 05:00:00+00:00,84.073,84.653,83.87,84.431,13964
2022-10-04 09:00:00+00:00,84.441,85.642,83.97,85.582,15822
2022-10-04 13:00:00+00:00,85.572,87.205,85.316,86.613,27563
2022-10-04 17:00:00+00:00,86.607,87.033,86.275,86.63,14053
2022-10-04 21:00:00+00:00,86.705,86.909,86.329,86.562,2715
2022-10-05 01:00:00+00:00,86.557,86.733,86.155,86.435,5680
2022-10-05 05:00:00+00:00,86.45,87.02,86.022,86.217,13461
2022-10-05 09:00:00+00:00,86.222,87.589,86.076,86.876,17076
2022-10-05 13:00:00+00:00,86.871,88.654,85.647,88.322,39794
2022-10-05 17:00:00+00:00,88.317,88.452,87.816,88.28,12042
2022-10-05 21:00:00+00:00,88.279,88.603,88.107,88.473,2866
2022-10-06 01:00:00+00:00,88.478,88.483,88.06,88.159,5102
2022-10-06 05:00:00+00:00,88.164,88.874,87.627,87.941,13920
2022-10-06 09:00:00+00:00,87.946,88.392,87.263,87.984,16318
2022-10-06 13:00:00+00:00,87.979,88.995,87.508,88.463,29020
2022-10-06 17:00:00+00:00,88.453,89.268,88.312,89.137,10343
2022-10-06 21:00:00+00:00,89.517,89.517,88.678,88.778,2745
2022-10-07 01:00:00+00:00,88.783,88.894,88.46,88.46,4792
2022-10-07 05:00:00+00:00,88.455,89.184,88.208,89.034,14313
2022-10-07 09:00:00+00:00,89.044,90.195,88.906,89.538,16962
2022-10-07 13:00:00+00:00,89.533,93.058,89.327,92.582,31600
2022-10-07 17:00:00+00:00,92.587,93.511,92.261,93.441,14833
2022-10-09 21:00:00+00:00,93.409,93.409,92.24,92.395,5447
2022-10-10 01:00:00+00:00,92.39,92.46,91.812,92.022,9569
2022-10-10 05:00:00+00:00,92.017,92.807,91.869,91.899,16700
2022-10-10 09:00:00+00:00,91.904,92.728,91.797,92.678,15037
2022-10-10 13:00:00+00:00,92.683,93.794,91.849,92.69,29381
2022-10-10 17:00:00+00:00,92.7,92.74,90.704,90.979,16544
2022-10-10 21:00:00+00:00,91.149,91.299,90.657,90.897,3282
2022-10-11 01:00:00+00:00,90.892,91.503,90.679,90.779,9542
2022-10-11 05:00:00+00:00,90.784,91.214,88.703,88.728,20043
2022-10-11 09:00:00+00:00,88.738,90.499,88.608,90.068,20670
2022-10-11 13:00:00+00:00,90.073,90.218,88.49,89.574,37812
2022-10-11 17:00:00+00:00,89.594,89.949,88.056,88.726,18673
2022-10-11 21:00:00+00:00,88.7,89.124,88.585,89.034,3771
2022-10-12 01:00:00+00:00,89.029,89.189,88.397,88.946,10200
2022-10-12 05:00:00+00:00,88.951,89.986,88.735,89.444,20675
2022-10-12 09:00:00+00:00,89.454,90.198,88.44,88.645,18213
2022-10-12 13:00:00+00:00,88.65,88.956,86.4,87.181,37435
2022-10-12 17:00:00+00:00,87.176,87.761,86.933,87.219,16846
2022-10-12 21:00:00+00:00,87.283,87.417,87.113,87.346,1922
2022-10-13 01:00:00+00:00,87.356,87.666,87.145,87.339,6162
2022-10-13 05:00:00+00:00,87.334,88.138,87.002,88.027,14122
2022-10-13 09:00:00+00:00,88.022,88.127,85.672,86.042,22950
2022-10-13 13:00:00+00:00,86.037,89.565,85.827,89.204,47381
2022-10-13 17:00:00+00:00,89.199,89.769,89.083,89.321,14437
2022-10-13 21:00:00+00:00,89.321,89.361,88.879,89.053,2524
2022-10-14 01:00:00+00:00,89.058,89.583,88.723,89.281,8059
2022-10-14 05:00:00+00:00,89.276,89.826,88.488,88.563,17567
2022-10-14 09:00:00+00:00,88.568,88.853,87.119,87.92,22918
2022-10-14 13:00:00+00:00,87.91,88.24,85.721,86.25,44465
2022-10-14 17:00:00+00:00,86.255,86.27,85.294,85.672,15708
2022-10-16 21:00:00+00:00,85.668,86.527,85.603,86.281,3622
2022-10-17 01:00:00+00:00,86.291,86.531,85.925,86.314,7450
2022-10-17 05:00:00+00:00,86.304,86.957,85.236,85.736,15698
2022-10-17 09:00:00+00:00,85.756,86.464,84.674,86.194,16448
2022-10-17 13:00:00+00:00,86.204,87.169,85.502,86.532,33231
2022-10-17 17:00:00+00:00,86.537,86.607,85.05,85.689,12101
2022-10-17 21:00:00+00:00,85.878,86.088,85.606,85.691,2092
2022-10-18 01:00:00+00:00,85.686,86.344,85.225,86.254,7758
2022-10-18 05:00:00+00:00,86.259,86.542,85.031,85.056,14716
2022-10-18 09:00:00+00:00,85.061,85.94,84.601,85.329,16895
2022-10-18 13:00:00+00:00,85.299,85.459,82.117,83.072,27919
2022-10-18 17:00:00+00:00,83.088,84.283,82.516,83.624,15801
2022-10-18 21:00:00+00:00,83.613,84.034,83.208,83.888,3057
2022-10-19 01:00:00+00:00,83.893,84.103,83.524,83.652,6110
2022-10-19 05:00:00+00:00,83.662,83.817,82.473,82.962,14535
2022-10-19 09:00:00+00:00,82.967,84.392,82.841,84.114,18761
2022-10-19 13:00:00+00:00,84.109,84.595,82.941,84.584,29946
2022-10-19 17:00:00+00:00,84.59,85.784,84.11,85.509,13595
2022-10-19 21:00:00+00:00,85.609,85.659,85.249,85.531,2932
2022-10-20 01:00:00+00:00,85.525,86.531,85.323,86.495,8200
2022-10-20 05:00:00+00:00,86.5,87.022,86.055,86.275,18601
2022-10-20 09:00:00+00:00,86.285,87.251,86.175,86.382,16851
2022-10-20 13:00:00+00:00,86.347,87.894,84.982,85.662,30835
2022-10-20 17:00:00+00:00,85.657,86.267,84.899,85.749,12517
2022-10-20 21:00:00+00:00,85.753,85.824,85.131,85.281,3108
2022-10-21 01:00:00+00:00,85.286,85.919,85.169,85.767,8995
2022-10-21 05:00:00+00:00,85.762,85.787,83.862,84.195,16429
2022-10-21 09:00:00+00:00,84.205,85.856,84.064,85.311,18999
2022-10-21 13:00:00+00:00,85.331,86.621,84.542,85.836,42777
2022-10-21 17:00:00+00:00,85.841,86.013,85.306,85.843,9520
2022-10-23 21:00:00+00:00,85.827,86.299,85.762,86.087,6156
2022-10-24 01:00:00+00:00,86.082,86.51,85.161,85.277,8717
2022-10-24 05:00:00+00:00,85.262,85.317,83.288,83.938,18969
2022-10-24 09:00:00+00:00,83.943,84.989,83.602,84.025,18053
2022-10-24 13:00:00+00:00,84.035,86.532,83.687,85.402,36914
2022-10-24 17:00:00+00:00,85.407,85.549,84.902,85.539,8893
2022-10-24 21:00:00+00:00,85.473,85.738,85.289,85.505,2441
2022-10-25 01:00:00+00:00,85.5,85.649,85.09,85.521,8825
2022-10-25 05:00:00+00:00,85.516,85.631,84.405,84.561,13250
2022-10-25 09:00:00+00:00,84.566,85.187,83.683,84.864,14572
2022-10-25 13:00:00+00:00,84.874,86.661,84.436,85.933,24413
2022-10-25 17:00:00+00:00,85.943,86.083,85.467,85.567,8867
2022-10-25 21:00:00+00:00,85.677,85.727,85.07,85.16,2710
2022-10-26 01:00:00+00:00,85.155,85.678,84.999,85.524,6266
2022-10-26 05:00:00+00:00,85.519,86.412,84.777,86.357,13981
2022-10-26 09:00:00+00:00,86.362,87.214,86.149,87.033,13699
2022-10-26 13:00:00+00:00,87.038,89.028,86.433,88.781,26430
2022-10-26 17:00:00+00:00,88.776,88.949,88.257,88.898,9315
2022-10-26 21:00:00+00:00,88.877,88.912,88.552,88.628,2485
2022-10-27 01:00:00+00:00,88.623,89.105,88.475,88.704,6674
2022-10-27 05:00:00+00:00,88.699,88.895,87.946,88.57,14436
2022-10-27 09:00:00+00:00,88.575,89.86,88.277,89.804,18521
2022-10-27 13:00:00+00:00,89.814,90.406,89.124,89.921,28106
2022-10-27 17:00:00+00:00,89.926,90.162,89.027,89.177,11104
2022-10-27 21:00:00+00:00,89.252,89.35,89.033,89.153,3292
2022-10-28 01:00:00+00:00,89.148,89.234,88.456,88.737,7405
2022-10-28 05:00:00+00:00,88.732,89.257,88.171,88.577,13465
2022-10-28 09:00:00+00:00,88.582,89.204,88.174,88.769,16226
2022-10-28 13:00:00+00:00,88.774,89.302,87.66,88.101,28840
2022-10-28 17:00:00+00:00,88.111,88.958,87.879,88.948,9852
2022-10-30 21:00:00+00:00,89.162,89.167,88.616,88.631,2831
2022-10-31 01:00:00+00:00,88.626,88.792,87.508,87.898,7540
2022-10-31 05:00:00+00:00,87.893,88.036,87.266,87.874,10662
2022-10-31 09:00:00+00:00,87.879,88.06,86.382,87.131,14686
2022-10-31 13:00:00+00:00,87.141,88.337,86.328,86.745,34705
2022-10-31 17:00:00+00:00,86.74,87.121,85.799,86.726,14059
2022-10-31 21:00:00+00:00,86.926,86.926,86.406,86.602,1861
2022-11-01 01:00:00+00:00,86.597,87.777,86.576,87.553,7484
2022-11-01 05:00:00+00:00,87.558,88.737,87.548,88.143,13526
2022-11-01 09:00:00+00:00,88.158,89.607,87.604,89.426,14510
2022-11-01 13:00:00+00:00,89.396,89.934,88.0,89.115,37390
2022-11-01 17:00:00+00:00,89.12,89.315,88.665,89.076,9922
2022-11-01 21:00:00+00:00,89.181,89.379,88.993,89.379,2061
2022-11-02 01:00:00+00:00,89.389,90.241,89.299,90.034,5740
2022-11-02 05:00:00+00:00,90.029,90.229,88.914,89.105,10299
2022-11-02 09:00:00+00:00,89.11,89.396,88.229,88.93,14543
2022-11-02 13:00:00+00:00,88.925,90.832,88.236,90.565,28856
2022-11-02 17:00:00+00:00,90.58,90.739,89.397,89.812,22998
2022-11-02 21:00:00+00:00,89.872,89.962,89.257,89.502,2249
2022-11-03 01:00:00+00:00,89.497,90.118,89.411,89.93,5559
2022-11-03 05:00:00+00:00,89.925,90.125,88.876,89.137,12077
2022-11-03 09:00:00+00:00,89.142,89.617,88.634,88.983,16680
2022-11-03 13:00:00+00:00,88.978,89.492,88.052,89.144,31615
2022-11-03 17:00:00+00:00,89.139,89.365,88.312,88.402,9896
2022-11-03 21:00:00+00:00,88.346,88.565,88.268,88.458,1971
2022-11-04 01:00:00+00:00,88.463,89.882,88.458,89.866,6234
2022-11-04 05:00:00+00:00,89.861,91.016,89.861,90.687,16456
2022-11-04 09:00:00+00:00,90.702,92.461,90.575,92.416,21988
2022-11-04 13:00:00+00:00,92.411,93.032,91.147,92.658,35630
2022-11-04 17:00:00+00:00,92.673,93.284,92.19,93.011,13034
2022-11-06 22:00:00+00:00,91.429,92.034,90.831,91.968,6972
2022-11-07 02:00:00+00:00,91.958,92.196,91.51,91.909,6286
2022-11-07 06:00:00+00:00,91.904,92.749,91.32,92.538,16607
2022-11-07 10:00:00+00:00,92.543,93.079,91.937,92.423,15530
2022-11-07 14:00:00+00:00,92.428,94.117,92.418,92.951,27455
2022-11-07 18:00:00+00:00,92.941,93.021,91.966,92.244,9946
2022-11-07 22:00:00+00:00,92.253,92.523,92.16,92.225,3660
2022-11-08 02:00:00+00:00,92.22,92.225,91.559,91.624,4129
2022-11-08 06:00:00+00:00,91.619,92.134,91.068,91.204,13763
2022-11-08 10:00:00+00:00,91.194,91.943,90.73,91.36,15295
2022-11-08 14:00:00+00:00,91.355,92.103,90.484,90.9,26545
2022-11-08 18:00:00+00:00,90.905,90.905,88.858,89.009,16816
2022-11-08 22:00:00+00:00,88.797,89.519,88.737,89.206,4966
2022-11-09 02:00:00+00:00,89.201,89.236,88.59,88.881,7169
2022-11-09 06:00:00+00:00,88.886,89.261,88.472,88.536,15527
2022-11-09 10:00:00+00:00,88.531,88.823,87.434,88.607,19417
2022-11-09 14:00:00+00:00,88.597,88.722,86.612,87.113,34830
2022-11-09 18:00:00+00:00,87.118,87.163,85.786,85.94,14047
2022-11-09 22:00:00+00:00,86.155,86.185,85.667,85.952,4198
2022-11-10 02:00:00+00:00,85.957,86.14,85.786,85.908,4804
2022-11-10 06:00:00+00:00,85.913,86.255,85.453,85.974,13191
2022-11-10 10:00:00+00:00,85.969,87.606,85.0,87.004,22488
2022-11-10 14:00:00+00:00,87.009,87.593,85.207,86.759,36075
2022-11-10 18:00:00+00:00,86.764,87.44,86.405,86.48,12500
2022-11-10 22:00:00+00:00,86.469,87.184,86.469,86.802,3871
2022-11-11 02:00:00+00:00,86.792,88.639,86.762,88.508,6642
2022-11-11 06:00:00+00:00,88.503,89.403,88.433,89.146,18469
2022-11-11 10:00:00+00:00,89.141,89.838,89.023,89.193,15600
2022-11-11 14:00:00+00:00,89.173,90.365,88.286,88.517,30905
2022-11-11 18:00:00+00:00,88.512,89.477,88.215,89.13,12604
2022-11-13 22:00:00+00:00,89.168,90.048,88.952,89.4,5285
2022-11-14 02:00:00+00:00,89.41,89.685,88.399,88.399,6742
2022-11-14 06:00:00+00:00,88.404,89.77,88.354,88.421,15032
2022-11-14 10:00:00+00:00,88.415,88.595,87.732,88.061,15140
2022-11-14 14:00:00+00:00,88.051,89.192,85.843,86.148,31811
2022-11-14 18:00:00+00:00,86.153,86.468,85.333,85.398,12755
2022-11-14 22:00:00+00:00,85.502,85.765,85.274,85.584,4454
2022-11-15 02:00:00+00:00,85.579,85.989,85.27,85.365,5362
2022-11-15 06:00:00+00:00,85.35,85.955,84.23,84.886,18143
2022-11-15 10:00:00+00:00,84.896,85.799,84.645,85.057,21546
2022-11-15 14:00:00+00:00,85.047,87.253,84.596,87.223,37659
2022-11-15 18:00:00+00:00,87.218,88.83,86.545,86.963,26834
2022-11-15 22:00:00+00:00,87.048,87.638,86.84,86.91,5016
2022-11-16 02:00:00+00:00,86.91,86.91,86.276,86.4,6430
2022-11-16 06:00:00+00:00,86.395,87.654,85.988,87.243,16644
2022-11-16 10:00:00+00:00,87.248,87.618,85.506,85.741,18454
2022-11-16 14:00:00+00:00,85.746,85.796,84.341,85.407,33252
2022-11-16 18:00:00+00:00,85.412,85.942,85.222,85.431,10168
2022-11-16 22:00:00+00:00,85.43,85.516,84.753,84.758,2882
2022-11-17 02:00:00+00:00,84.753,84.853,84.442,84.528,4078
2022-11-17 06:00:00+00:00,84.533,85.554,84.517,85.21,14342
2022-11-17 10:00:00+00:00,85.205,85.492,83.846,83.962,18487
2022-11-17 14:00:00+00:00,83.952,84.969,81.842,82.426,29391
2022-11-17 18:00:00+00:00,82.431,82.95,81.866,82.494,14039
2022-11-17 22:00:00+00:00,82.579,82.859,82.387,82.551,3178
2022-11-18 02:00:00+00:00,82.556,83.083,82.556,82.82,4870
2022-11-18 06:00:00+00:00,82.825,82.86,82.042,82.449,14107
2022-11-18 10:00:00+00:00,82.439,82.59,79.478,79.503,16444
2022-11-18 14:00:00+00:00,79.498,80.308,78.203,79.661,34323
2022-11-18 18:00:00+00:00,79.681,80.954,79.51,80.893,11380
2022-11-20 22:00:00+00:00,80.775,81.016,79.77,80.062,4846
2022-11-21 02:00:00+00:00,80.057,80.341,79.698,80.296,5519
2022-11-21 06:00:00+00:00,80.301,80.778,79.85,80.162,15402
2022-11-21 10:00:00+00:00,80.157,80.704,79.918,79.947,16693
2022-11-21 14:00:00+00:00,79.927,80.393,75.817,80.332,45109
2022-11-21 18:00:00+00:00,80.337,81.067,80.181,80.818,15205
2022-11-21 22:00:00+00:00,80.892,81.041,80.593,80.895,3706
2022-11-22 02:00:00+00:00,80.9,81.009,80.514,80.595,3976
2022-11-22 06:00:00+00:00,80.615,81.721,80.403,81.151,14870
2022-11-22 10:00:00+00:00,81.166,82.316,80.516,81.943,15726
2022-11-22 14:00:00+00:00,81.928,82.927,81.198,82.398,26329
2022-11-22 18:00:00+00:00,82.393,82.695,81.33,81.67,10570
2022-11-22 22:00:00+00:00,81.659,82.035,81.609,81.823,2577
2022-11-23 02:00:00+00:00,81.818,81.833,81.241,81.387,3868
2022-11-23 06:00:00+00:00,81.392,82.507,81.327,82.114,11309
2022-11-23 10:00:00+00:00,82.119,82.149,78.21,78.633,26481
2022-11-23 14:00:00+00:00,78.623,79.483,77.348,78.071,35728
2022-11-23 18:00:00+00:00,78.066,78.543,77.812,77.942,13438
2022-11-23 22:00:00+00:00,78.007,78.397,77.85,78.256,3274
2022-11-24 02:00:00+00:00,78.261,78.517,77.992,78.062,4378
2022-11-24 06:00:00+00:00,78.057,78.447,77.789,78.22,11212
2022-11-24 10:00:00+00:00,78.215,78.632,77.392,77.427,12558
2022-11-24 14:00:00+00:00,77.422,78.702,77.412,78.687,13616
2022-11-24 18:00:00+00:00,78.692,78.707,78.435,78.47,1075
2022-11-24 22:00:00+00:00,78.487,78.924,78.21,78.701,2811
2022-11-25 02:00:00+00:00,78.691,79.121,78.6,78.975,3392
2022-11-25 06:00:00+00:00,78.98,80.119,78.698,80.059,9547
2022-11-25 10:00:00+00:00,80.064,80.395,79.216,79.266,12923
2022-11-25 14:00:00+00:00,79.276,79.296,77.06,77.291,23500
2022-11-25 18:00:00+00:00,77.286,77.301,76.697,77.019,2406
2022-11-27 22:00:00+00:00,76.875,76.91,74.298,74.756,7536
2022-11-28 02:00:00+00:00,74.761,74.967,74.263,74.401,8109
2022-11-28 06:00:00+00:00,74.411,74.883,74.018,74.388,18331
2022-11-28 10:00:00+00:00,74.378,75.024,74.015,74.833,18092
2022-11-28 14:00:00+00:00,74.848,78.264,74.355,77.655,35263
2022-11-28 18:00:00+00:00,77.66,77.966,76.893,76.964,12347
2022-11-28 22:00:00+00:00,77.064,77.826,76.711,77.805,4870
2022-11-29 02:00:00+00:00,77.8,80.015,77.589,78.934,9252
2022-11-29 06:00:00+00:00,78.939,79.696,78.661,79.257,16602
2022-11-29 10:00:00+00:00,79.267,79.879,78.782,79.169,17938
2022-11-29 14:00:00+00:00,79.174,79.992,77.493,78.538,37075
2022-11-29 18:00:00+00:00,78.543,79.562,78.34,79.314,15370
2022-11-29 22:00:00+00:00,79.368,79.568,78.946,79.095,3766
2022-11-30 02:00:00+00:00,79.089,79.565,78.845,78.85,5086
2022-11-30 06:00:00+00:00,78.855,80.486,78.809,80.32,14982
2022-11-30 10:00:00+00:00,80.315,81.493,79.963,81.297,18262
2022-11-30 14:00:00+00:00,81.287,81.789,80.386,80.872,29765
2022-11-30 18:00:00+00:00,80.867,81.151,80.524,80.899,14435
2022-11-30 22:00:00+00:00,80.898,81.343,80.619,80.679,4234
2022-12-01 02:00:00+00:00,80.664,81.164,80.654,80.872,5680
2022-12-01 06:00:00+00:00,80.882,81.623,80.329,80.769,15793
2022-12-01 10:00:00+00:00,80.764,82.786,80.754,82.549,16712
2022-12-01 14:00:00+00:00,82.554,83.734,81.999,82.501,30987
2022-12-01 18:00:00+00:00,82.496,82.566,81.4,81.805,15282
2022-12-01 22:00:00+00:00,81.844,81.904,81.28,81.766,3752
2022-12-02 02:00:00+00:00,81.771,82.007,81.452,81.663,5276
2022-12-02 06:00:00+00:00,81.678,81.973,80.767,81.78,14497
2022-12-02 10:00:00+00:00,81.79,82.586,81.196,81.546,19799
2022-12-02 14:00:00+00:00,81.551,82.565,80.594,80.769,33919
2022-12-02 18:00:00+00:00,80.775,80.865,80.03,80.681,12901
2022-12-04 22:00:00+00:00,80.428,82.159,80.192,81.751,6384
2022-12-05 02:00:00+00:00,81.756,81.841,80.759,80.97,6641
2022-12-05 06:00:00+00:00,80.975,81.87,80.345,81.8,15597
2022-12-05 10:00:00+00:00,81.785,83.037,81.684,82.786,15822
2022-12-05 14:00:00+00:00,82.791,82.86,78.255,78.37,34647
2022-12-05 18:00:00+00:00,78.38,78.431,77.069,77.65,15733
2022-12-05 22:00:00+00:00,77.634,78.094,77.557,77.807,4308
2022-12-06 02:00:00+00:00,77.802,78.173,77.353,77.629,6015
2022-12-06 06:00:00+00:00,77.619,78.059,76.939,77.259,16033
2022-12-06 10:00:00+00:00,77.254,77.259,75.847,76.132,18971
2022-12-06 14:00:00+00:00,76.127,77.206,74.283,74.438,35398
2022-12-06 18:00:00+00:00,74.433,74.758,73.695,74.726,15039
2022-12-06 22:00:00+00:00,74.826,75.026,74.302,74.643,4425
2022-12-07 02:00:00+00:00,74.638,74.862,74.201,74.671,6377
2022-12-07 06:00:00+00:00,74.686,74.75,73.012,73.223,18216
2022-12-07 10:00:00+00:00,73.218,75.639,73.037,75.177,23503
2022-12-07 14:00:00+00:00,75.182,75.357,72.55,72.67,41969
2022-12-07 18:00:00+00:00,72.66,73.247,72.002,72.652,15589
2022-12-07 22:00:00+00:00,72.622,73.021,72.53,72.825,4342
2022-12-08 02:00:00+00:00,72.84,73.1,72.77,72.923,4903
2022-12-08 06:00:00+00:00,72.913,73.504,72.494,73.101,16220
2022-12-08 10:00:00+00:00,73.106,75.661,72.553,74.909,22508
2022-12-08 14:00:00+00:00,74.924,75.099,71.351,72.172,42974
2022-12-08 18:00:00+00:00,72.177,72.438,71.529,72.039,14302
2022-12-08 22:00:00+00:00,72.098,72.603,72.093,72.453,3953
2022-12-09 02:00:00+00:00,72.463,72.497,72.091,72.149,5228
2022-12-09 06:00:00+00:00,72.144,72.698,71.545,72.608,14165
2022-12-09 10:00:00+00:00,72.613,73.132,71.939,72.81,20290
2022-12-09 14:00:00+00:00,72.805,73.005,71.063,71.158,36583
2022-12-09 18:00:00+00:00,71.153,71.894,70.309,71.777,15776
2022-12-11 22:00:00+00:00,71.994,72.495,71.501,71.681,5665
2022-12-12 02:00:00+00:00,71.676,72.005,71.4,71.814,5674
2022-12-12 06:00:00+00:00,71.809,71.989,70.493,70.583,14406
2022-12-12 10:00:00+00:00,70.573,71.969,70.418,71.503,16234
2022-12-12 14:00:00+00:00,71.498,74.153,71.152,73.655,34530
2022-12-12 18:00:00+00:00,73.66,73.735,73.083,73.477,14089
2022-12-12 22:00:00+00:00,73.511,74.036,73.475,73.975,3501
2022-12-13 02:00:00+00:00,73.97,74.479,73.93,74.348,5669
2022-12-13 06:00:00+00:00,74.343,74.708,73.865,74.05,14312
2022-12-13 10:00:00+00:00,74.06,75.009,73.367,74.789,23199
2022-12-13 14:00:00+00:00,74.794,76.52,74.402,75.561,38912
2022-12-13 18:00:00+00:00,75.541,76.207,75.31,75.415,11794
2022-12-13 22:00:00+00:00,75.44,75.52,75.123,75.264,3412
2022-12-14 02:00:00+00:00,75.269,75.569,75.123,75.278,3986
2022-12-14 06:00:00+00:00,75.268,75.808,75.228,75.763,11732
2022-12-14 10:00:00+00:00,75.768,76.68,75.738,76.289,12463
2022-12-14 14:00:00+00:00,76.294,77.926,75.903,77.756,23226
2022-12-14 18:00:00+00:00,77.761,77.931,77.15,77.59,17122
2022-12-14 22:00:00+00:00,77.545,77.56,76.757,76.772,3283
2022-12-15 02:00:00+00:00,76.777,76.972,76.667,76.907,4241
2022-12-15 06:00:00+00:00,76.912,77.302,76.566,77.292,11014
2022-12-15 10:00:00+00:00,77.297,77.988,76.785,76.926,12293
2022-12-15 14:00:00+00:00,76.926,77.517,75.587,77.115,27357
2022-12-15 18:00:00+00:00,77.12,77.316,76.173,76.548,10639
2022-12-15 22:00:00+00:00,76.543,76.658,76.232,76.357,3292
2022-12-16 02:00:00+00:00,76.352,76.743,75.84,76.131,5324
2022-12-16 06:00:00+00:00,76.136,76.341,74.372,74.417,14326
2022-12-16 10:00:00+00:00,74.422,75.022,74.055,74.13,17491
2022-12-16 14:00:00+00:00,74.161,75.909,73.564,74.38,37034
2022-12-16 18:00:00+00:00,74.385,75.037,74.345,74.81,11062
2022-12-18 22:00:00+00:00,74.616,76.074,74.511,75.808,4277
2022-12-19 02:00:00+00:00,75.798,75.938,75.076,75.136,4259
2022-12-19 06:00:00+00:00,75.141,75.571,74.169,75.155,12542
2022-12-19 10:00:00+00:00,75.145,75.786,74.809,75.405,13236
2022-12-19 14:00:00+00:00,75.41,76.762,74.503,75.99,28512
2022-12-19 18:00:00+00:00,75.995,76.196,75.464,75.98,9483
2022-12-19 22:00:00+00:00,75.909,76.615,75.854,76.575,3490
2022-12-20 02:00:00+00:00,76.57,76.595,75.437,75.763,9833
2022-12-20 06:00:00+00:00,75.758,76.468,74.821,76.403,17606
2022-12-20 10:00:00+00:00,76.408,76.659,75.712,76.383,16427
2022-12-20 14:00:00+00:00,76.403,76.518,74.599,75.936,34746
2022-12-20 18:00:00+00:00,75.931,77.073,75.886,76.161,12291
2022-12-20 22:00:00+00:00,76.13,76.656,76.125,76.606,3352
2022-12-21 02:00:00+00:00,76.601,76.641,76.154,76.53,4243
2022-12-21 06:00:00+00:00,76.52,77.19,75.938,77.045,12694
2022-12-21 10:00:00+00:00,77.04,78.302,77.0,78.011,15227
2022-12-21 14:00:00+00:00,78.006,78.557,77.695,78.391,23239
2022-12-21 18:00:00+00:00,78.411,78.741,78.211,78.555,8300
2022-12-21 22:00:00+00:00,78.575,78.961,78.48,78.82,3248
2022-12-22 02:00:00+00:00,78.825,79.0,78.695,78.744,3451
2022-12-22 06:00:00+00:00,78.749,79.78,78.438,79.715,10409
2022-12-22 10:00:00+00:00,79.71,80.015,78.628,79.003,13938
2022-12-22 14:00:00+00:00,79.008,79.704,77.224,77.295,27074
2022-12-22 18:00:00+00:00,77.29,78.406,77.159,78.356,12538
2022-12-22 22:00:00+00:00,78.35,78.646,78.175,78.585,3033
2022-12-23 02:00:00+00:00,78.59,78.895,78.184,78.424,6160
2022-12-23 06:00:00+00:00,78.429,79.285,78.124,79.18,9871
2022-12-23 10:00:00+00:00,79.185,79.84,78.713,79.58,18692
2022-12-23 14:00:00+00:00,79.57,80.451,79.504,80.025,23907
2022-12-23 18:00:00+00:00,80.03,80.09,79.273,79.473,9043
2022-12-26 22:00:00+00:00,80.125,81.171,80.12,80.585,4593
2022-12-27 02:00:00+00:00,80.59,80.65,79.954,80.374,4326
2022-12-27 06:00:00+00:00,80.379,80.434,79.442,80.138,10133
2022-12-27 10:00:00+00:00,80.148,80.603,79.832,79.932,11391
2022-12-27 14:00:00+00:00,79.937,81.293,79.566,80.962,21612
2022-12-27 18:00:00+00:00,80.952,81.003,79.265,79.965,10997
2022-12-27 22:00:00+00:00,79.95,79.985,79.594,79.734,3229
2022-12-28 02:00:00+00:00,79.739,79.894,79.458,79.508,4256
2022-12-28 06:00:00+00:00,79.513,79.513,78.511,79.262,11622
2022-12-28 10:00:00+00:00,79.257,79.572,78.821,78.966,11680
2022-12-28 14:00:00+00:00,78.981,79.802,77.413,78.439,30110
2022-12-28 18:00:00+00:00,78.444,79.205,78.114,78.974,10062
2022-12-28 22:00:00+00:00,78.909,78.919,78.428,78.548,2610
2022-12-29 02:00:00+00:00,78.543,78.928,78.437,78.492,3743
2022-12-29 06:00:00+00:00,78.497,78.617,76.905,77.58,10724
2022-12-29 10:00:00+00:00,77.575,78.561,77.31,78.426,12394
2022-12-29 14:00:00+00:00,78.431,78.581,77.154,77.759,25584
2022-12-29 18:00:00+00:00,77.749,78.865,77.749,78.82,9388
2022-12-29 22:00:00+00:00,78.83,78.989,78.484,78.939,2326
2022-12-30 02:00:00+00:00,78.944,79.013,78.178,79.003,4809
2022-12-30 06:00:00+00:00,79.008,79.168,77.826,78.056,9739
2022-12-30 10:00:00+00:00,78.051,78.692,77.916,78.351,11872
2022-12-30 14:00:00+00:00,78.346,79.592,77.825,79.307,18761
2022-12-30 18:00:00+00:00,79.312,80.673,78.896,80.582,10012
2023-01-02 22:00:00+00:00,80.518,80.693,79.462,79.682,5773
2023-01-03 02:00:00+00:00,79.677,80.532,79.406,80.497,5764
2023-01-03 06:00:00+00:00,80.482,81.572,80.356,80.511,14872
2023-01-03 10:00:00+00:00,80.516,80.551,78.864,79.559,17363
2023-01-03 14:00:00+00:00,79.549,79.849,77.362,78.032,34052
2023-01-03 18:00:00+00:00,78.042,78.172,76.695,77.306,15530
2023-01-03 22:00:00+00:00,77.215,77.485,76.669,76.859,3921
2023-01-04 02:00:00+00:00,76.854,77.16,76.323,76.473,4487
2023-01-04 06:00:00+00:00,76.468,76.748,75.242,75.507,14390
2023-01-04 10:00:00+00:00,75.512,75.557,74.325,75.126,17076
2023-01-04 14:00:00+00:00,75.116,75.246,72.963,73.633,30408
2023-01-04 18:00:00+00:00,73.628,73.899,72.807,73.277,14323
2023-01-04 22:00:00+00:00,73.247,73.862,73.232,73.817,3283
2023-01-05 02:00:00+00:00,73.812,73.997,73.651,73.992,4944
2023-01-05 06:00:00+00:00,73.997,74.982,73.326,74.782,14812
2023-01-05 10:00:00+00:00,74.787,74.912,73.44,73.49,14447
2023-01-05 14:00:00+00:00,73.48,74.665,72.519,73.939,32350
2023-01-05 18:00:00+00:00,73.934,74.97,73.639,73.994,11059
2023-01-05 22:00:00+00:00,74.029,74.554,73.858,74.454,2544
2023-01-06 02:00:00+00:00,74.449,74.804,74.168,74.233,4709
2023-01-06 06:00:00+00:00,74.238,74.508,73.381,74.282,11691
2023-01-06 10:00:00+00:00,74.287,75.172,73.311,74.907,16346
2023-01-06 14:00:00+00:00,74.912,75.527,73.946,74.461,30558
2023-01-06 18:00:00+00:00,74.456,74.596,73.31,73.739,12574
2023-01-08 22:00:00+00:00,73.811,74.521,73.726,74.441,4750
2023-01-09 02:00:00+00:00,74.436,74.94,74.406,74.89,5054
2023-01-09 06:00:00+00:00,74.885,76.496,74.785,76.476,13787
2023-01-09 10:00:00+00:00,76.481,76.635,75.945,75.98,13569
2023-01-09 14:00:00+00:00,75.97,76.78,74.668,74.938,28809
2023-01-09 18:00:00+00:00,74.973,75.343,74.383,74.922,10904
2023-01-09 22:00:00+00:00,74.912,74.947,74.472,74.596,3014
2023-01-10 02:00:00+00:00,74.601,74.702,74.201,74.346,4928
2023-01-10 06:00:00+00:00,74.341,75.07,73.89,74.9,14367
2023-01-10 10:00:00+00:00,74.89,75.33,74.7,75.09,13710
2023-01-10 14:00:00+00:00,75.115,75.92,74.059,75.444,30557
2023-01-10 18:00:00+00:00,75.434,75.969,74.458,74.723,10363
2023-01-10 22:00:00+00:00,74.778,74.833,74.458,74.617,3290
2023-01-11 02:00:00+00:00,74.607,74.687,74.346,74.476,4710
2023-01-11 06:00:00+00:00,74.471,75.736,74.416,75.361,11946
2023-01-11 10:00:00+00:00,75.371,76.906,75.211,76.801,13873
2023-01-11 14:00:00+00:00,76.816,77.856,75.76,77.441,30665
2023-01-11 18:00:00+00:00,77.436,77.771,77.12,77.745,10115
2023-01-11 22:00:00+00:00,77.73,77.98,77.525,77.72,3608
2023-01-12 02:00:00+00:00,77.715,77.744,77.359,77.524,4488
2023-01-12 06:00:00+00:00,77.529,78.313,77.143,78.283,12451
2023-01-12 10:00:00+00:00,78.278,79.173,77.902,79.108,17099
2023-01-12 14:00:00+00:00,79.103,79.192,78.007,78.832,31833
2023-01-12 18:00:00+00:00,78.827,79.042,78.131,78.301,11262
2023-01-12 22:00:00+00:00,78.371,78.501,78.2,78.21,3613
2023-01-13 02:00:00+00:00,78.215,78.34,78.01,78.23,4683
2023-01-13 06:00:00+00:00,78.235,78.859,78.089,78.779,12049
2023-01-13 10:00:00+00:00,78.774,79.319,78.368,78.848,13789
2023-01-13 14:00:00+00:00,78.853,79.733,78.658,79.618,24879
2023-01-13 18:00:00+00:00,79.613,80.137,79.378,80.082,8980
2023-01-15 22:00:00+00:00,80.153,80.218,79.457,79.697,4070
2023-01-16 02:00:00+00:00,79.702,79.777,79.246,79.251,4440
2023-01-16 06:00:00+00:00,79.256,79.746,78.806,79.556,10390
2023-01-16 10:00:00+00:00,79.561,79.791,79.15,79.155,8643
2023-01-16 14:00:00+00:00,79.14,79.27,78.554,79.054,11794
2023-01-16 18:00:00+00:00,79.059,79.114,78.844,78.884,1119
2023-01-16 22:00:00+00:00,78.893,79.143,78.703,78.957,3285
2023-01-17 02:00:00+00:00,78.952,79.442,78.832,79.347,5033
2023-01-17 06:00:00+00:00,79.352,79.851,78.926,79.501,11721
2023-01-17 10:00:00+00:00,79.496,80.546,79.496,80.435,12113
2023-01-17 14:00:00+00:00,80.44,81.25,79.432,79.751,24451
2023-01-17 18:00:00+00:00,79.746,81.202,79.273,81.053,10162
2023-01-17 22:00:00+00:00,81.009,81.024,80.57,80.845,2399
2023-01-18 02:00:00+00:00,80.835,81.365,80.671,81.35,5284
2023-01-18 06:00:00+00:00,81.355,81.864,80.603,81.58,11182
2023-01-18 10:00:00+00:00,81.585,81.915,81.297,81.297,11175
2023-01-18 14:00:00+00:00,81.307,82.399,79.893,80.162,22438
2023-01-18 18:00:00+00:00,80.172,80.382,78.987,79.181,12251
2023-01-18 22:00:00+00:00,79.162,79.232,78.415,78.505,3807
2023-01-19 02:00:00+00:00,78.51,78.789,78.221,78.431,4964
2023-01-19 06:00:00+00:00,78.436,78.965,78.361,78.612,11033
2023-01-19 10:00:00+00:00,78.617,79.61,78.567,79.415,11277
2023-01-19 14:00:00+00:00,79.43,81.241,79.42,80.643,27074
2023-01-19 18:00:00+00:00,80.633,80.783,80.14,80.594,10692
2023-01-19 22:00:00+00:00,80.639,81.049,80.57,80.974,3461
2023-01-20 02:00:00+00:00,80.979,80.984,80.442,80.657,5947
2023-01-20 06:00:00+00:00,80.662,81.29,80.592,80.757,9729
2023-01-20 10:00:00+00:00,80.752,81.117,80.399,80.913,10927
2023-01-20 14:00:00+00:00,80.938,81.617,79.677,81.403,22030
2023-01-20 18:00:00+00:00,81.418,81.668,81.134,81.479,7984
2023-01-22 22:00:00+00:00,81.579,81.659,80.916,81.066,2660
2023-01-23 02:00:00+00:00,81.061,81.526,80.927,81.401,2306
2023-01-23 06:00:00+00:00,81.396,81.886,80.839,81.617,9416
2023-01-23 10:00:00+00:00,81.607,82.331,81.562,82.222,8894
2023-01-23 14:00:00+00:00,82.217,82.412,81.365,81.909,22533
2023-01-23 18:00:00+00:00,81.904,82.158,81.181,81.401,8698
2023-01-23 22:00:00+00:00,81.417,81.622,81.337,81.582,1267
2023-01-24 02:00:00+00:00,81.587,81.662,81.314,81.334,1653
2023-01-24 06:00:00+00:00,81.329,81.684,80.552,80.871,10039
2023-01-24 10:00:00+00:00,80.876,82.009,80.851,81.611,9975
2023-01-24 14:00:00+00:00,81.606,81.696,79.886,80.335,24711
2023-01-24 18:00:00+00:00,80.325,80.325,79.463,80.052,9447
2023-01-24 22:00:00+00:00,80.042,80.353,79.873,80.313,2541
2023-01-25 02:00:00+00:00,80.318,80.452,80.004,80.259,2609
2023-01-25 06:00:00+00:00,80.254,80.43,79.377,79.786,9804
2023-01-25 10:00:00+00:00,79.796,80.276,79.577,79.947,10212
2023-01-25 14:00:00+00:00,79.942,81.025,79.254,79.714,24395
2023-01-25 18:00:00+00:00,79.709,80.463,79.589,80.224,8368
2023-01-25 22:00:00+00:00,80.229,80.419,80.15,80.295,1454
2023-01-26 02:00:00+00:00,80.3,80.425,80.002,80.162,2213
2023-01-26 06:00:00+00:00,80.157,80.641,79.733,80.422,9429
2023-01-26 10:00:00+00:00,80.427,81.586,80.368,81.536,10610
2023-01-26 14:00:00+00:00,81.551,81.94,80.045,81.288,22757
2023-01-26 18:00:00+00:00,81.302,81.392,80.584,80.92,8675
2023-01-26 22:00:00+00:00,81.02,81.105,80.885,81.026,1428
2023-01-27 02:00:00+00:00,81.031,81.296,81.001,81.216,1497
2023-01-27 06:00:00+00:00,81.221,82.006,80.942,81.936,7998
2023-01-27 10:00:00+00:00,81.931,82.231,81.736,81.967,8306
2023-01-27 14:00:00+00:00,81.962,82.286,78.9,79.459,26969
2023-01-27 18:00:00+00:00,79.444,79.639,78.866,79.231,9969
2023-01-29 22:00:00+00:00,79.844,80.318,79.699,79.845,5623
2023-01-30 02:00:00+00:00,79.84,79.93,78.973,78.998,5065
2023-01-30 06:00:00+00:00,78.988,79.403,78.585,79.124,10102
2023-01-30 10:00:00+00:00,79.119,79.683,77.743,78.012,12144
2023-01-30 14:00:00+00:00,78.002,79.764,77.698,78.453,24313
2023-01-30 18:00:00+00:00,78.443,78.528,77.515,77.65,10152
2023-01-30 22:00:00+00:00,77.78,77.991,77.621,77.776,3055
2023-01-31 02:00:00+00:00,77.781,77.866,77.373,77.463,3734
2023-01-31 06:00:00+00:00,77.473,77.628,76.486,76.526,10016
2023-01-31 10:00:00+00:00,76.541,77.515,76.411,77.221,10566
2023-01-31 14:00:00+00:00,77.211,79.098,76.897,78.729,24896
2023-01-31 18:00:00+00:00,78.734,79.02,78.096,78.885,6987
2023-01-31 22:00:00+00:00,78.92,79.196,78.865,78.991,2812
2023-02-01 02:00:00+00:00,78.986,79.166,78.827,78.982,3398
2023-02-01 06:00:00+00:00,78.977,79.577,78.689,78.789,9243
2023-02-01 10:00:00+00:00,78.794,79.568,78.62,78.65,11089
2023-02-01 14:00:00+00:00,78.645,79.12,75.916,76.071,27431
2023-02-01 18:00:00+00:00,76.066,77.035,76.021,76.556,16658
2023-02-01 22:00:00+00:00,76.567,77.056,76.562,76.897,4594
2023-02-02 02:00:00+00:00,76.892,77.102,76.787,76.893,4594
2023-02-02 06:00:00+00:00,76.888,76.948,75.941,76.216,11842
2023-02-02 10:00:00+00:00,76.211,76.685,75.697,75.897,12803
2023-02-02 14:00:00+00:00,75.887,76.772,74.835,76.772,27622
2023-02-02 18:00:00+00:00,76.767,76.767,75.524,75.85,11622
2023-02-02 22:00:00+00:00,75.785,76.03,75.69,75.871,2870
2023-02-03 02:00:00+00:00,75.866,76.016,75.442,75.502,3862
2023-02-03 06:00:00+00:00,75.507,76.182,75.029,76.088,10565
2023-02-03 10:00:00+00:00,76.098,76.538,75.35,76.468,14053
2023-02-03 14:00:00+00:00,76.463,77.866,73.519,73.674,33203
2023-02-03 18:00:00+00:00,73.679,73.889,72.991,73.106,11199
2023-02-05 22:00:00+00:00,73.134,73.579,73.06,73.42,5690
2023-02-06 02:00:00+00:00,73.415,73.551,73.241,73.541,4282
2023-02-06 06:00:00+00:00,73.546,73.911,73.042,73.327,12693
2023-02-06 10:00:00+00:00,73.322,74.307,73.162,74.127,14025
2023-02-06 14:00:00+00:00,74.117,74.252,72.155,73.639,29241
2023-02-06 18:00:00+00:00,73.654,74.414,73.549,74.354,9141
2023-02-06 22:00:00+00:00,74.494,74.775,74.255,74.72,2847
2023-02-07 02:00:00+00:00,74.725,75.17,74.621,75.105,3899
2023-02-07 06:00:00+00:00,75.11,75.88,74.991,75.491,12385
2023-02-07 10:00:00+00:00,75.486,75.866,74.848,75.267,12979
2023-02-07 14:00:00+00:00,75.272,77.016,74.653,76.956,30394
2023-02-07 18:00:00+00:00,76.966,77.492,76.302,77.487,16040
2023-02-07 22:00:00+00:00,77.387,77.517,77.039,77.064,3426
2023-02-08 02:00:00+00:00,77.054,77.398,77.054,77.22,3282
2023-02-08 06:00:00+00:00,77.225,78.339,77.01,78.185,11567
2023-02-08 10:00:00+00:00,78.194,78.224,77.471,78.161,10568
2023-02-08 14:00:00+00:00,78.166,78.381,77.068,78.127,29813
2023-02-08 18:00:00+00:00,78.132,78.482,78.087,78.393,9150
2023-02-08 22:00:00+00:00,78.358,78.524,78.174,78.494,3086
2023-02-09 02:00:00+00:00,78.499,78.534,78.215,78.445,3388
2023-02-09 06:00:00+00:00,78.44,78.696,78.126,78.481,9730
2023-02-09 10:00:00+00:00,78.486,78.746,77.513,77.673,11982
2023-02-09 14:00:00+00:00,77.678,77.908,76.44,77.595,28104
2023-02-09 18:00:00+00:00,77.6,78.184,77.471,77.566,10193
2023-02-09 22:00:00+00:00,77.526,77.781,77.431,77.682,2477
2023-02-10 02:00:00+00:00,77.687,77.862,77.388,77.508,4098
2023-02-10 06:00:00+00:00,77.513,80.241,77.503,79.922,19027
2023-02-10 10:00:00+00:00,79.927,80.002,78.514,78.819,17216
2023-02-10 14:00:00+00:00,78.829,79.889,78.53,79.2,26780
2023-02-10 18:00:00+00:00,79.19,79.805,79.19,79.706,7439
2023-02-12 22:00:00+00:00,79.895,79.93,78.797,79.077,4084
2023-02-13 02:00:00+00:00,79.072,79.167,78.713,78.813,4223
2023-02-13 06:00:00+00:00,78.818,79.004,78.385,78.719,9414
2023-02-13 10:00:00+00:00,78.724,79.769,78.51,79.15,10928
2023-02-13 14:00:00+00:00,79.16,80.535,78.791,80.525,21706
2023-02-13 18:00:00+00:00,80.53,80.555,79.087,79.132,8170
2023-02-13 22:00:00+00:00,79.087,79.367,78.988,79.128,2107
2023-02-14 02:00:00+00:00,79.123,79.388,79.018,79.378,2967
2023-02-14 06:00:00+00:00,79.383,79.612,79.12,79.249,7136
2023-02-14 10:00:00+00:00,79.254,79.46,78.387,78.841,13257
2023-02-14 14:00:00+00:00,78.846,79.45,77.51,79.042,28078
2023-02-14 18:00:00+00:00,79.027,79.286,78.803,78.823,7789
2023-02-14 22:00:00+00:00,78.844,78.934,78.6,78.899,2024
2023-02-15 02:00:00+00:00,78.894,78.924,78.177,78.272,3090
2023-02-15 06:00:00+00:00,78.277,78.347,77.595,77.959,9292
2023-02-15 10:00:00+00:00,77.954,78.727,77.804,78.199,10813
2023-02-15 14:00:00+00:00,78.194,78.608,77.272,78.055,23719
2023-02-15 18:00:00+00:00,78.05,79.158,77.991,78.53,8253
2023-02-15 22:00:00+00:00,78.506,79.06,78.436,79.055,2395
2023-02-16 02:00:00+00:00,79.05,79.33,78.975,79.32,3493
2023-02-16 06:00:00+00:00,79.33,79.55,78.254,78.329,10073
2023-02-16 10:00:00+00:00,78.319,79.078,78.079,78.754,12275
2023-02-16 14:00:00+00:00,78.739,79.198,78.176,78.74,22385
2023-02-16 18:00:00+00:00,78.745,78.78,77.987,78.097,9161
2023-02-16 22:00:00+00:00,78.063,78.298,77.799,78.078,2823
2023-02-17 02:00:00+00:00,78.078,78.248,77.571,77.725,3711
2023-02-17 06:00:00+00:00,77.73,77.835,76.679,77.233,12082
2023-02-17 10:00:00+00:00,77.238,77.238,75.762,76.126,14025
2023-02-17 14:00:00+00:00,76.136,76.611,75.139,76.062,26859
2023-02-17 18:00:00+00:00,76.052,76.656,75.474,76.417,10424
2023-02-19 22:00:00+00:00,76.509,76.649,76.141,76.45,2537
2023-02-20 02:00:00+00:00,76.445,76.995,76.43,76.985,3488
2023-02-20 06:00:00+00:00,76.99,77.29,76.806,77.151,8158
2023-02-20 10:00:00+00:00,77.141,77.486,76.737,77.406,7457
2023-02-20 14:00:00+00:00,77.401,77.566,76.384,77.272,9382
2023-02-20 18:00:00+00:00,77.282,77.347,77.113,77.228,1010
2023-02-20 22:00:00+00:00,77.189,77.204,76.676,76.681,2666
2023-02-21 02:00:00+00:00,76.676,76.716,76.307,76.402,4331
2023-02-21 06:00:00+00:00,76.397,77.166,75.974,76.767,12843
2023-02-21 10:00:00+00:00,76.772,77.456,76.569,76.863,11793
2023-02-21 14:00:00+00:00,76.868,77.277,75.781,76.55,26873
2023-02-21 18:00:00+00:00,76.56,76.884,75.742,76.017,9050
2023-02-21 22:00:00+00:00,75.957,76.137,75.773,75.963,2739
2023-02-22 02:00:00+00:00,75.958,76.382,75.769,75.779,4511
2023-02-22 06:00:00+00:00,75.769,75.914,74.812,75.012,11092
2023-02-22 10:00:00+00:00,75.007,75.976,74.802,75.831,12812
2023-02-22 14:00:00+00:00,75.826,76.086,73.971,74.21,23169
2023-02-22 18:00:00+00:00,74.205,74.245,73.652,73.727,9879
2023-02-22 22:00:00+00:00,73.773,74.113,73.673,74.068,3154
2023-02-23 02:00:00+00:00,74.063,74.223,73.953,73.994,3457
2023-02-23 06:00:00+00:00,73.989,74.399,73.815,74.075,10083
2023-02-23 10:00:00+00:00,74.085,74.924,74.01,74.819,10843
2023-02-23 14:00:00+00:00,74.814,75.833,74.624,75.304,23509
2023-02-23 18:00:00+00:00,75.299,75.609,74.965,75.505,8001
2023-02-23 22:00:00+00:00,75.455,75.944,75.375,75.875,3059
2023-02-24 02:00:00+00:00,75.88,75.985,75.715,75.786,3942
2023-02-24 06:00:00+00:00,75.791,76.34,75.772,76.021,8114
2023-02-24 10:00:00+00:00,76.026,76.291,75.249,75.429,11627
2023-02-24 14:00:00+00:00,75.419,76.357,73.957,75.874,28938
2023-02-24 18:00:00+00:00,75.859,76.473,75.824,76.319,8729
2023-02-26 22:00:00+00:00,76.411,76.61,76.007,76.287,3653
2023-02-27 02:00:00+00:00,76.282,76.372,75.684,75.684,3834
2023-02-27 06:00:00+00:00,75.674,76.673,75.499,76.493,9503
2023-02-27 10:00:00+00:00,76.488,76.563,75.655,75.855,10093
2023-02-27 14:00:00+00:00,75.86,76.146,74.897,75.826,21895
2023-02-27 18:00:00+00:00,75.831,75.851,74.868,75.613,8420
2023-02-27 22:00:00+00:00,75.623,75.718,75.424,75.589,2081
2023-02-28 02:00:00+00:00,75.594,75.869,75.519,75.749,3163
2023-02-28 06:00:00+00:00,75.759,76.539,75.759,76.329,9853
2023-02-28 10:00:00+00:00,76.324,77.488,76.175,77.289,9391
2023-02-28 14:00:00+00:00,77.284,77.698,76.765,77.385,19791
2023-02-28 18:00:00+00:00,77.375,77.414,76.547,76.697,6456
2023-02-28 22:00:00+00:00,76.702,77.192,76.433,77.172,2885
2023-03-01 02:00:00+00:00,77.177,77.417,77.092,77.343,3285
2023-03-01 06:00:00+00:00,77.348,77.613,76.285,76.505,10622
2023-03-01 10:00:00+00:00,76.5,76.63,76.016,76.491,11033
2023-03-01 14:00:00+00:00,76.501,77.575,76.057,76.547,25354
2023-03-01 18:00:00+00:00,76.527,77.716,76.447,77.606,6962
2023-03-01 22:00:00+00:00,77.596,77.697,77.352,77.532,3368
2023-03-02 02:00:00+00:00,77.537,77.688,77.493,77.548,3556
2023-03-02 06:00:00+00:00,77.553,78.158,77.109,78.033,9917
2023-03-02 10:00:00+00:00,78.028,78.228,77.53,77.735,10127
2023-03-02 14:00:00+00:00,77.755,78.474,77.411,77.816,16404
2023-03-02 18:00:00+00:00,77.821,78.161,77.691,77.762,6408
2023-03-02 22:00:00+00:00,77.747,77.987,77.588,77.723,2543
2023-03-03 02:00:00+00:00,77.728,77.973,77.713,77.954,3026
2023-03-03 06:00:00+00:00,77.949,78.194,77.55,77.86,8908
2023-03-03 10:00:00+00:00,77.865,78.065,76.383,76.553,10114
2023-03-03 14:00:00+00:00,76.548,79.484,75.734,79.439,25721
2023-03-03 18:00:00+00:00,79.444,79.785,79.32,79.77,5417
2023-03-05 22:00:00+00:00,79.638,79.648,79.059,79.149,3479
2023-03-06 02:00:00+00:00,79.139,79.169,78.775,79.02,3795
2023-03-06 06:00:00+00:00,79.015,79.47,78.881,79.071,9407
2023-03-06 10:00:00+00:00,79.066,79.071,78.232,78.753,9261
2023-03-06 14:00:00+00:00,78.763,80.392,78.323,80.062,16680
2023-03-06 18:00:00+00:00,80.052,80.532,79.947,80.393,5780
2023-03-06 22:00:00+00:00,80.388,80.773,80.313,80.773,2535
2023-03-07 02:00:00+00:00,80.768,80.843,80.524,80.689,3564
2023-03-07 06:00:00+00:00,80.694,80.744,80.076,80.391,8633
2023-03-07 10:00:00+00:00,80.401,80.496,79.588,79.703,8366
2023-03-07 14:00:00+00:00,79.713,80.157,77.7,78.015,27558
2023-03-07 18:00:00+00:00,78.02,78.06,76.977,77.107,9492
2023-03-07 22:00:00+00:00,77.198,77.608,76.998,77.443,4006
2023-03-08 02:00:00+00:00,77.438,77.643,77.309,77.424,4374
2023-03-08 06:00:00+00:00,77.414,77.484,76.76,77.275,10210
2023-03-08 10:00:00+00:00,77.26,77.555,76.437,76.632,11144
2023-03-08 14:00:00+00:00,76.622,77.307,76.038,76.563,25865
2023-03-08 18:00:00+00:00,76.558,76.868,76.314,76.399,6849
2023-03-08 22:00:00+00:00,76.439,76.65,76.339,76.435,2796
2023-03-09 02:00:00+00:00,76.44,76.67,76.415,76.556,2675
2023-03-09 06:00:00+00:00,76.551,76.781,76.097,76.467,7372
2023-03-09 10:00:00+00:00,76.462,77.277,76.283,77.257,9602
2023-03-09 14:00:00+00:00,77.262,77.972,76.294,76.364,19381
2023-03-09 18:00:00+00:00,76.359,76.444,75.361,75.541,8966
2023-03-09 22:00:00+00:00,75.571,75.716,75.286,75.497,3441
2023-03-10 02:00:00+00:00,75.492,75.547,74.933,75.133,5037
2023-03-10 06:00:00+00:00,75.123,75.329,74.709,75.084,11335
2023-03-10 10:00:00+00:00,75.079,76.314,74.765,75.904,14700
2023-03-10 14:00:00+00:00,75.894,77.049,75.305,76.709,36370
2023-03-10 18:00:00+00:00,76.704,76.859,76.13,76.596,11362
2023-03-12 21:00:00+00:00,76.552,77.407,76.133,76.933,6463
2023-03-13 01:00:00+00:00,76.943,77.183,76.323,76.984,8434
2023-03-13 05:00:00+00:00,76.979,77.144,76.34,76.35,10687
2023-03-13 09:00:00+00:00,76.355,76.385,72.259,72.808,29814
2023-03-13 13:00:00+00:00,72.818,76.207,72.549,74.848,48005
2023-03-13 17:00:00+00:00,74.843,75.308,74.219,74.644,17890
2023-03-13 21:00:00+00:00,74.659,74.73,74.34,74.435,2630
2023-03-14 01:00:00+00:00,74.44,74.85,73.691,73.951,7783
2023-03-14 05:00:00+00:00,73.956,74.202,73.068,73.353,14532
2023-03-14 09:00:00+00:00,73.358,73.708,72.643,73.499,20680
2023-03-14 13:00:00+00:00,73.494,74.384,72.624,73.015,32317
2023-03-14 17:00:00+00:00,73.02,73.205,70.746,71.467,16724
2023-03-14 21:00:00+00:00,71.507,72.017,71.487,71.962,2130
2023-03-15 01:00:00+00:00,71.952,72.408,71.937,72.393,5652
2023-03-15 05:00:00+00:00,72.388,72.509,71.969,72.144,10359
2023-03-15 09:00:00+00:00,72.154,72.169,69.281,69.416,28130
2023-03-15 13:00:00+00:00,69.401,69.451,65.739,65.839,51125
2023-03-15 17:00:00+00:00,65.834,68.638,65.659,68.189,28587
2023-03-15 21:00:00+00:00,68.134,68.719,68.099,68.684,3551
2023-03-16 01:00:00+00:00,68.689,68.689,67.495,68.425,10947
2023-03-16 05:00:00+00:00,68.415,68.516,67.661,68.141,17326
2023-03-16 09:00:00+00:00,68.136,68.556,67.092,67.512,21981
2023-03-16 13:00:00+00:00,67.517,68.883,65.698,68.788,50191
2023-03-16 17:00:00+00:00,68.793,69.338,67.783,68.207,15230
2023-03-16 21:00:00+00:00,68.262,68.402,68.222,68.287,1377
2023-03-17 01:00:00+00:00,68.292,69.26,68.063,69.076,5529
2023-03-17 05:00:00+00:00,69.081,69.331,68.403,68.897,11654
2023-03-17 09:00:00+00:00,68.902,69.641,67.058,67.607,20189
2023-03-17 13:00:00+00:00,67.617,68.091,65.259,66.914,44002
2023-03-17 17:00:00+00:00,66.919,67.219,66.172,66.357,16640
2023-03-19 21:00:00+00:00,66.751,67.325,66.367,67.096,3178
2023-03-20 01:00:00+00:00,67.091,67.525,66.234,66.244,7457
2023-03-20 05:00:00+00:00,66.249,66.289,64.21,65.182,17911
2023-03-20 09:00:00+00:00,65.217,66.824,64.679,66.759,24795
2023-03-20 13:00:00+00:00,66.754,66.889,65.543,65.763,39145
2023-03-20 17:00:00+00:00,65.773,67.728,65.678,67.654,15184
2023-03-20 21:00:00+00:00,67.619,67.904,67.276,67.475,2299
2023-03-21 01:00:00+00:00,67.47,67.51,66.777,67.027,6383
2023-03-21 05:00:00+00:00,67.032,68.465,66.753,68.275,12744
2023-03-21 09:00:00+00:00,68.265,68.964,67.787,68.845,15373
2023-03-21 13:00:00+00:00,68.855,69.369,68.037,68.741,31505
2023-03-21 17:00:00+00:00,68.746,69.589,68.616,69.355,9059
2023-03-21 21:00:00+00:00,69.301,69.376,69.082,69.236,1533
2023-03-22 01:00:00+00:00,69.241,69.286,68.813,69.162,4891
2023-03-22 05:00:00+00:00,69.167,69.207,68.739,69.069,8463
2023-03-22 09:00:00+00:00,69.074,69.888,68.809,69.863,11941
2023-03-22 13:00:00+00:00,69.858,70.707,69.07,70.477,26454
2023-03-22 17:00:00+00:00,70.482,71.146,69.73,69.745,20722
2023-03-22 21:00:00+00:00,69.795,70.085,69.785,70.01,2010
2023-03-23 01:00:00+00:00,70.015,70.289,69.761,70.041,6837
2023-03-23 05:00:00+00:00,70.046,70.63,69.956,70.501,8738
2023-03-23 09:00:00+00:00,70.511,70.561,69.683,70.332,11592
2023-03-23 13:00:00+00:00,70.327,71.51,70.162,70.288,24410
2023-03-23 17:00:00+00:00,70.293,70.293,69.011,69.306,18059
2023-03-23 21:00:00+00:00,69.326,69.416,69.127,69.242,1801
2023-03-24 01:00:00+00:00,69.237,69.692,68.908,69.632,6396
2023-03-24 05:00:00+00:00,69.627,70.221,68.49,68.84,10432
2023-03-24 09:00:00+00:00,68.845,69.089,66.685,67.593,26938
2023-03-24 13:00:00+00:00,67.598,69.38,67.568,68.991,41169
2023-03-24 17:00:00+00:00,68.996,69.435,68.851,69.097,11142
2023-03-26 21:00:00+00:00,69.447,69.781,69.373,69.393,2707
2023-03-27 01:00:00+00:00,69.403,69.453,68.999,69.254,5282
2023-03-27 05:00:00+00:00,69.249,70.103,69.224,69.38,11800
2023-03-27 09:00:00+00:00,69.375,70.703,69.345,70.513,11710
2023-03-27 13:00:00+00:00,70.508,71.682,70.079,71.582,23022
2023-03-27 17:00:00+00:00,71.587,72.955,71.562,72.751,12629
2023-03-27 21:00:00+00:00,72.711,72.912,72.621,72.902,1881
2023-03-28 01:00:00+00:00,72.907,72.912,72.503,72.603,4984
2023-03-28 05:00:00+00:00,72.593,73.382,72.543,73.193,9974
2023-03-28 09:00:00+00:00,73.183,73.308,72.395,72.745,10815
2023-03-28 13:00:00+00:00,72.775,73.794,72.071,73.744,20903
2023-03-28 17:00:00+00:00,73.754,73.764,72.886,73.465,8517
2023-03-28 21:00:00+00:00,73.5,73.746,73.476,73.656,1308
2023-03-29 01:00:00+00:00,73.661,73.831,73.382,73.467,3792
2023-03-29 05:00:00+00:00,73.472,73.862,73.393,73.518,8168
2023-03-29 09:00:00+00:00,73.523,74.078,73.448,74.033,7754
2023-03-29 13:00:00+00:00,74.038,74.238,72.711,73.116,21048
2023-03-29 17:00:00+00:00,73.121,73.355,72.647,72.672,8958
2023-03-29 21:00:00+00:00,72.812,72.933,72.658,72.888,1433
2023-03-30 01:00:00+00:00,72.883,72.968,72.494,72.634,3538
2023-03-30 05:00:00+00:00,72.644,73.663,72.624,73.643,8624
2023-03-30 09:00:00+00:00,73.638,73.734,73.21,73.36,8450
2023-03-30 13:00:00+00:00,73.37,74.264,72.866,74.055,17900
2023-03-30 17:00:00+00:00,74.065,74.474,73.695,74.235,6811
2023-03-30 21:00:00+00:00,74.251,74.366,74.116,74.326,1464
2023-03-31 01:00:00+00:00,74.321,74.546,74.117,74.242,3695
2023-03-31 05:00:00+00:00,74.247,74.442,73.664,73.759,8565
2023-03-31 09:00:00+00:00,73.764,74.878,73.719,74.748,10359
2023-03-31 13:00:00+00:00,74.743,75.533,74.145,75.413,18521
2023-03-31 17:00:00+00:00,75.418,75.598,75.169,75.574,6406
2023-04-02 21:00:00+00:00,81.258,81.398,79.965,80.07,9162
2023-04-03 01:00:00+00:00,80.075,80.075,79.396,79.567,9057
2023-04-03 05:00:00+00:00,79.557,80.062,78.898,79.758,13357
2023-04-03 09:00:00+00:00,79.763,80.588,79.349,80.063,13116
2023-04-03 13:00:00+00:00,80.073,80.843,79.565,80.459,23250
2023-04-03 17:00:00+00:00,80.464,80.569,79.965,80.33,7371
2023-04-03 21:00:00+00:00,80.395,80.541,80.221,80.411,1743
2023-04-04 01:00:00+00:00,80.406,80.801,80.341,80.712,4013
2023-04-04 05:00:00+00:00,80.732,81.192,80.488,80.588,9888
2023-04-04 09:00:00+00:00,80.583,81.303,80.568,81.088,9461
2023-04-04 13:00:00+00:00,81.093,81.693,79.511,80.031,27786
2023-04-04 17:00:00+00:00,80.046,80.966,79.941,80.921,10064
2023-04-04 21:00:00+00:00,80.881,81.031,80.696,80.872,1511
2023-04-05 01:00:00+00:00,80.867,81.097,80.842,80.948,2236
2023-04-05 05:00:00+00:00,80.953,81.143,80.384,80.384,9095
2023-04-05 09:00:00+00:00,80.379,80.67,80.165,80.365,11283
2023-04-05 13:00:00+00:00,80.36,80.735,79.632,80.416,21547
2023-04-05 17:00:00+00:00,80.421,80.681,80.222,80.248,6780
2023-04-05 21:00:00+00:00,80.293,80.463,80.274,80.373,1358
2023-04-06 01:00:00+00:00,80.368,80.413,79.585,79.965,7908
2023-04-06 05:00:00+00:00,79.975,80.295,79.556,80.116,8692
2023-04-06 09:00:00+00:00,80.121,80.871,79.926,80.536,10566
2023-04-06 13:00:00+00:00,80.521,80.686,79.762,80.333,21838
2023-04-06 17:00:00+00:00,80.343,80.648,80.268,80.384,5871
2023-04-09 21:00:00+00:00,80.592,81.142,80.592,80.833,1990
2023-04-10 01:00:00+00:00,80.828,80.993,80.459,80.559,3936
2023-04-10 05:00:00+00:00,80.564,80.85,80.345,80.78,5158
2023-04-10 09:00:00+00:00,80.785,80.95,79.652,79.752,6098
2023-04-10 13:00:00+00:00,79.757,81.061,79.682,79.823,17120
2023-04-10 17:00:00+00:00,79.828,80.153,79.548,79.854,6566
2023-04-10 21:00:00+00:00,79.809,79.9,79.685,79.86,1071
2023-04-11 01:00:00+00:00,79.855,80.315,79.725,80.27,3963
2023-04-11 05:00:00+00:00,80.275,80.546,80.146,80.231,7965
2023-04-11 09:00:00+00:00,80.241,80.362,79.323,79.653,9853
2023-04-11 13:00:00+00:00,79.658,81.398,79.588,81.358,17336
2023-04-11 17:00:00+00:00,81.368,81.533,81.218,81.414,4757
2023-04-11 21:00:00+00:00,81.359,81.52,81.279,81.435,1023
2023-04-12 01:00:00+00:00,81.43,81.6,81.37,81.511,3663
2023-04-12 05:00:00+00:00,81.506,81.771,81.232,81.562,7304
2023-04-12 09:00:00+00:00,81.557,82.417,81.318,81.918,9105
2023-04-12 13:00:00+00:00,81.943,83.358,81.848,83.333,22788
2023-04-12 17:00:00+00:00,83.338,83.478,82.998,83.204,6579
2023-04-12 21:00:00+00:00,83.149,83.185,82.995,83.105,1459
2023-04-13 01:00:00+00:00,83.1,83.3,82.906,82.946,3320
2023-04-13 05:00:00+00:00,82.956,83.377,82.856,83.157,7404
2023-04-13 09:00:00+00:00,83.147,83.357,82.713,82.833,9240
2023-04-13 13:00:00+00:00,82.838,83.369,82.325,82.4,17244
2023-04-13 17:00:00+00:00,82.395,82.58,82.065,82.376,5946
2023-04-13 21:00:00+00:00,82.371,82.382,82.117,82.282,1267
2023-04-14 01:00:00+00:00,82.277,82.602,82.272,82.478,4089
2023-04-14 05:00:00+00:00,82.483,82.583,81.714,82.074,7385
2023-04-14 09:00:00+00:00,82.069,82.545,81.994,82.175,9116
2023-04-14 13:00:00+00:00,82.165,83.085,81.726,82.661,23945
2023-04-14 17:00:00+00:00,82.671,82.906,82.196,82.637,8017
2023-04-16 21:00:00+00:00,82.46,82.685,82.385,82.516,1844
2023-04-17 01:00:00+00:00,82.511,82.651,82.291,82.457,3279
2023-04-17 05:00:00+00:00,82.452,82.642,81.828,81.843,7449
2023-04-17 09:00:00+00:00,81.848,82.393,81.789,81.849,7990
2023-04-17 13:00:00+00:00,81.854,82.184,80.603,80.688,22436
2023-04-17 17:00:00+00:00,80.678,81.083,80.473,80.958,6659
2023-04-17 21:00:00+00:00,81.033,81.033,80.718,80.808,1263
2023-04-18 01:00:00+00:00,80.813,81.233,80.738,80.983,3365
2023-04-18 05:00:00+00:00,80.988,81.293,80.403,80.413,6710
2023-04-18 09:00:00+00:00,80.408,80.913,80.253,80.328,7327
2023-04-18 13:00:00+00:00,80.343,81.493,79.938,81.243,16494
2023-04-18 17:00:00+00:00,81.238,81.528,80.763,80.913,5297
2023-04-18 21:00:00+00:00,80.973,81.053,80.918,80.953,792
2023-04-19 01:00:00+00:00,80.948,81.253,80.697,80.732,2791
2023-04-19 05:00:00+00:00,80.727,80.732,79.092,79.287,9162
2023-04-19 09:00:00+00:00,79.282,79.722,79.017,79.682,9261
2023-04-19 13:00:00+00:00,79.692,79.892,78.552,79.437,18495
2023-04-19 17:00:00+00:00,79.432,79.892,78.937,79.027,5284
2023-04-19 21:00:00+00:00,79.037,79.062,78.812,78.972,1061
2023-04-20 01:00:00+00:00,78.982,79.022,78.372,78.417,2868
2023-04-20 05:00:00+00:00,78.412,78.612,77.632,77.787,7438
2023-04-20 09:00:00+00:00,77.792,78.182,77.517,77.922,6941
2023-04-20 13:00:00+00:00,77.932,78.117,76.972,77.677,17065
2023-04-20 17:00:00+00:00,77.667,78.002,77.037,77.147,6369
2023-04-20 21:00:00+00:00,77.167,77.247,77.072,77.227,766
2023-04-21 01:00:00+00:00,77.237,77.482,77.082,77.317,3414
2023-04-21 05:00:00+00:00,77.322,77.562,76.737,77.362,6991
2023-04-21 09:00:00+00:00,77.367,77.952,77.177,77.712,6816
2023-04-21 13:00:00+00:00,77.717,78.392,77.312,77.677,16153
2023-04-21 17:00:00+00:00,77.672,78.002,77.522,77.967,5145
2023-04-23 21:00:00+00:00,77.911,77.911,77.361,77.431,1392
2023-04-24 01:00:00+00:00,77.436,77.601,76.976,77.006,3398
2023-04-24 05:00:00+00:00,77.011,77.991,76.731,77.851,6111
2023-04-24 09:00:00+00:00,77.866,77.896,77.201,77.241,5175
2023-04-24 13:00:00+00:00,77.236,79.046,76.961,78.831,17596
2023-04-24 17:00:00+00:00,78.826,79.181,78.656,78.691,5301
2023-04-24 21:00:00+00:00,78.706,78.851,78.581,78.841,775
2023-04-25 01:00:00+00:00,78.836,79.061,78.651,78.746,2800
2023-04-25 05:00:00+00:00,78.741,79.071,78.501,78.886,7242
2023-04-25 09:00:00+00:00,78.891,78.891,77.866,77.956,7341
2023-04-25 13:00:00+00:00,77.971,78.121,76.526,77.236,18762
2023-04-25 17:00:00+00:00,77.226,77.331,76.731,77.126,6855
2023-04-25 21:00:00+00:00,77.146,77.431,77.121,77.431,1137
2023-04-26 01:00:00+00:00,77.416,77.631,77.011,77.591,3729
2023-04-26 05:00:00+00:00,77.596,77.931,77.116,77.746,8058
2023-04-26 09:00:00+00:00,77.761,77.846,76.366,76.401,10653
2023-04-26 13:00:00+00:00,76.396,77.211,75.64,76.315,20964
2023-04-26 17:00:00+00:00,76.33,76.535,74.06,74.36,10785
2023-04-26 21:00:00+00:00,74.445,74.59,74.26,74.53,1478
2023-04-27 01:00:00+00:00,74.54,74.59,74.355,74.46,3879
2023-04-27 05:00:00+00:00,74.465,74.84,74.335,74.63,8433
2023-04-27 09:00:00+00:00,74.61,74.725,74.24,74.505,9320
2023-04-27 13:00:00+00:00,74.52,75.28,74.04,74.87,20023
2023-04-27 17:00:00+00:00,74.86,75.18,74.33,74.825,7461
2023-04-27 21:00:00+00:00,74.85,74.865,74.72,74.77,825
2023-04-28 01:00:00+00:00,74.775,75.505,74.655,75.255,4472
2023-04-28 05:00:00+00:00,75.25,75.285,73.97,74.075,9175
2023-04-28 09:00:00+00:00,74.08,75.435,73.945,75.23,11590
2023-04-28 13:00:00+00:00,75.225,76.795,74.525,76.365,19462
2023-04-28 17:00:00+00:00,76.36,76.93,76.24,76.65,6268
2023-04-30 21:00:00+00:00,76.64,76.695,76.07,76.25,1795
2023-05-01 01:00:00+00:00,76.255,76.26,76.03,76.15,1679
2023-05-01 05:00:00+00:00,76.16,76.205,75.064,75.074,4680
2023-05-01 09:00:00+00:00,75.069,75.349,74.874,74.989,5971
2023-05-01 13:00:00+00:00,74.999,76.069,74.644,75.374,20083
2023-05-01 17:00:00+00:00,75.379,75.889,74.539,75.744,7501
2023-05-01 21:00:00+00:00,75.729,75.729,75.589,75.719,717
2023-05-02 01:00:00+00:00,75.724,75.839,75.609,75.679,1642
2023-05-02 05:00:00+00:00,75.684,76.119,75.114,75.614,7720
2023-05-02 09:00:00+00:00,75.629,75.659,75.049,75.169,7681
2023-05-02 13:00:00+00:00,75.164,75.179,71.839,71.969,24736
2023-05-02 17:00:00+00:00,71.974,72.109,71.429,71.544,9321
2023-05-02 21:00:00+00:00,71.559,71.659,71.509,71.654,1323
2023-05-03 01:00:00+00:00,71.649,71.689,71.549,71.619,2130
2023-05-03 05:00:00+00:00,71.624,71.779,69.799,70.304,10348
2023-05-03 09:00:00+00:00,70.299,70.424,69.219,69.379,13663
2023-05-03 13:00:00+00:00,69.364,69.634,67.964,68.674,26898
2023-05-03 17:00:00+00:00,68.679,69.084,68.109,68.129,16640
2023-05-03 21:00:00+00:00,68.164,68.169,63.668,68.039,6822
2023-05-04 01:00:00+00:00,68.049,69.319,68.044,68.989,8235
2023-05-04 05:00:00+00:00,68.984,69.459,68.829,69.354,12679
2023-05-04 09:00:00+00:00,69.359,69.434,68.333,68.613,11914
2023-05-04 13:00:00+00:00,68.603,69.033,67.498,68.758,34578
2023-05-04 17:00:00+00:00,68.768,69.818,68.358,68.608,12111
2023-05-04 21:00:00+00:00,68.683,68.798,68.488,68.608,1063
2023-05-05 01:00:00+00:00,68.603,69.258,68.578,69.198,3696
2023-05-05 05:00:00+00:00,69.203,69.823,69.063,69.753,8562
2023-05-05 09:00:00+00:00,69.758,70.808,69.433,70.473,11199
2023-05-05 13:00:00+00:00,70.453,71.758,70.043,71.388,22881
2023-05-05 17:00:00+00:00,71.393,71.798,71.128,71.338,6739
2023-05-07 21:00:00+00:00,71.358,71.908,71.333,71.398,2197
2023-05-08 01:00:00+00:00,71.403,71.798,71.048,71.778,4493
2023-05-08 05:00:00+00:00,71.768,72.838,71.728,72.528,7052
2023-05-08 09:00:00+00:00,72.533,73.448,72.478,73.013,6878
2023-05-08 13:00:00+00:00,73.003,73.688,72.608,73.028,17726
2023-05-08 17:00:00+00:00,73.023,73.413,72.763,72.798,5960
2023-05-08 21:00:00+00:00,72.848,73.023,72.848,72.978,1024
2023-05-09 01:00:00+00:00,72.988,73.088,72.633,72.868,2765
2023-05-09 05:00:00+00:00,72.863,72.908,72.133,72.368,8460
2023-05-09 09:00:00+00:00,72.363,72.818,72.243,72.633,8327
2023-05-09 13:00:00+00:00,72.643,72.898,71.348,72.618,22525
2023-05-09 17:00:00+00:00,72.628,73.783,72.488,73.528,8473
2023-05-09 21:00:00+00:00,73.533,73.628,73.408,73.453,970
2023-05-10 01:00:00+00:00,73.448,73.638,73.108,73.238,2948
2023-05-10 05:00:00+00:00,73.228,73.428,72.447,72.667,8335
2023-05-10 09:00:00+00:00,72.662,73.882,72.452,73.822,9656
2023-05-10 13:00:00+00:00,73.812,73.857,72.027,72.757,29790
2023-05-10 17:00:00+00:00,72.767,72.867,71.807,72.782,10149
2023-05-10 21:00:00+00:00,72.782,72.967,72.732,72.937,557
2023-05-11 01:00:00+00:00,72.932,73.192,72.732,73.127,3264
2023-05-11 05:00:00+00:00,73.132,73.387,72.692,73.347,9419
2023-05-11 09:00:00+00:00,73.352,73.497,71.677,71.772,13548
2023-05-11 13:00:00+00:00,71.767,71.877,70.637,71.432,29493
2023-05-11 17:00:00+00:00,71.457,71.527,70.727,71.427,9182
2023-05-11 21:00:00+00:00,71.457,71.502,71.262,71.377,999
2023-05-12 01:00:00+00:00,71.372,71.382,70.317,70.617,5585
2023-05-12 05:00:00+00:00,70.622,70.822,70.152,70.532,11342
2023-05-12 09:00:00+00:00,70.547,71.442,70.232,71.362,11123
2023-05-12 13:00:00+00:00,71.357,71.767,70.032,70.127,29316
2023-05-12 17:00:00+00:00,70.132,70.367,69.942,70.072,7952
2023-05-14 21:00:00+00:00,70.067,70.227,69.947,70.157,1334
2023-05-15 01:00:00+00:00,70.162,70.227,69.411,69.481,4108
2023-05-15 05:00:00+00:00,69.476,70.406,69.446,70.116,9032
2023-05-15 09:00:00+00:00,70.111,70.796,70.066,70.416,7457
2023-05-15 13:00:00+00:00,70.401,71.686,70.336,71.491,20611
2023-05-15 17:00:00+00:00,71.486,71.526,70.971,71.306,6254
2023-05-15 21:00:00+00:00,71.321,71.496,71.281,71.406,871
2023-05-16 01:00:00+00:00,71.401,71.786,71.366,71.446,3239
2023-05-16 05:00:00+00:00,71.441,71.646,70.876,71.166,8544
2023-05-16 09:00:00+00:00,71.176,71.396,70.536,71.201,9427
2023-05-16 13:00:00+00:00,71.206,71.766,70.446,70.866,23160
2023-05-16 17:00:00+00:00,70.871,71.021,70.456,70.551,5581
2023-05-16 21:00:00+00:00,70.606,70.686,70.391,70.486,837
2023-05-17 01:00:00+00:00,70.491,71.056,70.411,70.836,3784
2023-05-17 05:00:00+00:00,70.831,70.831,70.046,70.801,9347
2023-05-17 09:00:00+00:00,70.791,71.336,70.586,71.126,7307
2023-05-17 13:00:00+00:00,71.121,73.252,71.016,72.887,22233
2023-05-17 17:00:00+00:00,72.892,73.042,72.623,72.673,5327
2023-05-17 21:00:00+00:00,72.743,72.838,72.603,72.603,685
2023-05-18 01:00:00+00:00,72.608,72.808,72.503,72.593,3631
2023-05-18 05:00:00+00:00,72.598,72.808,72.388,72.458,8120
2023-05-18 09:00:00+00:00,72.443,72.918,72.034,72.119,7262
2023-05-18 13:00:00+00:00,72.124,72.539,71.539,71.694,22117
2023-05-18 17:00:00+00:00,71.689,72.069,71.5,71.979,7122
2023-05-18 21:00:00+00:00,71.975,72.169,71.82,71.895,1046
2023-05-19 01:00:00+00:00,71.89,72.549,71.77,72.4,4923
2023-05-19 05:00:00+00:00,72.39,72.76,72.14,72.22,8445
2023-05-19 09:00:00+00:00,72.23,73.409,72.17,73.384,8455
2023-05-19 13:00:00+00:00,73.394,73.509,71.241,71.691,24923
2023-05-19 17:00:00+00:00,71.696,71.976,71.141,71.841,7463
2023-05-21 21:00:00+00:00,71.844,71.909,71.634,71.749,1457
2023-05-22 01:00:00+00:00,71.754,71.869,70.875,71.115,5459
2023-05-22 05:00:00+00:00,71.105,71.849,70.635,71.649,9838
2023-05-22 09:00:00+00:00,71.654,72.104,71.395,71.57,7998
2023-05-22 13:00:00+00:00,71.575,72.325,71.31,72.12,23549
2023-05-22 17:00:00+00:00,72.115,72.484,71.905,72.065,5709
2023-05-22 21:00:00+00:00,72.045,72.355,72.035,72.235,945
2023-05-23 01:00:00+00:00,72.23,72.58,72.125,72.165,3142
2023-05-23 05:00:00+00:00,72.17,72.405,71.676,71.786,9271
2023-05-23 09:00:00+00:00,71.771,73.12,71.741,72.995,8112
2023-05-23 13:00:00+00:00,72.99,73.71,72.616,73.345,18516
2023-05-23 17:00:00+00:00,73.335,73.755,72.651,73.72,6863
2023-05-23 21:00:00+00:00,73.75,73.935,73.576,73.696,1349
2023-05-24 01:00:00+00:00,73.701,73.896,73.591,73.766,3929
2023-05-24 05:00:00+00:00,73.776,74.096,73.491,74.071,8174
2023-05-24 09:00:00+00:00,74.076,74.431,73.761,74.096,7158
2023-05-24 13:00:00+00:00,74.101,74.686,73.097,73.562,20225
2023-05-24 17:00:00+00:00,73.552,74.376,73.212,74.177,9766
2023-05-24 21:00:00+00:00,74.157,74.247,73.997,74.167,1303
2023-05-25 01:00:00+00:00,74.162,74.327,73.947,74.157,4466
2023-05-25 05:00:00+00:00,74.162,74.192,73.288,73.383,8995
2023-05-25 09:00:00+00:00,73.368,73.468,72.713,73.193,8983
2023-05-25 13:00:00+00:00,73.198,73.338,70.974,71.669,23466
2023-05-25 17:00:00+00:00,71.659,71.979,71.514,71.774,6335
2023-05-25 21:00:00+00:00,71.829,71.939,71.669,71.919,911
2023-05-26 01:00:00+00:00,71.914,71.929,71.455,71.69,3901
2023-05-26 05:00:00+00:00,71.7,72.19,71.64,72.005,9098
2023-05-26 09:00:00+00:00,72.0,72.705,71.88,72.705,8797
2023-05-26 13:00:00+00:00,72.69,73.015,72.19,72.4,17643
2023-05-26 17:00:00+00:00,72.39,72.87,72.3,72.855,5546
2023-05-28 21:00:00+00:00,73.078,73.428,73.028,73.193,1398
2023-05-29 01:00:00+00:00,73.198,73.523,73.043,73.263,3585
2023-05-29 05:00:00+00:00,73.268,73.318,72.884,72.919,5420
2023-05-29 09:00:00+00:00,72.914,72.914,72.034,72.179,4924
2023-05-29 13:00:00+00:00,72.174,72.954,72.014,72.934,6061
2023-05-29 17:00:00+00:00,72.939,73.004,72.814,72.994,601
2023-05-29 21:00:00+00:00,72.939,73.024,72.725,72.83,1250
2023-05-30 01:00:00+00:00,72.835,73.334,72.255,72.32,4661
2023-05-30 05:00:00+00:00,72.31,72.56,71.396,71.401,10088
2023-05-30 09:00:00+00:00,71.396,72.015,70.996,71.316,10067
2023-05-30 13:00:00+00:00,71.321,71.356,69.327,69.457,25049
2023-05-30 17:00:00+00:00,69.447,69.762,68.997,69.517,7812
2023-05-30 21:00:00+00:00,69.627,69.647,69.447,69.537,1218
2023-05-31 01:00:00+00:00,69.542,69.642,69.127,69.258,5106
2023-05-31 05:00:00+00:00,69.248,69.653,68.658,68.778,11883
2023-05-31 09:00:00+00:00,68.773,69.318,67.039,67.304,13010
2023-05-31 13:00:00+00:00,67.264,69.453,67.009,68.623,24165
2023-05-31 17:00:00+00:00,68.618,68.773,67.529,67.559,8280
2023-05-31 21:00:00+00:00,67.559,67.804,67.489,67.624,1409
2023-06-01 01:00:00+00:00,67.644,68.609,67.644,68.379,7306
2023-06-01 05:00:00+00:00,68.404,68.809,67.975,68.219,9479
2023-06-01 09:00:00+00:00,68.224,68.53,67.495,68.265,10116
2023-06-01 13:00:00+00:00,68.26,71.039,67.61,70.814,23812
2023-06-01 17:00:00+00:00,70.804,70.809,69.964,70.129,4910
2023-06-01 21:00:00+00:00,70.154,70.174,69.98,70.08,1109
2023-06-02 01:00:00+00:00,70.085,70.61,70.08,70.41,4123
2023-06-02 05:00:00+00:00,70.415,71.36,70.3,71.285,9217
2023-06-02 09:00:00+00:00,71.295,71.915,70.88,71.635,10836
2023-06-02 13:00:00+00:00,71.63,72.15,71.09,71.54,19824
2023-06-02 17:00:00+00:00,71.535,72.1,71.39,71.85,6827
2023-06-04 21:00:00+00:00,73.508,74.302,72.648,72.653,5384
2023-06-05 01:00:00+00:00,72.658,72.753,72.238,72.738,8274
2023-06-05 05:00:00+00:00,72.733,73.793,72.488,73.418,11387
2023-06-05 09:00:00+00:00,73.413,73.833,72.843,73.498,9456
2023-06-05 13:00:00+00:00,73.493,73.743,71.994,73.039,20952
2023-06-05 17:00:00+00:00,73.029,73.054,71.709,71.904,6360
2023-06-05 21:00:00+00:00,71.959,71.974,71.794,71.865,979
2023-06-06 01:00:00+00:00,71.87,72.01,71.525,71.9,5031
2023-06-06 05:00:00+00:00,71.905,71.97,70.106,70.16,11273
2023-06-06 09:00:00+00:00,70.17,71.0,70.12,70.631,10154
2023-06-06 13:00:00+00:00,70.626,72.305,70.501,71.895,19232
2023-06-06 17:00:00+00:00,71.89,71.986,71.386,71.421,5138
2023-06-06 21:00:00+00:00,71.566,71.856,71.496,71.806,1226
2023-06-07 01:00:00+00:00,71.811,71.916,71.306,71.356,4326
2023-06-07 05:00:00+00:00,71.351,71.906,70.997,71.886,9997
2023-06-07 09:00:00+00:00,71.881,72.711,71.716,72.626,7349
2023-06-07 13:00:00+00:00,72.616,73.166,72.017,72.587,21147
2023-06-07 17:00:00+00:00,72.582,72.862,72.397,72.437,5935
2023-06-07 21:00:00+00:00,72.467,72.517,72.267,72.507,1117
2023-06-08 01:00:00+00:00,72.512,72.597,72.212,72.342,4388
2023-06-08 05:00:00+00:00,72.347,72.857,72.113,72.123,8974
2023-06-08 09:00:00+00:00,72.118,73.263,72.058,72.968,9043
2023-06-08 13:00:00+00:00,72.973,72.973,69.019,70.748,32677
2023-06-08 17:00:00+00:00,70.758,71.623,70.708,70.914,9496
2023-06-08 21:00:00+00:00,70.909,71.049,70.699,70.954,1202
2023-06-09 01:00:00+00:00,70.959,71.149,70.699,70.759,4330
2023-06-09 05:00:00+00:00,70.769,71.614,70.604,71.519,9482
2023-06-09 09:00:00+00:00,71.514,71.644,71.084,71.539,8842
2023-06-09 13:00:00+00:00,71.544,71.76,70.755,71.125,21167
2023-06-09 17:00:00+00:00,71.115,71.14,70.095,70.32,9608
2023-06-11 21:00:00+00:00,70.143,70.238,69.808,69.953,1595
2023-06-12 01:00:00+00:00,69.948,69.963,69.143,69.183,4875
2023-06-12 05:00:00+00:00,69.178,69.569,68.104,68.389,11456
2023-06-12 09:00:00+00:00,68.379,68.794,67.659,68.029,11776
2023-06-12 13:00:00+00:00,68.024,68.329,66.799,67.489,23705
2023-06-12 17:00:00+00:00,67.484,67.584,66.791,67.33,8141
2023-06-12 21:00:00+00:00,67.27,67.485,67.146,67.271,1838
2023-06-13 01:00:00+00:00,67.28,67.53,67.171,67.456,4343
2023-06-13 05:00:00+00:00,67.461,67.9,67.281,67.851,9040
2023-06-13 09:00:00+00:00,67.851,69.003,67.591,68.844,11787
2023-06-13 13:00:00+00:00,68.834,69.787,68.719,69.458,19606
2023-06-13 17:00:00+00:00,69.463,69.767,69.044,69.274,6685
2023-06-13 21:00:00+00:00,69.26,69.309,69.06,69.13,1061
2023-06-14 01:00:00+00:00,69.125,69.49,69.056,69.445,2908
2023-06-14 05:00:00+00:00,69.45,70.219,69.381,70.13,8127
2023-06-14 09:00:00+00:00,70.12,70.469,69.731,70.15,9016
2023-06-14 13:00:00+00:00,70.145,70.415,68.63,69.303,22973
2023-06-14 17:00:00+00:00,69.298,69.463,68.096,68.69,13698
2023-06-14 21:00:00+00:00,68.626,68.716,68.467,68.497,1222
2023-06-15 01:00:00+00:00,68.492,68.492,67.984,68.098,4666
2023-06-15 05:00:00+00:00,68.094,68.887,68.054,68.314,10310
2023-06-15 09:00:00+00:00,68.304,69.257,68.229,68.963,9782
2023-06-15 13:00:00+00:00,68.968,70.47,68.858,70.33,18711
2023-06-15 17:00:00+00:00,70.32,70.984,70.236,70.606,5960
2023-06-15 21:00:00+00:00,70.576,70.766,70.437,70.517,1292
2023-06-16 01:00:00+00:00,70.522,70.651,70.417,70.507,4023
2023-06-16 05:00:00+00:00,70.502,70.887,70.309,70.573,8538
2023-06-16 09:00:00+00:00,70.578,71.327,70.015,71.232,9179
2023-06-16 13:00:00+00:00,71.242,71.298,70.384,71.069,19438
2023-06-16 17:00:00+00:00,71.074,71.857,71.059,71.483,6753
2023-06-18 21:00:00+00:00,71.503,71.548,71.11,71.155,1453
2023-06-19 01:00:00+00:00,71.15,71.18,70.671,70.761,4314
2023-06-19 05:00:00+00:00,70.756,71.51,70.756,71.381,6867
2023-06-19 09:00:00+00:00,71.371,72.11,71.306,71.921,5825
2023-06-19 13:00:00+00:00,71.931,71.995,70.854,71.173,9751
2023-06-19 17:00:00+00:00,71.168,71.373,71.138,71.343,745
2023-06-19 21:00:00+00:00,71.294,71.399,71.154,71.155,1169
2023-06-20 01:00:00+00:00,71.16,71.279,70.835,71.006,3688
2023-06-20 05:00:00+00:00,71.011,71.805,70.717,71.73,8870
2023-06-20 09:00:00+00:00,71.72,72.229,70.883,70.997,9411
2023-06-20 13:00:00+00:00,71.002,71.327,69.626,70.404,20690
2023-06-20 17:00:00+00:00,70.414,71.238,70.28,70.745,6221
2023-06-20 21:00:00+00:00,70.715,70.965,70.66,70.93,979
2023-06-21 01:00:00+00:00,70.925,71.559,70.86,71.5,5011
2023-06-21 05:00:00+00:00,71.505,71.575,70.922,71.166,9272
2023-06-21 09:00:00+00:00,71.176,71.336,70.713,71.152,9194
2023-06-21 13:00:00+00:00,71.147,72.565,70.957,72.43,15516
2023-06-21 17:00:00+00:00,72.425,72.506,72.196,72.201,4434
2023-06-21 21:00:00+00:00,72.252,72.392,72.247,72.367,887
2023-06-22 01:00:00+00:00,72.362,72.402,71.964,71.989,1645
2023-06-22 05:00:00+00:00,71.984,72.508,71.8,71.929,7841
2023-06-22 09:00:00+00:00,71.925,72.004,70.697,70.892,9139
2023-06-22 13:00:00+00:00,70.877,70.912,68.802,69.032,19975
2023-06-22 17:00:00+00:00,69.042,69.531,69.002,69.412,5992
2023-06-22 21:00:00+00:00,69.367,69.467,69.153,69.383,1265
2023-06-23 01:00:00+00:00,69.378,69.383,68.4,68.61,2688
2023-06-23 05:00:00+00:00,68.62,68.86,67.927,68.186,9084
2023-06-23 09:00:00+00:00,68.181,68.746,67.977,68.097,9849
2023-06-23 13:00:00+00:00,68.092,69.001,67.229,68.707,18585
2023-06-23 17:00:00+00:00,68.702,69.476,68.557,69.392,5818
2023-06-25 21:00:00+00:00,69.511,69.96,69.341,69.736,2266
2023-06-26 01:00:00+00:00,69.726,69.746,68.908,69.258,7093
2023-06-26 05:00:00+00:00,69.253,69.802,68.605,68.909,12030
2023-06-26 09:00:00+00:00,68.904,69.689,68.78,68.995,9974
2023-06-26 13:00:00+00:00,69.005,69.934,68.691,69.754,19369
2023-06-26 17:00:00+00:00,69.749,69.879,69.126,69.416,5471
2023-06-26 21:00:00+00:00,69.376,69.416,69.187,69.242,848
2023-06-27 01:00:00+00:00,69.247,69.737,69.177,69.672,4176
2023-06-27 05:00:00+00:00,69.677,70.032,69.218,69.613,10366
2023-06-27 09:00:00+00:00,69.603,69.628,67.627,68.441,16059
2023-06-27 13:00:00+00:00,68.431,69.235,67.757,67.842,22712
2023-06-27 17:00:00+00:00,67.837,68.217,67.393,67.893,7885
2023-06-27 21:00:00+00:00,67.888,67.954,67.724,67.819,1478
2023-06-28 01:00:00+00:00,67.809,68.194,67.629,67.77,5794
2023-06-28 05:00:00+00:00,67.775,68.104,66.947,67.211,11128
2023-06-28 09:00:00+00:00,67.206,68.335,67.077,67.357,14852
2023-06-28 13:00:00+00:00,67.347,69.489,67.117,69.415,25229
2023-06-28 17:00:00+00:00,69.425,69.624,69.011,69.031,6551
2023-06-28 21:00:00+00:00,69.086,69.286,69.021,69.246,1286
2023-06-29 01:00:00+00:00,69.256,69.471,69.022,69.077,4021
2023-06-29 05:00:00+00:00,69.072,69.897,68.853,69.742,10248
2023-06-29 09:00:00+00:00,69.732,69.932,69.064,69.319,9555
2023-06-29 13:00:00+00:00,69.324,70.492,68.835,69.789,22719
2023-06-29 17:00:00+00:00,69.794,69.849,69.354,69.685,6002
2023-06-29 21:00:00+00:00,69.685,69.72,69.491,69.506,891
2023-06-30 01:00:00+00:00,69.511,69.966,69.496,69.816,3579
2023-06-30 05:00:00+00:00,69.811,70.426,69.612,70.346,8328
2023-06-30 09:00:00+00:00,70.351,70.626,69.448,70.447,11998
2023-06-30 13:00:00+00:00,70.467,70.942,69.978,70.313,17214
2023-06-30 17:00:00+00:00,70.298,70.673,70.118,70.344,6127
2023-07-02 21:00:00+00:00,70.388,70.628,70.184,70.319,1405
2023-07-03 01:00:00+00:00,70.314,70.634,70.284,70.59,3850
2023-07-03 05:00:00+00:00,70.585,71.2,69.856,71.065,10388
2023-07-03 09:00:00+00:00,71.075,71.679,70.97,71.175,12269
2023-07-03 13:00:00+00:00,71.165,71.335,69.952,70.267,18628
2023-07-03 17:00:00+00:00,70.262,70.267,69.613,70.033,4894
2023-07-03 21:00:00+00:00,70.084,70.164,69.919,69.984,842
2023-07-04 01:00:00+00:00,69.979,70.224,69.859,70.095,3850
2023-07-04 05:00:00+00:00,70.09,70.445,69.82,70.38,6744
2023-07-04 09:00:00+00:00,70.385,71.055,70.375,70.956,6267
2023-07-04 13:00:00+00:00,70.951,71.261,70.626,71.206,8380
2023-07-04 17:00:00+00:00,71.216,71.216,70.942,70.942,633
2023-07-04 21:00:00+00:00,70.917,71.118,70.818,71.058,1079
2023-07-05 01:00:00+00:00,71.053,71.083,70.708,70.859,3239
2023-07-05 05:00:00+00:00,70.854,71.104,70.27,70.72,8560
2023-07-05 09:00:00+00:00,70.715,71.525,70.58,71.27,9225
2023-07-05 13:00:00+00:00,71.26,72.035,70.916,71.73,15697
2023-07-05 17:00:00+00:00,71.735,72.09,71.526,71.761,5217
2023-07-05 21:00:00+00:00,71.702,71.952,71.702,71.837,972
2023-07-06 01:00:00+00:00,71.852,71.982,71.558,71.623,3318
2023-07-06 05:00:00+00:00,71.628,72.188,71.459,72.163,8717
2023-07-06 09:00:00+00:00,72.153,72.268,71.04,71.305,9732
2023-07-06 13:00:00+00:00,71.31,71.685,70.151,71.396,23200
2023-07-06 17:00:00+00:00,71.401,71.966,71.281,71.826,6457
2023-07-06 21:00:00+00:00,71.786,71.831,71.687,71.787,802
2023-07-07 01:00:00+00:00,71.797,72.018,71.622,71.988,3337
2023-07-07 05:00:00+00:00,71.993,72.323,71.614,71.679,8003
2023-07-07 09:00:00+00:00,71.669,72.184,71.62,71.874,8560
2023-07-07 13:00:00+00:00,71.864,73.344,71.125,73.269,16739
2023-07-07 17:00:00+00:00,73.259,73.849,73.124,73.619,4886
2023-07-09 21:00:00+00:00,73.78,73.78,73.38,73.415,1717
2023-07-10 01:00:00+00:00,73.42,73.71,73.231,73.341,3850
2023-07-10 05:00:00+00:00,73.331,73.472,72.922,73.072,7337
2023-07-10 09:00:00+00:00,73.067,73.738,73.008,73.013,8294
2023-07-10 13:00:00+00:00,73.018,74.098,72.968,73.144,15809
2023-07-10 17:00:00+00:00,73.149,73.199,72.659,73.165,5881
2023-07-10 21:00:00+00:00,73.12,73.385,73.031,73.296,1099
2023-07-11 01:00:00+00:00,73.291,73.441,73.206,73.401,2887
2023-07-11 05:00:00+00:00,73.406,73.697,73.167,73.222,6979
2023-07-11 09:00:00+00:00,73.227,73.498,72.933,73.358,7379
2023-07-11 13:00:00+00:00,73.368,74.833,73.363,74.638,13575
2023-07-11 17:00:00+00:00,74.648,74.908,74.598,74.789,3921
2023-07-11 21:00:00+00:00,74.729,74.84,74.689,74.76,1020
2023-07-12 01:00:00+00:00,74.755,75.095,74.75,74.861,3317
2023-07-12 05:00:00+00:00,74.866,75.106,74.621,75.096,6485
2023-07-12 09:00:00+00:00,75.091,75.557,74.772,75.412,8958
2023-07-12 13:00:00+00:00,75.417,76.097,75.233,75.448,18950
2023-07-12 17:00:00+00:00,75.443,75.978,75.278,75.813,5289
2023-07-12 21:00:00+00:00,75.764,75.864,75.674,75.744,1058
2023-07-13 01:00:00+00:00,75.749,76.095,75.674,75.87,3091
2023-07-13 05:00:00+00:00,75.865,76.096,75.706,75.761,6977
2023-07-13 09:00:00+00:00,75.776,75.966,75.437,75.492,7195
2023-07-13 13:00:00+00:00,75.497,76.857,75.287,75.913,17008
2023-07-13 17:00:00+00:00,75.918,77.298,75.888,77.188,6737
2023-07-13 21:00:00+00:00,77.108,77.259,77.069,77.069,1326
2023-07-14 01:00:00+00:00,77.064,77.179,76.874,76.93,3610
2023-07-14 05:00:00+00:00,76.935,77.05,76.516,76.726,7048
2023-07-14 09:00:00+00:00,76.716,76.996,76.551,76.812,7037
2023-07-14 13:00:00+00:00,76.802,76.872,75.083,75.413,18101
2023-07-14 17:00:00+00:00,75.408,75.643,75.129,75.239,5703
2023-07-16 21:00:00+00:00,75.035,75.12,74.595,74.9,1688
2023-07-17 01:00:00+00:00,74.905,75.065,74.646,74.696,3544
2023-07-17 05:00:00+00:00,74.686,74.736,74.007,74.102,7457
2023-07-17 09:00:00+00:00,74.097,76.057,73.827,74.373,15751
2023-07-17 13:00:00+00:00,74.368,75.113,74.214,74.249,20426
2023-07-17 17:00:00+00:00,74.254,74.389,74.023,74.123,4446
2023-07-17 21:00:00+00:00,74.123,74.348,74.068,74.308,959
2023-07-18 01:00:00+00:00,74.313,74.498,74.248,74.408,3159
2023-07-18 05:00:00+00:00,74.413,74.468,73.902,74.337,6600
2023-07-18 09:00:00+00:00,74.332,74.728,74.087,74.122,6587
2023-07-18 13:00:00+00:00,74.117,75.858,74.072,75.653,13157
2023-07-18 17:00:00+00:00,75.658,75.973,75.508,75.808,4887
2023-07-18 21:00:00+00:00,75.838,75.863,75.642,75.677,896
2023-07-19 01:00:00+00:00,75.672,75.787,75.397,75.427,2663
2023-07-19 05:00:00+00:00,75.432,76.297,75.396,76.147,6858
2023-07-19 09:00:00+00:00,76.152,76.307,75.741,76.257,6429
2023-07-19 13:00:00+00:00,76.262,76.932,75.626,75.921,17023
2023-07-19 17:00:00+00:00,75.926,76.131,75.095,75.445,5244
2023-07-19 21:00:00+00:00,75.37,75.395,75.205,75.315,980
2023-07-20 01:00:00+00:00,75.31,75.625,75.31,75.374,3172
2023-07-20 05:00:00+00:00,75.379,75.77,75.209,75.704,7498
2023-07-20 09:00:00+00:00,75.709,75.814,75.354,75.694,6657
2023-07-20 13:00:00+00:00,75.699,76.224,74.583,75.814,15039
2023-07-20 17:00:00+00:00,75.819,75.934,75.438,75.773,4917
2023-07-20 21:00:00+00:00,75.763,75.923,75.763,75.843,818
2023-07-21 01:00:00+00:00,75.838,76.534,75.838,76.383,3411
2023-07-21 05:00:00+00:00,76.388,76.593,76.153,76.248,6923
2023-07-21 09:00:00+00:00,76.253,76.918,76.233,76.788,7524
2023-07-21 13:00:00+00:00,76.793,77.143,75.942,77.113,13049
2023-07-21 17:00:00+00:00,77.108,77.353,76.717,76.887,4293
2023-07-23 21:00:00+00:00,77.008,77.008,76.618,76.778,1227
2023-07-24 01:00:00+00:00,76.783,77.103,76.638,76.978,4064
2023-07-24 05:00:00+00:00,76.983,77.177,76.497,77.097,7524
2023-07-24 09:00:00+00:00,77.102,77.983,76.857,77.848,9252
2023-07-24 13:00:00+00:00,77.843,79.338,77.302,79.208,15370
2023-07-24 17:00:00+00:00,79.198,79.298,78.728,78.968,4583
2023-07-24 21:00:00+00:00,78.933,78.992,78.872,78.987,797
2023-07-25 01:00:00+00:00,78.982,79.097,78.807,79.027,3442
2023-07-25 05:00:00+00:00,79.022,79.147,78.346,78.626,8101
2023-07-25 09:00:00+00:00,78.631,79.107,78.401,78.521,6801
2023-07-25 13:00:00+00:00,78.531,79.877,78.381,79.521,13383
2023-07-25 17:00:00+00:00,79.511,79.957,79.356,79.391,4080
2023-07-25 21:00:00+00:00,79.391,79.471,79.276,79.355,1128
2023-07-26 01:00:00+00:00,79.35,79.49,79.21,79.235,3198
2023-07-26 05:00:00+00:00,79.23,79.64,79.12,79.21,6958
2023-07-26 09:00:00+00:00,79.195,79.245,78.674,78.849,7186
2023-07-26 13:00:00+00:00,78.859,79.825,78.699,79.309,12648
2023-07-26 17:00:00+00:00,79.319,79.319,78.608,78.983,7942
2023-07-26 21:00:00+00:00,78.953,79.238,78.923,79.233,977
2023-07-27 01:00:00+00:00,79.243,79.783,79.228,79.693,3431
2023-07-27 05:00:00+00:00,79.698,79.803,79.343,79.598,7411
2023-07-27 09:00:00+00:00,79.603,80.223,79.432,79.893,8176
2023-07-27 13:00:00+00:00,79.903,80.653,79.097,80.623,16677
2023-07-27 17:00:00+00:00,80.618,80.658,79.587,79.862,6670
2023-07-27 21:00:00+00:00,79.847,79.852,79.561,79.706,1235
2023-07-28 01:00:00+00:00,79.701,79.926,79.601,79.741,5223
2023-07-28 05:00:00+00:00,79.751,80.256,79.741,80.016,7426
2023-07-28 09:00:00+00:00,80.011,80.261,79.731,80.221,6497
2023-07-28 13:00:00+00:00,80.216,80.441,79.125,79.625,15135
2023-07-28 17:00:00+00:00,79.62,80.761,79.585,80.72,5555
2023-07-30 21:00:00+00:00,80.596,80.691,80.375,80.39,1453
2023-07-31 01:00:00+00:00,80.385,80.625,80.175,80.285,4199
2023-07-31 05:00:00+00:00,80.28,80.83,80.185,80.75,6802
2023-07-31 09:00:00+00:00,80.755,81.56,80.5,81.315,7460
2023-07-31 13:00:00+00:00,81.32,81.77,81.079,81.184,13127
2023-07-31 17:00:00+00:00,81.179,82.045,81.124,81.799,4425
2023-07-31 21:00:00+00:00,81.789,81.839,81.624,81.694,852
2023-08-01 01:00:00+00:00,81.699,81.834,81.514,81.663,2804
2023-08-01 05:00:00+00:00,81.658,81.738,81.188,81.578,5852
2023-08-01 09:00:00+00:00,81.573,81.748,81.202,81.212,6952
2023-08-01 13:00:00+00:00,81.217,81.712,80.647,81.487,15524
2023-08-01 17:00:00+00:00,81.477,82.262,81.292,82.202,5912
2023-08-01 21:00:00+00:00,82.092,82.472,81.922,82.252,2180
2023-08-02 01:00:00+00:00,82.247,82.472,82.086,82.111,4057
2023-08-02 05:00:00+00:00,82.106,82.321,81.571,81.996,8435
2023-08-02 09:00:00+00:00,82.006,82.231,81.786,81.926,7748
2023-08-02 13:00:00+00:00,81.916,81.981,79.099,79.504,24159
2023-08-02 17:00:00+00:00,79.514,79.959,79.159,79.779,5947
2023-08-02 21:00:00+00:00,79.774,79.868,79.593,79.658,1016
2023-08-03 01:00:00+00:00,79.653,79.998,79.533,79.573,3533
2023-08-03 05:00:00+00:00,79.578,79.718,78.742,79.347,9931
2023-08-03 09:00:00+00:00,79.342,80.778,79.037,80.768,11671
2023-08-03 13:00:00+00:00,80.773,81.713,79.962,81.663,18818
2023-08-03 17:00:00+00:00,81.673,81.898,81.473,81.768,5371
2023-08-03 21:00:00+00:00,81.737,81.987,81.707,81.977,1223
2023-08-04 01:00:00+00:00,81.982,82.072,81.592,81.767,3973
2023-08-04 05:00:00+00:00,81.762,82.137,81.647,81.942,7519
2023-08-04 09:00:00+00:00,81.947,82.292,81.556,82.016,8795
2023-08-04 13:00:00+00:00,82.021,83.271,81.561,83.206,14419
2023-08-04 17:00:00+00:00,83.211,83.236,82.566,82.671,4647
2023-08-06 21:00:00+00:00,82.806,83.331,82.791,83.261,2011
2023-08-07 01:00:00+00:00,83.256,83.261,82.746,82.781,3446
2023-08-07 05:00:00+00:00,82.776,82.851,82.09,82.185,5865
2023-08-07 09:00:00+00:00,82.18,82.475,81.814,82.27,6128
2023-08-07 13:00:00+00:00,82.285,82.505,81.569,82.204,12964
2023-08-07 17:00:00+00:00,82.214,82.579,81.859,82.514,4389
2023-08-07 21:00:00+00:00,82.539,82.539,82.338,82.348,735
2023-08-08 01:00:00+00:00,82.338,82.338,81.908,82.068,4474
2023-08-08 05:00:00+00:00,82.073,82.098,80.907,81.127,7239
2023-08-08 09:00:00+00:00,81.117,81.197,79.956,80.472,9604
2023-08-08 13:00:00+00:00,80.467,82.247,80.366,82.197,16387
2023-08-08 17:00:00+00:00,82.192,83.102,82.142,82.847,5830
2023-08-08 21:00:00+00:00,82.887,82.901,82.711,82.736,1136
2023-08-09 01:00:00+00:00,82.741,82.881,82.706,82.811,3456
2023-08-09 05:00:00+00:00,82.816,83.411,82.706,83.411,6529
2023-08-09 09:00:00+00:00,83.426,84.141,83.386,83.801,8531
2023-08-09 13:00:00+00:00,83.811,84.676,83.055,83.465,18786
2023-08-09 17:00:00+00:00,83.47,84.485,83.33,84.255,6185
2023-08-09 21:00:00+00:00,84.225,84.345,84.15,84.325,903
2023-08-10 01:00:00+00:00,84.33,84.434,84.175,84.384,3161
2023-08-10 05:00:00+00:00,84.379,84.924,84.339,84.624,7416
2023-08-10 09:00:00+00:00,84.619,84.719,83.698,84.018,9232
2023-08-10 13:00:00+00:00,84.008,84.183,82.905,83.195,19352
2023-08-10 17:00:00+00:00,83.2,83.326,82.696,82.941,9893
2023-08-10 21:00:00+00:00,82.955,83.079,82.914,83.059,856
2023-08-11 01:00:00+00:00,83.054,83.215,82.739,82.754,4067
2023-08-11 05:00:00+00:00,82.749,83.205,82.526,82.968,6198
2023-08-11 09:00:00+00:00,82.958,83.55,82.363,83.5,9335
2023-08-11 13:00:00+00:00,83.51,83.784,82.653,83.608,19244
2023-08-11 17:00:00+00:00,83.613,83.708,83.011,83.026,7997
2023-08-13 21:00:00+00:00,83.03,83.05,82.702,82.837,1536
2023-08-14 01:00:00+00:00,82.832,83.037,82.255,82.265,4275
2023-08-14 05:00:00+00:00,82.27,83.028,81.967,82.761,7365
2023-08-14 09:00:00+00:00,82.766,83.027,81.762,81.913,8505
2023-08-14 13:00:00+00:00,81.918,83.09,81.867,82.444,19454
2023-08-14 17:00:00+00:00,82.439,82.921,82.247,82.451,6851
2023-08-14 21:00:00+00:00,82.521,82.521,82.314,82.454,792
2023-08-15 01:00:00+00:00,82.459,82.69,82.383,82.511,3116
2023-08-15 05:00:00+00:00,82.517,82.888,81.986,82.368,8342
2023-08-15 09:00:00+00:00,82.363,82.403,81.168,81.349,10726
2023-08-15 13:00:00+00:00,81.354,81.927,80.507,80.767,22395
2023-08-15 17:00:00+00:00,80.777,81.189,80.571,81.117,6691
2023-08-15 21:00:00+00:00,81.288,81.303,80.893,81.029,976
2023-08-16 01:00:00+00:00,81.024,81.134,80.715,80.8,3243
2023-08-16 05:00:00+00:00,80.795,81.301,80.582,80.989,6965
2023-08-16 09:00:00+00:00,80.979,81.465,80.806,81.213,7569
2023-08-16 13:00:00+00:00,81.192,81.499,79.897,79.977,19804
2023-08-16 17:00:00+00:00,79.972,80.102,79.216,79.416,9791
2023-08-16 21:00:00+00:00,79.395,79.451,79.112,79.157,1405
2023-08-17 01:00:00+00:00,79.162,79.638,79.132,79.426,3686
2023-08-17 05:00:00+00:00,79.421,80.038,79.265,79.63,7868
2023-08-17 09:00:00+00:00,79.625,80.489,79.559,80.307,10260
2023-08-17 13:00:00+00:00,80.307,81.126,80.292,80.752,14934
2023-08-17 17:00:00+00:00,80.757,80.792,80.021,80.091,6393
2023-08-17 21:00:00+00:00,80.11,80.355,79.948,80.34,1359
2023-08-18 01:00:00+00:00,80.345,80.701,80.299,80.347,4103
2023-08-18 05:00:00+00:00,80.352,80.854,80.179,80.486,8389
2023-08-18 09:00:00+00:00,80.481,80.521,79.522,79.598,9129
2023-08-18 13:00:00+00:00,79.593,81.281,79.562,81.235,18216
2023-08-18 17:00:00+00:00,81.225,81.461,80.958,81.248,6260
2023-08-20 21:00:00+00:00,81.162,81.162,80.91,81.079,1337
2023-08-21 01:00:00+00:00,81.074,81.963,81.049,81.66,5059
2023-08-21 05:00:00+00:00,81.65,81.915,81.431,81.482,6963
2023-08-21 09:00:00+00:00,81.476,82.204,81.426,82.092,7175
2023-08-21 13:00:00+00:00,82.082,82.087,80.687,81.004,14866
2023-08-21 17:00:00+00:00,81.014,81.084,80.42,80.649,6384
2023-08-21 21:00:00+00:00,80.699,80.729,80.517,80.722,706
2023-08-22 01:00:00+00:00,80.717,80.757,80.37,80.448,2757
2023-08-22 05:00:00+00:00,80.443,80.659,80.105,80.385,6128
2023-08-22 09:00:00+00:00,80.38,80.657,80.037,80.318,6709
2023-08-22 13:00:00+00:00,80.308,80.815,80.051,80.345,13013
2023-08-22 17:00:00+00:00,80.335,80.45,79.897,80.076,4270
2023-08-22 21:00:00+00:00,80.076,80.186,79.913,80.003,792
2023-08-23 01:00:00+00:00,80.008,80.334,79.983,80.192,2357
2023-08-23 05:00:00+00:00,80.197,80.282,79.476,79.616,6185
2023-08-23 09:00:00+00:00,79.632,79.692,78.634,78.83,7619
2023-08-23 13:00:00+00:00,78.835,79.814,78.035,79.4,16453
2023-08-23 17:00:00+00:00,79.395,79.862,78.846,78.966,5742
2023-08-23 21:00:00+00:00,79.01,79.094,78.935,79.034,903
2023-08-24 01:00:00+00:00,79.024,79.247,78.681,79.232,3415
2023-08-24 05:00:00+00:00,79.242,79.471,78.632,79.411,6680
2023-08-24 09:00:00+00:00,79.416,79.676,78.85,78.855,6931
2023-08-24 13:00:00+00:00,78.84,79.647,77.991,79.506,17689
2023-08-24 17:00:00+00:00,79.516,79.576,79.058,79.263,5171
2023-08-24 21:00:00+00:00,79.292,79.441,79.252,79.421,723
2023-08-25 01:00:00+00:00,79.426,79.878,79.426,79.725,2749
2023-08-25 05:00:00+00:00,79.73,80.471,79.7,80.446,6403
2023-08-25 09:00:00+00:00,80.441,80.592,80.249,80.464,5485
2023-08-25 13:00:00+00:00,80.469,80.83,79.718,79.863,22389
2023-08-25 17:00:00+00:00,79.858,80.691,78.542,80.403,10778
2023-08-27 21:00:00+00:00,80.433,80.744,80.363,80.416,1184
2023-08-28 01:00:00+00:00,80.421,80.562,80.049,80.137,3509
2023-08-28 05:00:00+00:00,80.132,80.728,80.117,80.537,5404
2023-08-28 09:00:00+00:00,80.532,80.687,79.963,80.238,6364
2023-08-28 13:00:00+00:00,80.243,81.212,80.06,80.336,15508
2023-08-28 17:00:00+00:00,80.331,80.626,80.149,80.328,5335
2023-08-28 21:00:00+00:00,80.318,80.472,80.313,80.366,603
2023-08-29 01:00:00+00:00,80.361,80.465,80.125,80.404,2740
2023-08-29 05:00:00+00:00,80.399,80.878,80.131,80.773,5508
2023-08-29 09:00:00+00:00,80.763,81.173,80.707,80.75,6279
2023-08-29 13:00:00+00:00,80.755,80.999,79.695,80.999,15766
2023-08-29 17:00:00+00:00,81.009,81.734,80.908,81.639,5347
2023-08-29 21:00:00+00:00,81.608,81.798,81.593,81.697,872
2023-08-30 01:00:00+00:00,81.702,81.937,81.686,81.82,2647
2023-08-30 05:00:00+00:00,81.815,82.064,81.496,81.902,5283
2023-08-30 09:00:00+00:00,81.907,82.213,81.739,81.769,6904
2023-08-30 13:00:00+00:00,81.764,82.371,81.205,81.737,16489
2023-08-30 17:00:00+00:00,81.732,82.065,81.46,82.03,5880
2023-08-30 21:00:00+00:00,81.969,82.133,81.934,82.053,554
2023-08-31 01:00:00+00:00,82.063,82.113,81.801,81.96,1929
2023-08-31 05:00:00+00:00,81.955,82.264,81.828,82.218,4312
2023-08-31 09:00:00+00:00,82.223,82.999,82.073,82.959,6715
2023-08-31 13:00:00+00:00,82.964,83.56,82.415,82.936,15594
2023-08-31 17:00:00+00:00,82.926,83.994,82.911,83.897,5342
2023-08-31 21:00:00+00:00,83.881,84.035,83.776,83.95,1002
2023-09-01 01:00:00+00:00,83.96,84.155,83.96,84.082,2430
2023-09-01 05:00:00+00:00,84.072,84.456,84.051,84.341,4946
2023-09-01 09:00:00+00:00,84.351,85.241,84.311,85.156,7679
2023-09-01 13:00:00+00:00,85.171,85.801,84.915,85.761,17840
2023-09-01 17:00:00+00:00,85.766,86.36,85.6,86.315,5549
2023-09-03 21:00:00+00:00,86.257,86.287,86.006,86.135,1352
2023-09-04 01:00:00+00:00,86.15,86.16,85.862,85.891,3638
2023-09-04 05:00:00+00:00,85.886,86.01,85.538,85.718,5095
2023-09-04 09:00:00+00:00,85.713,86.008,85.658,85.746,4379
2023-09-04 13:00:00+00:00,85.751,86.395,85.705,86.164,6811
2023-09-04 17:00:00+00:00,86.159,86.254,86.113,86.233,661
2023-09-04 21:00:00+00:00,86.161,86.181,86.029,86.114,1024
2023-09-05 01:00:00+00:00,86.119,86.324,85.897,86.176,2867
2023-09-05 05:00:00+00:00,86.181,86.221,85.301,85.612,5978
2023-09-05 09:00:00+00:00,85.617,85.86,85.265,85.77,6783
2023-09-05 13:00:00+00:00,85.775,88.29,85.765,87.602,24798
2023-09-05 17:00:00+00:00,87.582,87.602,86.664,86.973,7817
2023-09-05 21:00:00+00:00,86.947,87.176,86.867,87.07,907
2023-09-06 01:00:00+00:00,87.075,87.236,86.892,86.902,2702
2023-09-06 05:00:00+00:00,86.912,87.052,86.158,86.218,6531
2023-09-06 09:00:00+00:00,86.223,86.942,86.187,86.661,6393
2023-09-06 13:00:00+00:00,86.676,87.847,86.385,87.696,18230
2023-09-06 17:00:00+00:00,87.701,88.312,87.491,87.804,6239
2023-09-06 21:00:00+00:00,87.793,87.933,87.753,87.886,739
2023-09-07 01:00:00+00:00,87.891,87.966,87.387,87.417,3533
2023-09-07 05:00:00+00:00,87.412,87.606,87.134,87.385,5815
2023-09-07 09:00:00+00:00,87.38,87.537,86.998,87.532,6633
2023-09-07 13:00:00+00:00,87.542,87.922,86.622,86.702,16038
2023-09-07 17:00:00+00:00,86.707,87.333,86.597,86.98,6537
2023-09-07 21:00:00+00:00,87.0,87.0,86.672,86.782,709
2023-09-08 01:00:00+00:00,86.787,87.018,86.364,86.394,3284
2023-09-08 05:00:00+00:00,86.389,87.148,86.379,86.907,5953
2023-09-08 09:00:00+00:00,86.902,87.917,86.697,87.812,7478
2023-09-08 13:00:00+00:00,87.822,88.145,87.034,87.734,15676
2023-09-08 17:00:00+00:00,87.744,87.963,87.36,87.42,5245
2023-09-10 21:00:00+00:00,87.487,87.492,86.875,87.029,2092
2023-09-11 01:00:00+00:00,87.019,87.272,86.899,87.232,5147
2023-09-11 05:00:00+00:00,87.227,87.536,86.964,87.064,7995
2023-09-11 09:00:00+00:00,87.069,87.447,86.983,87.317,7348
2023-09-11 13:00:00+00:00,87.332,88.298,87.105,87.745,15565
2023-09-11 17:00:00+00:00,87.75,87.814,87.248,87.472,5226
2023-09-11 21:00:00+00:00,87.391,87.48,87.369,87.424,717
2023-09-12 01:00:00+00:00,87.419,87.987,87.358,87.957,3761
2023-09-12 05:00:00+00:00,87.952,88.105,87.565,88.054,6312
2023-09-12 09:00:00+00:00,88.059,88.743,87.993,88.663,7567
2023-09-12 13:00:00+00:00,88.673,89.432,88.562,89.241,13582
2023-09-12 17:00:00+00:00,89.236,89.496,88.877,88.907,4967
2023-09-12 21:00:00+00:00,88.897,89.15,88.867,89.13,795
2023-09-13 01:00:00+00:00,89.135,89.315,88.953,89.232,3153
2023-09-13 05:00:00+00:00,89.252,89.766,89.051,89.56,6315
2023-09-13 09:00:00+00:00,89.565,89.633,89.157,89.367,8057
2023-09-13 13:00:00+00:00,89.352,89.516,88.515,88.829,18997
2023-09-13 17:00:00+00:00,88.824,88.991,88.407,88.981,5235
2023-09-13 21:00:00+00:00,88.87,89.019,88.799,88.978,768
2023-09-14 01:00:00+00:00,88.988,89.121,88.928,89.106,3238
2023-09-14 05:00:00+00:00,89.101,89.509,89.091,89.303,6331
2023-09-14 09:00:00+00:00,89.293,90.167,89.048,90.061,8375
2023-09-14 13:00:00+00:00,90.046,90.45,89.716,90.435,15906
2023-09-14 17:00:00+00:00,90.44,90.9,90.197,90.83,6660
2023-09-14 21:00:00+00:00,90.768,90.918,90.581,90.796,1486
2023-09-15 01:00:00+00:00,90.791,91.262,90.76,91.125,4071
2023-09-15 05:00:00+00:00,91.136,91.136,90.548,90.664,7353
2023-09-15 09:00:00+00:00,90.669,90.788,90.358,90.368,7112
2023-09-15 13:00:00+00:00,90.373,90.966,89.325,90.607,19250
2023-09-15 17:00:00+00:00,90.597,91.122,90.4,91.097,7103
2023-09-17 21:00:00+00:00,91.027,91.042,90.693,90.848,1331
2023-09-18 01:00:00+00:00,90.853,91.399,90.853,91.278,3665
2023-09-18 05:00:00+00:00,91.273,91.538,90.751,90.771,6714
2023-09-18 09:00:00+00:00,90.776,91.775,90.751,91.714,6907
2023-09-18 13:00:00+00:00,91.719,91.999,90.916,90.976,12883
2023-09-18 17:00:00+00:00,90.971,91.773,90.532,91.617,7296
2023-09-18 21:00:00+00:00,91.596,91.785,91.596,91.735,1189
2023-09-19 01:00:00+00:00,91.73,92.004,91.522,91.897,3104
2023-09-19 05:00:00+00:00,91.903,92.307,91.629,92.191,6929
2023-09-19 09:00:00+00:00,92.186,92.621,91.65,92.535,7802
2023-09-19 13:00:00+00:00,92.53,93.054,91.485,91.711,16688
2023-09-19 17:00:00+00:00,91.716,91.731,90.93,91.3,7189
2023-09-19 21:00:00+00:00,91.229,91.465,90.869,90.889,1311
2023-09-20 01:00:00+00:00,90.899,90.959,89.966,90.373,4067
2023-09-20 05:00:00+00:00,90.368,90.458,89.554,89.68,8098
2023-09-20 09:00:00+00:00,89.69,90.559,89.67,90.2,7960
2023-09-20 13:00:00+00:00,90.205,91.658,89.903,91.304,17572
2023-09-20 17:00:00+00:00,91.309,91.319,89.766,89.811,10582
2023-09-20 21:00:00+00:00,89.856,89.951,89.672,89.722,1203
2023-09-21 01:00:00+00:00,89.717,89.732,89.435,89.588,3328
2023-09-21 05:00:00+00:00,89.593,89.689,88.941,89.147,6736
2023-09-21 09:00:00+00:00,89.152,90.633,89.152,90.598,10201
2023-09-21 13:00:00+00:00,90.608,91.564,90.223,90.459,19348
2023-09-21 17:00:00+00:00,90.464,90.695,90.04,90.119,7012
2023-09-21 21:00:00+00:00,90.168,90.463,90.098,90.453,1142
2023-09-22 01:00:00+00:00,90.442,90.969,90.336,90.862,3745
2023-09-22 05:00:00+00:00,90.872,90.965,90.296,90.753,8020
2023-09-22 09:00:00+00:00,90.758,91.68,90.622,91.509,7962
2023-09-22 13:00:00+00:00,91.514,91.881,89.861,90.505,18964
2023-09-22 17:00:00+00:00,90.515,91.031,90.253,90.884,8331
2023-09-24 21:00:00+00:00,90.98,91.154,90.688,90.952,1692
2023-09-25 01:00:00+00:00,90.957,91.123,90.588,90.919,3433
2023-09-25 05:00:00+00:00,90.914,91.328,90.737,90.976,7811
2023-09-25 09:00:00+00:00,90.981,91.031,90.118,90.364,8117
2023-09-25 13:00:00+00:00,90.374,91.047,89.518,90.255,14186
2023-09-25 17:00:00+00:00,90.25,90.484,90.018,90.368,5823
2023-09-25 21:00:00+00:00,90.362,90.377,90.063,90.068,855
2023-09-26 01:00:00+00:00,90.053,90.298,89.733,89.803,3162
2023-09-26 05:00:00+00:00,89.788,89.908,88.665,89.116,8745
2023-09-26 09:00:00+00:00,89.121,89.857,88.98,89.792,8431
2023-09-26 13:00:00+00:00,89.781,91.196,89.545,91.035,15106
2023-09-26 17:00:00+00:00,91.03,91.17,90.757,91.016,5518
2023-09-26 21:00:00+00:00,91.001,91.215,90.89,91.063,891
2023-09-27 01:00:00+00:00,91.068,91.84,91.063,91.814,3727
2023-09-27 05:00:00+00:00,91.809,92.098,91.43,91.876,6998
2023-09-27 09:00:00+00:00,91.871,92.979,91.589,92.662,10275
2023-09-27 13:00:00+00:00,92.667,94.498,92.355,94.322,22912
2023-09-27 17:00:00+00:00,94.312,94.637,93.844,94.162,9370
2023-09-27 21:00:00+00:00,94.212,95.134,94.162,95.069,2025
2023-09-28 01:00:00+00:00,95.064,95.501,94.872,95.13,6170
2023-09-28 05:00:00+00:00,95.125,95.125,93.871,94.318,10230
2023-09-28 09:00:00+00:00,94.313,94.353,93.265,93.511,12987
2023-09-28 13:00:00+00:00,93.506,93.822,92.741,92.9,20608
2023-09-28 17:00:00+00:00,92.905,92.95,91.833,92.243,10746
2023-09-28 21:00:00+00:00,92.192,92.342,92.009,92.094,1183
2023-09-29 01:00:00+00:00,92.099,92.55,92.019,92.206,2352
2023-09-29 05:00:00+00:00,92.216,92.545,91.952,92.128,7914
2023-09-29 09:00:00+00:00,92.113,93.522,92.012,93.335,9839
2023-09-29 13:00:00+00:00,93.325,93.37,90.962,91.92,23608
2023-09-29 17:00:00+00:00,91.925,91.965,90.774,91.178,9462
2023-10-01 21:00:00+00:00,91.254,91.6,91.254,91.347,1720
2023-10-02 01:00:00+00:00,91.337,91.555,91.196,91.308,1549
2023-10-02 05:00:00+00:00,91.313,91.773,90.989,91.551,7293
2023-10-02 09:00:00+00:00,91.561,92.242,91.111,91.121,9398
2023-10-02 13:00:00+00:00,91.116,91.578,89.106,89.923,24173
2023-10-02 17:00:00+00:00,89.918,89.928,88.807,88.976,6697
2023-10-02 21:00:00+00:00,89.005,89.05,88.617,88.636,1345
2023-10-03 01:00:00+00:00,88.631,88.649,88.103,88.513,2923
2023-10-03 05:00:00+00:00,88.508,89.293,88.191,89.217,8295
2023-10-03 09:00:00+00:00,89.207,89.332,88.543,89.099,10100
2023-10-03 13:00:00+00:00,89.094,90.602,88.391,89.954,28270
2023-10-03 17:00:00+00:00,89.959,90.064,89.355,89.765,7473
2023-10-03 21:00:00+00:00,89.744,89.912,89.602,89.817,1302
2023-10-04 01:00:00+00:00,89.822,89.842,89.329,89.517,2967
2023-10-04 05:00:00+00:00,89.512,89.572,88.441,89.057,9428
2023-10-04 09:00:00+00:00,89.062,89.128,87.273,87.94,13971
2023-10-04 13:00:00+00:00,87.945,88.136,85.324,85.549,22564
2023-10-04 17:00:00+00:00,85.544,85.604,84.459,84.743,9414
2023-10-04 21:00:00+00:00,84.762,84.867,84.515,84.755,1796
2023-10-05 01:00:00+00:00,84.75,85.079,84.574,84.963,2605
2023-10-05 05:00:00+00:00,84.958,85.202,83.55,83.55,10383
2023-10-05 09:00:00+00:00,83.54,84.385,82.63,83.702,15859
2023-10-05 13:00:00+00:00,83.697,84.875,82.541,83.077,29317
2023-10-05 17:00:00+00:00,83.087,83.558,82.424,82.813,10400
2023-10-05 21:00:00+00:00,82.562,83.222,82.562,83.217,1578
2023-10-06 01:00:00+00:00,83.207,83.207,82.717,82.777,2177
2023-10-06 05:00:00+00:00,82.782,83.372,82.334,82.734,8833
2023-10-06 09:00:00+00:00,82.729,83.024,81.769,82.626,15310
2023-10-06 13:00:00+00:00,82.631,83.521,81.878,82.889,28559
2023-10-06 17:00:00+00:00,82.884,83.389,82.572,83.076,8131
2023-10-08 21:00:00+00:00,84.965,86.693,84.94,86.622,7912
2023-10-09 01:00:00+00:00,86.632,87.459,86.037,86.072,8459
2023-10-09 05:00:00+00:00,86.067,86.277,85.087,85.478,14331
2023-10-09 09:00:00+00:00,85.483,86.553,85.232,86.171,13851
2023-10-09 13:00:00+00:00,86.161,86.967,85.569,86.334,21919
2023-10-09 17:00:00+00:00,86.339,86.696,85.913,86.557,8339
2023-10-09 21:00:00+00:00,86.621,86.669,86.254,86.35,1426
2023-10-10 01:00:00+00:00,86.355,86.515,85.97,86.081,3843
2023-10-10 05:00:00+00:00,86.087,86.856,85.499,86.677,8887
2023-10-10 09:00:00+00:00,86.682,86.703,85.895,86.133,10446
2023-10-10 13:00:00+00:00,86.138,86.49,85.261,86.166,21702
2023-10-10 17:00:00+00:00,86.161,86.32,85.663,86.036,8308
2023-10-10 21:00:00+00:00,86.039,86.341,85.936,86.279,1115
2023-10-11 01:00:00+00:00,86.284,86.321,86.043,86.261,2454
2023-10-11 05:00:00+00:00,86.256,86.589,85.912,85.952,7072
2023-10-11 09:00:00+00:00,85.942,86.074,85.068,85.132,10359
2023-10-11 13:00:00+00:00,85.096,85.745,83.426,84.7,28179
2023-10-11 17:00:00+00:00,84.706,84.849,83.61,83.717,9928
2023-10-11 21:00:00+00:00,83.623,83.782,83.466,83.664,1344
2023-10-12 01:00:00+00:00,83.669,83.674,83.201,83.59,3093
2023-10-12 05:00:00+00:00,83.585,84.753,83.251,84.62,8184
2023-10-12 09:00:00+00:00,84.61,85.44,84.466,85.266,9930
2023-10-12 13:00:00+00:00,85.261,85.547,83.415,83.563,23366
2023-10-12 17:00:00+00:00,83.558,84.098,83.055,84.041,11424
2023-10-12 21:00:00+00:00,84.039,84.152,83.916,84.049,1028
2023-10-13 01:00:00+00:00,84.044,84.291,83.936,84.205,2521
2023-10-13 05:00:00+00:00,84.2,85.883,84.193,85.806,7317
2023-10-13 09:00:00+00:00,85.795,87.442,85.78,87.232,13355
2023-10-13 13:00:00+00:00,87.238,87.5,85.97,87.465,20839
2023-10-13 17:00:00+00:00,87.47,88.309,87.428,88.182,9595
2023-10-15 21:00:00+00:00,88.082,88.366,87.444,87.821,3933
2023-10-16 01:00:00+00:00,87.816,88.229,87.587,88.099,4306
2023-10-16 05:00:00+00:00,88.104,88.18,87.328,87.73,10469
2023-10-16 09:00:00+00:00,87.724,88.625,87.525,88.384,10336
2023-10-16 13:00:00+00:00,88.374,88.374,86.644,87.5,22173
2023-10-16 17:00:00+00:00,87.495,87.546,86.738,87.284,6986
2023-10-16 21:00:00+00:00,87.292,87.328,86.748,87.026,1828
2023-10-17 01:00:00+00:00,87.021,87.021,86.366,86.687,3813
2023-10-17 05:00:00+00:00,86.682,87.293,86.574,86.96,9248
2023-10-17 09:00:00+00:00,86.965,87.276,86.729,87.075,9959
2023-10-17 13:00:00+00:00,87.085,87.724,85.965,86.67,21495
2023-10-17 17:00:00+00:00,86.675,88.042,86.499,87.991,7887
2023-10-17 21:00:00+00:00,88.04,88.932,87.913,88.574,2818
2023-10-18 01:00:00+00:00,88.564,89.418,88.534,88.944,5683
2023-10-18 05:00:00+00:00,88.933,89.186,88.42,89.109,8820
2023-10-18 09:00:00+00:00,89.104,90.187,88.328,88.388,13737
2023-10-18 13:00:00+00:00,88.383,89.017,87.828,88.859,21453
2023-10-18 17:00:00+00:00,88.854,89.336,88.486,88.704,7962
2023-10-18 21:00:00+00:00,88.748,88.935,88.167,88.365,1511
2023-10-19 01:00:00+00:00,88.37,88.735,88.324,88.698,2987
2023-10-19 05:00:00+00:00,88.693,88.771,87.118,87.225,10420
2023-10-19 09:00:00+00:00,87.215,88.378,86.995,88.072,10383
2023-10-19 13:00:00+00:00,88.062,89.596,87.603,89.428,19325
2023-10-19 17:00:00+00:00,89.423,91.106,89.403,90.743,10504
2023-10-19 21:00:00+00:00,90.543,91.01,90.512,90.684,2327
2023-10-20 01:00:00+00:00,90.679,91.154,90.572,90.895,3778
2023-10-20 05:00:00+00:00,90.9,91.355,90.421,91.248,8979
2023-10-20 09:00:00+00:00,91.233,91.405,90.641,91.067,8702
2023-10-20 13:00:00+00:00,91.077,91.208,90.007,90.007,19180
2023-10-20 17:00:00+00:00,90.017,90.321,89.038,89.831,10615
2023-10-22 21:00:00+00:00,89.354,89.638,88.789,88.83,2488
2023-10-23 01:00:00+00:00,88.825,88.844,88.238,88.355,4088
2023-10-23 05:00:00+00:00,88.365,89.515,88.207,89.505,8317
2023-10-23 09:00:00+00:00,89.51,89.616,88.693,88.867,7992
2023-10-23 13:00:00+00:00,88.862,89.04,87.052,87.184,23260
2023-10-23 17:00:00+00:00,87.189,87.483,86.676,87.42,8789
2023-10-23 21:00:00+00:00,87.464,87.608,87.275,87.336,1318
2023-10-24 01:00:00+00:00,87.326,87.541,87.138,87.161,3863
2023-10-24 05:00:00+00:00,87.176,87.582,86.373,86.986,8426
2023-10-24 09:00:00+00:00,86.981,87.436,86.619,86.983,9066
2023-10-24 13:00:00+00:00,86.963,86.963,84.191,84.956,24871
2023-10-24 17:00:00+00:00,84.946,85.299,84.744,84.903,7360
2023-10-24 21:00:00+00:00,84.942,85.149,84.758,84.799,1416
2023-10-25 01:00:00+00:00,84.789,85.048,84.687,84.792,3416
2023-10-25 05:00:00+00:00,84.781,85.2,84.385,85.088,7634
2023-10-25 09:00:00+00:00,85.083,85.352,84.624,85.132,7728
2023-10-25 13:00:00+00:00,85.122,86.104,83.276,85.581,25493
2023-10-25 17:00:00+00:00,85.591,86.783,85.535,86.522,12536
2023-10-25 21:00:00+00:00,86.474,86.809,86.301,86.681,1728
2023-10-26 01:00:00+00:00,86.687,86.808,86.332,86.42,4023
2023-10-26 05:00:00+00:00,86.425,86.74,85.697,86.058,9380
2023-10-26 09:00:00+00:00,86.068,86.134,83.724,84.489,14297
2023-10-26 13:00:00+00:00,84.479,85.449,84.173,84.892,25088
2023-10-26 17:00:00+00:00,84.902,85.221,84.159,84.656,9262
2023-10-26 21:00:00+00:00,84.675,84.91,84.542,84.771,1466
2023-10-27 01:00:00+00:00,84.776,85.782,84.689,85.716,4628
2023-10-27 05:00:00+00:00,85.711,86.277,85.351,86.053,8376
2023-10-27 09:00:00+00:00,86.058,86.498,85.022,85.742,10834
2023-10-27 13:00:00+00:00,85.742,85.995,84.209,85.709,27663
2023-10-27 17:00:00+00:00,85.699,87.034,85.313,86.288,13903
2023-10-29 21:00:00+00:00,86.181,86.222,84.748,85.781,3630
2023-10-30 01:00:00+00:00,85.786,86.003,85.188,85.207,4109
2023-10-30 05:00:00+00:00,85.196,85.544,84.862,84.941,8431
2023-10-30 09:00:00+00:00,84.936,85.804,84.733,85.03,11222
2023-10-30 13:00:00+00:00,85.025,85.363,83.31,83.565,23451
2023-10-30 17:00:00+00:00,83.57,84.049,82.786,83.538,12418
2023-10-30 21:00:00+00:00,83.521,83.875,83.47,83.799,1578
2023-10-31 01:00:00+00:00,83.788,83.884,83.253,83.655,4345
2023-10-31 05:00:00+00:00,83.65,84.109,83.447,83.759,7036
2023-10-31 09:00:00+00:00,83.754,84.231,83.505,83.852,10735
2023-10-31 13:00:00+00:00,83.862,84.305,82.834,83.041,24201
2023-10-31 17:00:00+00:00,83.046,83.046,81.648,82.275,9357
2023-10-31 21:00:00+00:00,82.461,82.511,81.98,82.066,1340
2023-11-01 01:00:00+00:00,82.061,82.379,81.927,82.034,3651
2023-11-01 05:00:00+00:00,82.029,82.514,81.916,82.304,5552
2023-11-01 09:00:00+00:00,82.34,84.051,82.335,83.707,9715
2023-11-01 13:00:00+00:00,83.702,84.303,82.124,82.492,19453
2023-11-01 17:00:00+00:00,82.487,82.735,81.161,81.752,12673
2023-11-01 21:00:00+00:00,81.68,82.014,81.563,81.937,1414
2023-11-02 01:00:00+00:00,81.947,82.38,81.942,82.162,3210
2023-11-02 05:00:00+00:00,82.157,82.687,81.911,82.514,6657
2023-11-02 09:00:00+00:00,82.519,82.922,81.679,81.85,9553
2023-11-02 13:00:00+00:00,81.845,83.258,81.051,82.934,23062
2023-11-02 17:00:00+00:00,82.939,83.66,82.858,83.32,7810
2023-11-02 21:00:00+00:00,83.359,83.534,83.278,83.363,1111
2023-11-03 01:00:00+00:00,83.369,83.716,83.192,83.619,3411
2023-11-03 05:00:00+00:00,83.624,83.94,83.448,83.743,4882
2023-11-03 09:00:00+00:00,83.763,84.413,82.983,84.119,9495
2023-11-03 13:00:00+00:00,84.109,84.109,81.517,81.527,33182
2023-11-03 17:00:00+00:00,81.537,82.027,80.879,81.641,9197
2023-11-05 22:00:00+00:00,81.683,81.837,81.345,81.708,3164
2023-11-06 02:00:00+00:00,81.703,81.874,81.529,81.58,2405
2023-11-06 06:00:00+00:00,81.574,82.627,81.574,82.48,7104
2023-11-06 10:00:00+00:00,82.475,82.781,81.848,82.054,9415
2023-11-06 14:00:00+00:00,82.044,82.898,81.913,82.596,18516
2023-11-06 18:00:00+00:00,82.601,82.652,81.394,81.546,6404
2023-11-06 22:00:00+00:00,81.61,81.674,81.065,81.151,2306
2023-11-07 02:00:00+00:00,81.146,81.305,80.877,80.987,3007
2023-11-07 06:00:00+00:00,80.982,80.987,79.54,79.751,9356
2023-11-07 10:00:00+00:00,79.736,80.331,79.443,80.051,11261
2023-11-07 14:00:00+00:00,80.036,80.081,78.06,78.473,17376
2023-11-07 18:00:00+00:00,78.468,78.628,77.67,77.685,6740
2023-11-07 22:00:00+00:00,77.714,77.794,77.077,77.653,3616
2023-11-08 02:00:00+00:00,77.648,78.095,77.48,77.616,3511
2023-11-08 06:00:00+00:00,77.611,78.049,77.581,77.7,8268
2023-11-08 10:00:00+00:00,77.695,77.705,76.436,77.356,12863
2023-11-08 14:00:00+00:00,77.346,77.767,75.456,75.627,26168
2023-11-08 18:00:00+00:00,75.632,76.227,75.491,76.099,8022
2023-11-08 22:00:00+00:00,76.132,76.566,75.978,76.319,2531
2023-11-09 02:00:00+00:00,76.344,76.344,75.724,75.99,3419
2023-11-09 06:00:00+00:00,75.985,76.619,75.959,76.476,8308
2023-11-09 10:00:00+00:00,76.481,77.009,76.105,76.761,9812
2023-11-09 14:00:00+00:00,76.756,77.634,76.233,76.589,20232
2023-11-09 18:00:00+00:00,76.584,77.106,75.901,76.054,8263
2023-11-09 22:00:00+00:00,76.047,76.234,75.783,76.193,2096
2023-11-10 02:00:00+00:00,76.198,76.747,76.127,76.538,3585
2023-11-10 06:00:00+00:00,76.533,76.949,76.298,76.904,6520
2023-11-10 10:00:00+00:00,76.889,77.3,76.687,77.184,7068
2023-11-10 14:00:00+00:00,77.189,78.05,76.892,77.967,16582
2023-11-10 18:00:00+00:00,77.972,78.188,77.551,77.814,6360
2023-11-12 22:00:00+00:00,77.419,77.655,76.888,77.047,2987
2023-11-13 02:00:00+00:00,77.052,77.112,76.716,77.005,2436
2023-11-13 06:00:00+00:00,77.0,77.642,76.559,77.536,5906
2023-11-13 10:00:00+00:00,77.541,77.855,77.354,77.409,7649
2023-11-13 14:00:00+00:00,77.414,78.865,77.399,78.773,15445
2023-11-13 18:00:00+00:00,78.778,78.968,78.365,78.866,5164
2023-11-13 22:00:00+00:00,78.905,79.041,78.771,78.814,1574
2023-11-14 02:00:00+00:00,78.819,78.934,78.704,78.732,1883
2023-11-14 06:00:00+00:00,78.727,78.913,78.374,78.6,6144
2023-11-14 10:00:00+00:00,78.605,79.23,78.112,79.15,8824
2023-11-14 14:00:00+00:00,79.145,80.075,78.592,78.627,16043
2023-11-14 18:00:00+00:00,78.622,78.913,78.16,78.495,7139
2023-11-14 22:00:00+00:00,78.429,78.604,77.987,78.544,2025
2023-11-15 02:00:00+00:00,78.549,78.934,78.549,78.874,2285
2023-11-15 06:00:00+00:00,78.869,79.039,77.792,78.169,6375
2023-11-15 10:00:00+00:00,78.179,78.504,77.765,77.796,8812
2023-11-15 14:00:00+00:00,77.806,78.136,77.177,77.688,20597
2023-11-15 18:00:00+00:00,77.683,77.718,76.794,77.004,6659
2023-11-15 22:00:00+00:00,76.973,76.993,76.369,76.41,2217
2023-11-16 02:00:00+00:00,76.405,76.57,76.338,76.483,1966
2023-11-16 06:00:00+00:00,76.478,76.904,76.231,76.848,7279
2023-11-16 10:00:00+00:00,76.843,77.124,76.345,76.601,8771
2023-11-16 14:00:00+00:00,76.626,76.681,72.788,72.818,21392
2023-11-16 18:00:00+00:00,72.813,73.635,72.687,73.429,6312
2023-11-16 22:00:00+00:00,73.474,73.679,73.227,73.472,2546
2023-11-17 02:00:00+00:00,73.478,73.688,73.411,73.496,2136
2023-11-17 06:00:00+00:00,73.501,74.157,73.375,74.087,6874
2023-11-17 10:00:00+00:00,74.082,74.638,73.931,74.337,8305
2023-11-17 14:00:00+00:00,74.331,76.338,73.975,76.293,16290
2023-11-17 18:00:00+00:00,76.268,76.498,76.122,76.412,5615
2023-11-19 22:00:00+00:00,75.82,76.738,75.82,76.592,3683
2023-11-20 02:00:00+00:00,76.587,77.042,76.537,76.997,2248
2023-11-20 06:00:00+00:00,77.002,77.147,76.539,76.96,6793
2023-11-20 10:00:00+00:00,76.965,78.243,76.684,78.238,7747
2023-11-20 14:00:00+00:00,78.228,78.724,77.5,78.643,11781
2023-11-20 18:00:00+00:00,78.648,78.754,77.829,77.894,4187
2023-11-20 22:00:00+00:00,77.914,78.093,77.808,78.073,1927
2023-11-21 02:00:00+00:00,78.068,78.088,77.62,77.645,2093
2023-11-21 06:00:00+00:00,77.65,77.85,77.302,77.417,6878
2023-11-21 10:00:00+00:00,77.422,78.064,77.21,77.411,9117
2023-11-21 14:00:00+00:00,77.426,78.072,77.275,77.725,15043
2023-11-21 18:00:00+00:00,77.72,78.201,77.645,78.095,4293
2023-11-21 22:00:00+00:00,78.014,78.249,77.928,77.958,1673
2023-11-22 02:00:00+00:00,77.953,78.087,77.717,77.916,2086
2023-11-22 06:00:00+00:00,77.921,78.226,77.407,77.407,6325
2023-11-22 10:00:00+00:00,77.412,77.553,74.32,74.887,19667
2023-11-22 14:00:00+00:00,74.882,76.391,74.058,76.275,23150
2023-11-22 18:00:00+00:00,76.27,77.419,76.26,77.076,6940
2023-11-22 22:00:00+00:00,77.026,77.08,76.077,76.412,2937
2023-11-23 02:00:00+00:00,76.407,76.577,76.292,76.481,2080
2023-11-23 06:00:00+00:00,76.486,77.022,76.123,76.138,6652
2023-11-23 10:00:00+00:00,76.148,76.861,76.148,76.277,7480
2023-11-23 14:00:00+00:00,76.262,76.838,75.555,76.812,10273
2023-11-23 18:00:00+00:00,76.807,76.817,76.431,76.646,849
2023-11-23 22:00:00+00:00,76.555,77.055,76.439,77.05,1767
2023-11-24 02:00:00+00:00,77.045,77.05,76.582,76.767,2312
2023-11-24 06:00:00+00:00,76.762,76.992,76.616,76.846,5561
2023-11-24 10:00:00+00:00,76.851,77.111,76.243,76.388,5535
2023-11-24 14:00:00+00:00,76.373,77.335,76.096,76.176,14205
2023-11-24 18:00:00+00:00,76.186,76.306,75.333,75.433,1803
2023-11-26 22:00:00+00:00,75.452,75.944,75.401,75.441,3348
2023-11-27 02:00:00+00:00,75.446,75.496,74.914,75.159,3245
2023-11-27 06:00:00+00:00,75.154,75.479,74.746,74.766,7188
2023-11-27 10:00:00+00:00,74.776,75.537,74.279,74.975,10159
2023-11-27 14:00:00+00:00,74.98,76.444,74.743,74.858,17097
2023-11-27 18:00:00+00:00,74.863,75.771,74.728,75.243,6152
2023-11-27 22:00:00+00:00,75.287,75.582,75.196,75.552,1742
2023-11-28 02:00:00+00:00,75.557,75.577,74.914,74.999,2431
2023-11-28 06:00:00+00:00,74.989,76.1,74.949,76.06,6453
2023-11-28 10:00:00+00:00,76.055,76.12,74.856,75.482,10153
2023-11-28 14:00:00+00:00,75.477,77.225,75.442,77.14,14643
2023-11-28 18:00:00+00:00,77.145,77.15,76.473,76.768,4368
2023-11-28 22:00:00+00:00,76.757,77.182,76.707,76.821,2212
2023-11-29 02:00:00+00:00,76.826,76.861,76.625,76.749,2317
2023-11-29 06:00:00+00:00,76.744,77.645,76.573,77.485,7931
2023-11-29 10:00:00+00:00,77.49,78.08,77.249,77.573,7722
2023-11-29 14:00:00+00:00,77.578,78.153,75.883,77.928,19506
2023-11-29 18:00:00+00:00,77.938,78.293,77.712,77.916,6900
2023-11-29 22:00:00+00:00,77.905,77.971,77.659,77.719,2321
2023-11-30 02:00:00+00:00,77.724,78.589,77.699,78.419,3244
2023-11-30 06:00:00+00:00,78.424,78.989,78.112,78.763,8969
2023-11-30 10:00:00+00:00,78.758,79.79,78.126,79.168,19380
2023-11-30 14:00:00+00:00,79.173,79.794,75.251,76.624,33214
2023-11-30 18:00:00+00:00,76.629,77.101,75.3,75.811,9872
2023-11-30 22:00:00+00:00,75.805,76.14,75.635,76.065,2504
2023-12-01 02:00:00+00:00,76.06,76.264,75.543,76.194,3352
2023-12-01 06:00:00+00:00,76.199,76.523,75.686,76.012,8889
2023-12-01 10:00:00+00:00,76.007,76.648,75.454,76.235,10573
2023-12-01 14:00:00+00:00,76.246,76.947,75.915,76.54,20061
2023-12-01 18:00:00+00:00,76.535,76.545,74.113,74.563,10047
2023-12-03 22:00:00+00:00,74.85,75.185,74.012,74.012,5163
2023-12-04 02:00:00+00:00,74.017,74.042,73.529,73.594,3271
2023-12-04 06:00:00+00:00,73.599,73.929,73.017,73.803,6918
2023-12-04 10:00:00+00:00,73.813,74.353,73.236,73.306,13572
2023-12-04 14:00:00+00:00,73.311,74.858,72.784,73.971,22871
2023-12-04 18:00:00+00:00,73.981,74.011,73.128,73.428,5709
2023-12-04 22:00:00+00:00,73.458,73.587,73.226,73.341,2750
2023-12-05 02:00:00+00:00,73.331,73.431,73.17,73.375,2557
2023-12-05 06:00:00+00:00,73.38,74.22,73.119,73.784,7196
2023-12-05 10:00:00+00:00,73.794,74.044,72.315,72.831,11346
2023-12-05 14:00:00+00:00,72.821,74.253,72.68,72.994,24414
2023-12-05 18:00:00+00:00,72.999,73.014,72.166,72.206,7246
2023-12-05 22:00:00+00:00,72.266,72.596,72.216,72.525,2913
2023-12-06 02:00:00+00:00,72.53,72.73,72.269,72.359,2631
2023-12-06 06:00:00+00:00,72.364,72.728,72.027,72.207,6828
2023-12-06 10:00:00+00:00,72.202,72.207,71.209,71.439,11217
2023-12-06 14:00:00+00:00,71.424,71.424,69.229,69.759,19906
2023-12-06 18:00:00+00:00,69.754,70.07,69.282,69.367,6063
2023-12-06 22:00:00+00:00,69.417,69.922,69.417,69.827,3169
2023-12-07 02:00:00+00:00,69.822,69.956,69.7,69.72,2717
2023-12-07 06:00:00+00:00,69.725,70.32,69.715,70.149,7753
2023-12-07 10:00:00+00:00,70.154,70.594,69.693,70.198,9976
2023-12-07 14:00:00+00:00,70.203,70.568,68.919,69.48,18273
2023-12-07 18:00:00+00:00,69.485,69.881,69.21,69.754,6944
2023-12-07 22:00:00+00:00,69.899,70.409,69.618,70.389,4834
2023-12-08 02:00:00+00:00,70.394,70.738,70.248,70.728,4358
2023-12-08 06:00:00+00:00,70.718,71.383,70.602,70.942,7113
2023-12-08 10:00:00+00:00,70.952,71.241,70.351,70.86,9842
2023-12-08 14:00:00+00:00,70.855,71.736,70.564,70.834,17305
2023-12-08 18:00:00+00:00,70.829,71.483,70.778,71.418,4968
2023-12-10 22:00:00+00:00,71.154,71.604,71.014,71.454,3017
2023-12-11 02:00:00+00:00,71.459,71.843,71.403,71.832,1977
2023-12-11 06:00:00+00:00,71.827,71.892,70.88,70.89,5501
2023-12-11 10:00:00+00:00,70.885,71.419,70.439,71.079,7354
2023-12-11 14:00:00+00:00,71.084,71.459,70.657,71.292,15915
2023-12-11 18:00:00+00:00,71.302,71.783,71.247,71.481,5088
2023-12-11 22:00:00+00:00,71.521,71.595,71.36,71.515,1353
2023-12-12 02:00:00+00:00,71.51,71.974,71.465,71.904,1909
2023-12-12 06:00:00+00:00,71.899,72.033,71.427,71.702,5041
2023-12-12 10:00:00+00:00,71.697,71.762,69.938,69.968,9205
2023-12-12 14:00:00+00:00,69.963,70.004,68.375,68.405,17997
2023-12-12 18:00:00+00:00,68.415,69.019,68.33,68.83,5657
2023-12-12 22:00:00+00:00,68.835,68.92,68.202,68.696,2198
2023-12-13 02:00:00+00:00,68.686,68.846,68.377,68.522,2221
2023-12-13 06:00:00+00:00,68.517,68.692,67.819,68.577,7805
2023-12-13 10:00:00+00:00,68.587,69.481,68.458,69.177,7254
2023-12-13 14:00:00+00:00,69.182,69.776,68.818,69.302,15857
2023-12-13 18:00:00+00:00,69.307,69.976,69.088,69.971,7048
2023-12-13 22:00:00+00:00,69.956,70.201,69.921,70.002,1741
2023-12-14 02:00:00+00:00,69.997,69.997,69.658,69.923,2140
2023-12-14 06:00:00+00:00,69.928,70.936,69.828,70.836,6242
2023-12-14 10:00:00+00:00,70.846,71.605,70.657,71.59,7532
2023-12-14 14:00:00+00:00,71.595,72.563,71.575,72.439,12676
2023-12-14 18:00:00+00:00,72.444,72.494,71.586,71.801,5971
2023-12-14 22:00:00+00:00,71.806,71.991,71.697,71.897,1535
2023-12-15 02:00:00+00:00,71.887,72.211,71.877,71.907,1979
2023-12-15 06:00:00+00:00,71.902,72.252,71.628,71.933,6234
2023-12-15 10:00:00+00:00,71.928,72.382,71.614,72.148,7636
2023-12-15 14:00:00+00:00,72.158,72.168,70.482,72.024,19636
2023-12-15 18:00:00+00:00,72.029,72.029,71.531,71.955,6224
2023-12-17 22:00:00+00:00,71.939,72.488,71.8,71.935,2385
2023-12-18 02:00:00+00:00,71.93,72.15,71.865,72.12,1820
2023-12-18 06:00:00+00:00,72.115,72.439,71.178,71.302,6048
2023-12-18 10:00:00+00:00,71.297,73.528,70.838,73.453,13073
2023-12-18 14:00:00+00:00,73.448,74.457,73.274,73.529,14873
2023-12-18 18:00:00+00:00,73.534,73.534,72.272,72.721,5821
2023-12-18 22:00:00+00:00,72.757,72.922,72.572,72.762,1733
2023-12-19 02:00:00+00:00,72.767,72.772,72.523,72.563,1958
2023-12-19 06:00:00+00:00,72.568,72.689,71.99,72.354,6928
2023-12-19 10:00:00+00:00,72.349,72.809,72.305,72.689,7027
2023-12-19 14:00:00+00:00,72.684,74.282,72.684,73.988,12726
2023-12-19 18:00:00+00:00,73.973,74.287,73.459,74.033,4523
2023-12-19 22:00:00+00:00,73.954,74.004,73.794,73.974,1322
2023-12-20 02:00:00+00:00,73.969,73.974,73.71,73.91,1797
2023-12-20 06:00:00+00:00,73.915,74.719,73.875,74.489,5163
2023-12-20 10:00:00+00:00,74.499,74.924,74.375,74.84,7026
2023-12-20 14:00:00+00:00,74.85,75.224,73.683,73.698,14229
2023-12-20 18:00:00+00:00,73.703,74.232,73.468,73.653,7016
2023-12-20 22:00:00+00:00,73.619,73.659,73.369,73.644,2421
2023-12-21 02:00:00+00:00,73.639,74.064,73.61,74.019,2775
2023-12-21 06:00:00+00:00,74.024,74.429,73.904,74.339,5665
2023-12-21 10:00:00+00:00,74.334,74.359,72.304,72.858,11755
2023-12-21 14:00:00+00:00,72.853,73.846,72.693,73.278,18466
2023-12-21 18:00:00+00:00,73.283,73.887,73.208,73.793,5373
2023-12-21 22:00:00+00:00,73.763,74.282,73.668,74.272,1854
2023-12-22 02:00:00+00:00,74.267,74.612,74.163,74.183,3695
2023-12-22 06:00:00+00:00,74.193,74.743,74.173,74.359,5261
2023-12-22 10:00:00+00:00,74.369,74.724,73.91,74.554,8421
2023-12-22 14:00:00+00:00,74.559,74.839,73.247,73.786,13895
2023-12-22 18:00:00+00:00,73.791,73.921,73.298,73.363,5254
2023-12-25 22:00:00+00:00,73.351,73.811,73.332,73.562,2696
2023-12-26 02:00:00+00:00,73.567,73.762,73.437,73.712,1976
2023-12-26 06:00:00+00:00,73.717,73.802,73.029,73.249,5323
2023-12-26 10:00:00+00:00,73.244,75.026,73.024,74.961,7657
2023-12-26 14:00:00+00:00,74.966,76.05,74.936,75.801,9467
2023-12-26 18:00:00+00:00,75.806,76.011,74.953,75.282,6242
2023-12-26 22:00:00+00:00,75.233,75.318,75.028,75.218,2399
2023-12-27 02:00:00+00:00,75.213,75.384,75.064,75.289,2346
2023-12-27 06:00:00+00:00,75.294,75.534,75.025,75.21,5895
2023-12-27 10:00:00+00:00,75.22,75.29,74.052,74.921,7657
2023-12-27 14:00:00+00:00,74.931,75.28,74.113,74.238,13863
2023-12-27 18:00:00+00:00,74.233,74.443,73.654,73.709,5655
2023-12-27 22:00:00+00:00,73.685,74.284,73.66,74.179,2021
2023-12-28 02:00:00+00:00,74.169,74.259,73.831,74.06,2022
2023-12-28 06:00:00+00:00,74.055,74.181,73.167,73.552,6572
2023-12-28 10:00:00+00:00,73.547,73.598,72.589,73.548,8961
2023-12-28 14:00:00+00:00,73.558,73.733,72.56,72.62,14408
2023-12-28 18:00:00+00:00,72.63,72.64,71.607,71.922,6895
2023-12-28 22:00:00+00:00,71.942,72.042,71.623,71.847,2374
2023-12-29 02:00:00+00:00,71.842,72.138,71.558,71.978,3197
2023-12-29 06:00:00+00:00,71.983,72.358,71.798,72.093,5107
2023-12-29 10:00:00+00:00,72.088,72.274,71.584,72.164,8067
2023-12-29 14:00:00+00:00,72.174,72.519,71.281,71.88,12404
2023-12-29 18:00:00+00:00,71.875,71.96,71.152,71.242,5391
2024-01-01 22:00:00+00:00,71.619,72.848,71.619,72.354,4997
2024-01-02 02:00:00+00:00,72.349,72.804,72.349,72.784,3374
2024-01-02 06:00:00+00:00,72.789,73.075,72.345,73.01,7286
2024-01-02 10:00:00+00:00,73.005,73.55,72.841,73.42,10940
2024-01-02 14:00:00+00:00,73.43,73.455,70.244,71.114,22276
2024-01-02 18:00:00+00:00,71.119,71.158,69.975,70.4,7918
2024-01-02 22:00:00+00:00,70.46,70.61,70.221,70.241,2081
2024-01-03 02:00:00+00:00,70.226,70.411,69.997,70.202,1840
2024-01-03 06:00:00+00:00,70.207,70.461,69.204,69.873,8485
2024-01-03 10:00:00+00:00,69.878,71.162,69.713,70.598,11275
2024-01-03 14:00:00+00:00,70.588,72.82,70.408,72.481,18903
2024-01-03 18:00:00+00:00,72.486,73.141,72.457,72.916,6074
2024-01-03 22:00:00+00:00,72.992,73.202,72.817,73.042,2512
2024-01-04 02:00:00+00:00,73.047,73.317,72.818,73.317,2418
2024-01-04 06:00:00+00:00,73.312,73.912,73.173,73.373,6845
2024-01-04 10:00:00+00:00,73.368,73.628,72.759,73.319,8918
2024-01-04 14:00:00+00:00,73.314,73.314,70.997,72.086,21847
2024-01-04 18:00:00+00:00,72.081,72.366,71.837,72.307,6975
2024-01-04 22:00:00+00:00,72.327,72.667,72.137,72.562,2214
2024-01-05 02:00:00+00:00,72.552,72.742,72.462,72.548,2137
2024-01-05 06:00:00+00:00,72.563,73.128,72.318,72.908,7067
2024-01-05 10:00:00+00:00,72.913,73.488,72.384,73.383,10332
2024-01-05 14:00:00+00:00,73.403,74.158,73.114,73.549,19182
2024-01-05 18:00:00+00:00,73.544,73.939,73.419,73.889,5255
2024-01-07 22:00:00+00:00,73.664,73.873,73.249,73.269,2984
2024-01-08 02:00:00+00:00,73.264,73.289,72.541,72.591,3098
2024-01-08 06:00:00+00:00,72.586,73.181,72.566,72.856,6908
2024-01-08 10:00:00+00:00,72.846,72.846,71.033,71.278,11884
2024-01-08 14:00:00+00:00,71.268,71.268,70.075,70.34,16726
2024-01-08 18:00:00+00:00,70.35,71.015,70.245,70.86,5171
2024-01-08 22:00:00+00:00,70.845,70.986,70.556,70.861,2332
2024-01-09 02:00:00+00:00,70.856,71.026,70.412,70.517,2592
2024-01-09 06:00:00+00:00,70.512,71.996,70.447,71.941,7137
2024-01-09 10:00:00+00:00,71.946,72.871,71.812,71.937,8700
2024-01-09 14:00:00+00:00,71.932,72.707,71.328,72.627,18000
2024-01-09 18:00:00+00:00,72.632,72.717,71.998,72.158,5517
2024-01-09 22:00:00+00:00,72.179,72.549,72.059,72.439,2389
2024-01-10 02:00:00+00:00,72.444,72.609,72.369,72.545,2356
2024-01-10 06:00:00+00:00,72.54,72.68,71.636,71.716,11097
2024-01-10 10:00:00+00:00,71.711,73.41,71.611,73.241,16032
2024-01-10 14:00:00+00:00,73.251,73.531,71.154,71.239,34555
2024-01-10 18:00:00+00:00,71.234,71.514,71.029,71.324,9181
2024-01-10 22:00:00+00:00,71.334,71.704,71.184,71.574,3541
2024-01-11 02:00:00+00:00,71.564,71.939,71.424,71.854,3500
2024-01-11 06:00:00+00:00,71.849,72.674,71.335,72.644,10238
2024-01-11 10:00:00+00:00,72.649,72.949,72.274,72.559,15263
2024-01-11 14:00:00+00:00,72.564,73.748,72.284,72.359,32839
2024-01-11 18:00:00+00:00,72.349,72.894,71.82,72.874,14101
2024-01-11 22:00:00+00:00,73.054,73.958,72.924,73.804,4788
2024-01-12 02:00:00+00:00,73.809,73.839,73.204,73.574,4859
2024-01-12 06:00:00+00:00,73.584,74.249,73.449,74.234,11172
2024-01-12 10:00:00+00:00,74.239,75.223,74.069,74.254,18979
2024-01-12 14:00:00+00:00,74.239,74.714,72.451,72.625,34115
2024-01-12 18:00:00+00:00,72.63,73.11,72.611,72.806,11428
2024-01-14 22:00:00+00:00,72.604,72.809,72.124,72.619,4183
2024-01-15 02:00:00+00:00,72.629,72.989,72.609,72.789,2402
2024-01-15 06:00:00+00:00,72.784,72.999,72.125,72.194,7073
2024-01-15 10:00:00+00:00,72.189,72.304,71.355,71.875,10224
2024-01-15 14:00:00+00:00,71.87,72.66,71.735,72.535,15162
2024-01-15 18:00:00+00:00,72.54,72.59,72.46,72.545,1566
2024-01-15 22:00:00+00:00,72.655,73.035,72.215,72.34,3448
2024-01-16 02:00:00+00:00,72.35,72.695,72.23,72.44,3948
2024-01-16 06:00:00+00:00,72.435,72.99,72.196,72.79,10258
2024-01-16 10:00:00+00:00,72.78,73.63,72.626,72.756,16505
2024-01-16 14:00:00+00:00,72.761,73.155,71.816,72.191,33483
2024-01-16 18:00:00+00:00,72.186,72.646,71.842,71.957,10219
2024-01-16 22:00:00+00:00,72.007,72.087,71.707,71.882,2148
2024-01-17 02:00:00+00:00,71.877,72.097,71.717,72.002,3473
2024-01-17 06:00:00+00:00,71.997,72.047,70.698,70.833,10785
2024-01-17 10:00:00+00:00,70.828,71.268,70.658,70.858,13334
2024-01-17 14:00:00+00:00,70.838,72.228,70.579,71.588,28667
2024-01-17 18:00:00+00:00,71.583,72.808,71.543,72.688,11005
2024-01-17 22:00:00+00:00,72.688,72.908,72.598,72.763,3066
2024-01-18 02:00:00+00:00,72.768,72.908,72.468,72.888,3454
2024-01-18 06:00:00+00:00,72.878,73.178,72.638,72.998,10005
2024-01-18 10:00:00+00:00,72.988,73.248,72.059,72.619,13946
2024-01-18 14:00:00+00:00,72.624,74.068,72.459,73.968,26903
2024-01-18 18:00:00+00:00,73.973,74.148,73.618,73.813,6912
2024-01-18 22:00:00+00:00,73.863,74.033,73.718,73.928,1931
2024-01-19 02:00:00+00:00,73.923,73.969,73.729,73.899,2197
2024-01-19 06:00:00+00:00,73.894,74.499,73.819,74.399,9124
2024-01-19 10:00:00+00:00,74.394,74.499,73.489,73.909,10934
2024-01-19 14:00:00+00:00,73.919,74.579,72.94,73.15,22133
2024-01-19 18:00:00+00:00,73.14,73.62,73.03,73.385,8089
2024-01-21 22:00:00+00:00,73.493,73.498,72.863,72.953,3913
2024-01-22 02:00:00+00:00,72.943,73.353,72.824,73.033,3404
2024-01-22 06:00:00+00:00,73.043,73.294,72.524,73.214,8802
2024-01-22 10:00:00+00:00,73.224,73.688,73.114,73.424,11178
2024-01-22 14:00:00+00:00,73.434,75.128,73.414,75.073,20062
2024-01-22 18:00:00+00:00,75.083,75.413,74.493,74.619,6917
2024-01-22 22:00:00+00:00,74.639,74.744,74.369,74.559,2486
2024-01-23 02:00:00+00:00,74.554,74.864,74.504,74.824,3280
2024-01-23 06:00:00+00:00,74.819,75.104,74.154,74.194,8331
2024-01-23 10:00:00+00:00,74.199,74.464,73.525,73.545,10584
2024-01-23 14:00:00+00:00,73.535,75.204,73.375,74.275,22426
2024-01-23 18:00:00+00:00,74.26,74.585,73.91,74.47,6017
2024-01-23 22:00:00+00:00,74.49,74.555,74.315,74.465,1710
2024-01-24 02:00:00+00:00,74.455,74.505,74.166,74.426,1961
2024-01-24 06:00:00+00:00,74.436,74.955,74.336,74.676,8715
2024-01-24 10:00:00+00:00,74.671,75.061,73.926,75.016,13290
2024-01-24 14:00:00+00:00,75.006,75.795,74.446,75.296,25926
2024-01-24 18:00:00+00:00,75.291,75.436,74.766,75.311,7104
2024-01-24 22:00:00+00:00,75.296,75.431,75.126,75.186,1991
2024-01-25 02:00:00+00:00,75.176,75.526,75.126,75.466,2231
2024-01-25 06:00:00+00:00,75.461,76.326,75.327,76.176,9334
2024-01-25 10:00:00+00:00,76.186,76.326,75.527,76.127,11854
2024-01-25 14:00:00+00:00,76.132,76.646,75.917,76.582,18530
2024-01-25 18:00:00+00:00,76.587,77.456,76.557,77.067,6193
2024-01-25 22:00:00+00:00,77.102,77.257,76.782,76.792,3321
2024-01-26 02:00:00+00:00,76.797,77.087,76.727,76.977,2864
2024-01-26 06:00:00+00:00,76.967,76.967,76.488,76.548,9297
2024-01-26 10:00:00+00:00,76.538,76.788,76.368,76.598,9826
2024-01-26 14:00:00+00:00,76.593,77.607,76.028,76.623,20586
2024-01-26 18:00:00+00:00,76.628,78.217,76.598,78.148,14118
2024-01-28 22:00:00+00:00,78.74,79.25,78.016,78.276,8586
2024-01-29 02:00:00+00:00,78.281,78.486,78.161,78.291,3683
2024-01-29 06:00:00+00:00,78.286,78.481,77.542,77.711,9810
2024-01-29 10:00:00+00:00,77.716,78.291,77.202,77.392,11554
2024-01-29 14:00:00+00:00,77.402,77.612,76.512,76.792,25753
2024-01-29 18:00:00+00:00,76.802,77.172,76.393,76.958,10744
2024-01-29 22:00:00+00:00,76.938,77.193,76.893,77.153,2170
2024-01-30 02:00:00+00:00,77.148,77.273,76.803,77.213,2854
2024-01-30 06:00:00+00:00,77.218,77.273,76.378,77.063,11173
2024-01-30 10:00:00+00:00,77.068,77.113,75.824,76.184,14234
2024-01-30 14:00:00+00:00,76.189,78.083,76.059,77.893,23401
2024-01-30 18:00:00+00:00,77.903,78.108,77.574,77.739,7038
2024-01-30 22:00:00+00:00,77.794,78.064,77.484,77.564,2562
2024-01-31 02:00:00+00:00,77.559,77.754,77.424,77.639,3064
2024-01-31 06:00:00+00:00,77.644,77.779,76.895,76.95,9939
2024-01-31 10:00:00+00:00,76.955,77.315,76.565,77.25,14011
2024-01-31 14:00:00+00:00,77.255,77.465,75.596,76.126,35207
2024-01-31 18:00:00+00:00,76.121,76.156,75.501,75.811,18490
2024-01-31 22:00:00+00:00,75.916,76.446,75.726,76.336,3180
2024-02-01 02:00:00+00:00,76.326,76.466,75.926,75.936,3693
2024-02-01 06:00:00+00:00,75.931,76.571,75.427,76.496,12108
2024-02-01 10:00:00+00:00,76.506,76.737,75.997,76.692,15833
2024-02-01 14:00:00+00:00,76.697,76.917,74.108,74.228,41619
2024-02-01 18:00:00+00:00,74.223,75.857,73.683,73.878,34361
2024-02-01 22:00:00+00:00,73.893,74.438,73.883,74.313,3669
2024-02-02 02:00:00+00:00,74.318,74.353,74.004,74.009,3356
2024-02-02 06:00:00+00:00,74.004,74.309,73.619,74.189,13104
2024-02-02 10:00:00+00:00,74.199,74.489,73.059,73.289,16945
2024-02-02 14:00:00+00:00,73.299,73.394,71.77,72.34,39505
2024-02-02 18:00:00+00:00,72.33,72.59,71.95,72.365,12301
2024-02-04 22:00:00+00:00,72.678,72.953,72.233,72.363,5121
2024-02-05 02:00:00+00:00,72.358,72.743,72.143,72.603,5519
2024-02-05 06:00:00+00:00,72.598,72.603,71.674,72.064,13448
2024-02-05 10:00:00+00:00,72.074,72.414,71.494,72.344,14940
2024-02-05 14:00:00+00:00,72.354,73.084,71.384,72.974,36671
2024-02-05 18:00:00+00:00,72.969,73.264,72.604,72.784,9787
2024-02-05 22:00:00+00:00,72.729,72.924,72.594,72.894,1977
2024-02-06 02:00:00+00:00,72.899,73.004,72.734,72.85,2834
2024-02-06 06:00:00+00:00,72.845,73.175,72.365,72.535,10663
2024-02-06 10:00:00+00:00,72.545,73.52,72.495,73.39,12766
2024-02-06 14:00:00+00:00,73.385,73.795,72.74,73.255,38099
2024-02-06 18:00:00+00:00,73.265,73.585,72.895,73.445,12181
2024-02-06 22:00:00+00:00,73.455,73.705,73.375,73.59,1862
2024-02-07 02:00:00+00:00,73.595,73.65,73.346,73.411,1738
2024-02-07 06:00:00+00:00,73.406,73.886,73.206,73.846,8250
2024-02-07 10:00:00+00:00,73.851,74.186,73.616,73.811,10070
2024-02-07 14:00:00+00:00,73.816,74.126,73.356,73.716,27803
2024-02-07 18:00:00+00:00,73.726,74.161,73.506,74.057,6612
2024-02-07 22:00:00+00:00,74.052,74.157,73.847,74.057,1660
2024-02-08 02:00:00+00:00,74.047,74.257,74.017,74.182,1581
2024-02-08 06:00:00+00:00,74.177,74.252,73.547,73.867,8132
2024-02-08 10:00:00+00:00,73.872,74.957,73.837,74.712,8558
2024-02-08 14:00:00+00:00,74.717,76.147,74.607,76.122,18905
2024-02-08 18:00:00+00:00,76.137,76.567,75.887,76.442,7513
2024-02-08 22:00:00+00:00,76.397,76.463,76.213,76.238,1360
2024-02-09 02:00:00+00:00,76.233,76.298,75.968,76.088,2753
2024-02-09 06:00:00+00:00,76.098,76.588,76.098,76.528,7330
2024-02-09 10:00:00+00:00,76.538,76.538,75.918,76.468,10180
2024-02-09 14:00:00+00:00,76.478,77.268,75.949,76.699,22669
2024-02-09 18:00:00+00:00,76.689,76.864,76.459,76.589,5905
2024-02-11 22:00:00+00:00,76.307,76.507,76.172,76.382,1448
2024-02-12 02:00:00+00:00,76.377,76.612,76.332,76.547,947
2024-02-12 06:00:00+00:00,76.542,76.632,76.013,76.453,7773
2024-02-12 10:00:00+00:00,76.448,76.448,75.523,75.853,10467
2024-02-12 14:00:00+00:00,75.863,77.073,75.813,76.823,21606
2024-02-12 18:00:00+00:00,76.833,77.078,76.493,76.918,6318
2024-02-12 22:00:00+00:00,77.003,77.023,76.893,77.003,652
2024-02-13 02:00:00+00:00,76.998,77.104,76.938,77.044,849
2024-02-13 06:00:00+00:00,77.039,77.654,76.864,77.534,7344
2024-02-13 10:00:00+00:00,77.544,77.824,76.984,77.199,11268
2024-02-13 14:00:00+00:00,77.194,78.464,76.944,77.999,25243
2024-02-13 18:00:00+00:00,78.004,78.244,77.614,77.805,9618
2024-02-13 22:00:00+00:00,77.72,77.86,77.52,77.655,1338
2024-02-14 02:00:00+00:00,77.665,77.905,77.525,77.795,1460
2024-02-14 06:00:00+00:00,77.79,78.135,77.675,77.855,8082
2024-02-14 10:00:00+00:00,77.865,78.345,77.62,78.195,8307
2024-02-14 14:00:00+00:00,78.205,78.765,76.776,76.891,32057
2024-02-14 18:00:00+00:00,76.886,77.236,76.376,76.541,9140
2024-02-14 22:00:00+00:00,76.536,76.546,76.211,76.271,1154
2024-02-15 02:00:00+00:00,76.266,76.372,76.167,76.252,1477
2024-02-15 06:00:00+00:00,76.247,76.687,75.902,76.172,6914
2024-02-15 10:00:00+00:00,76.177,76.687,75.767,76.672,9278
2024-02-15 14:00:00+00:00,76.677,78.412,76.677,78.09,20551
2024-02-15 18:00:00+00:00,78.08,78.15,77.864,77.918,5828
2024-02-15 22:00:00+00:00,77.922,78.027,77.796,77.886,1058
2024-02-16 02:00:00+00:00,77.891,78.001,77.835,77.955,1007
2024-02-16 06:00:00+00:00,77.96,77.985,77.059,77.18,5772
2024-02-16 10:00:00+00:00,77.175,78.042,77.018,78.042,10118
2024-02-16 14:00:00+00:00,78.052,78.768,77.559,78.341,23361
2024-02-16 18:00:00+00:00,78.336,78.843,78.16,78.561,9001
2024-02-18 22:00:00+00:00,78.575,78.575,77.967,78.248,4265
2024-02-19 02:00:00+00:00,78.243,78.288,78.107,78.136,2215
2024-02-19 06:00:00+00:00,78.146,78.286,77.934,78.154,4783
2024-02-19 10:00:00+00:00,78.164,78.755,77.959,78.574,5382
2024-02-19 14:00:00+00:00,78.554,78.855,78.404,78.773,5817
2024-02-19 18:00:00+00:00,78.763,78.763,78.442,78.517,942
2024-02-19 22:00:00+00:00,78.47,78.75,78.319,78.66,2009
2024-02-20 02:00:00+00:00,78.665,78.748,78.559,78.748,1876
2024-02-20 06:00:00+00:00,78.743,78.838,77.853,77.914,7091
2024-02-20 10:00:00+00:00,77.904,78.344,77.652,78.324,9458
2024-02-20 14:00:00+00:00,78.329,78.655,77.093,77.76,23899
2024-02-20 18:00:00+00:00,77.75,77.89,77.147,77.472,7078
2024-02-20 22:00:00+00:00,77.422,77.576,77.365,77.526,1310
2024-02-21 02:00:00+00:00,77.516,77.665,77.475,77.584,1565
2024-02-21 06:00:00+00:00,77.589,77.594,76.59,76.945,8812
2024-02-21 10:00:00+00:00,76.94,77.391,76.669,77.16,8938
2024-02-21 14:00:00+00:00,77.165,78.242,76.909,78.061,22883
2024-02-21 18:00:00+00:00,78.071,78.351,77.619,78.32,6961
2024-02-21 22:00:00+00:00,78.36,78.44,78.228,78.243,1700
2024-02-22 02:00:00+00:00,78.238,78.498,78.138,78.438,1757
2024-02-22 06:00:00+00:00,78.433,78.667,78.256,78.526,6010
2024-02-22 10:00:00+00:00,78.521,78.687,77.591,77.611,8288
2024-02-22 14:00:00+00:00,77.621,79.185,77.491,79.135,20949
2024-02-22 18:00:00+00:00,79.14,79.175,78.592,78.612,4590
2024-02-22 22:00:00+00:00,78.591,78.65,78.46,78.64,1179
2024-02-23 02:00:00+00:00,78.635,78.64,78.377,78.377,1369
2024-02-23 06:00:00+00:00,78.372,78.517,77.663,77.704,6316
2024-02-23 10:00:00+00:00,77.694,78.024,77.281,77.782,9785
2024-02-23 14:00:00+00:00,77.792,77.852,76.657,76.727,21744
2024-02-23 18:00:00+00:00,76.722,77.138,76.607,76.836,7342
2024-02-25 22:00:00+00:00,76.686,76.906,76.313,76.333,2666
2024-02-26 02:00:00+00:00,76.328,76.423,76.283,76.352,1353
2024-02-26 06:00:00+00:00,76.357,76.567,76.07,76.426,6097
2024-02-26 10:00:00+00:00,76.431,76.73,76.239,76.529,6628
2024-02-26 14:00:00+00:00,76.539,78.162,76.349,78.122,13682
2024-02-26 18:00:00+00:00,78.112,78.253,77.68,77.82,5242
2024-02-26 22:00:00+00:00,77.809,77.989,77.773,77.808,1175
2024-02-27 02:00:00+00:00,77.803,77.947,77.698,77.927,1412
2024-02-27 06:00:00+00:00,77.917,78.177,77.595,77.995,5783
2024-02-27 10:00:00+00:00,78.005,78.036,77.393,77.924,7241
2024-02-27 14:00:00+00:00,77.929,78.735,77.929,78.644,12155
2024-02-27 18:00:00+00:00,78.654,79.2,78.423,78.738,7548
2024-02-27 22:00:00+00:00,78.682,78.811,78.532,78.801,1380
2024-02-28 02:00:00+00:00,78.811,78.861,78.67,78.779,1382
2024-02-28 06:00:00+00:00,78.784,78.789,77.996,78.236,6254
2024-02-28 10:00:00+00:00,78.246,79.348,78.136,79.197,7339
2024-02-28 14:00:00+00:00,79.192,79.829,78.234,78.935,18836
2024-02-28 18:00:00+00:00,78.93,78.995,78.442,78.502,7121
2024-02-28 22:00:00+00:00,78.381,78.691,78.3,78.666,1716
2024-02-29 02:00:00+00:00,78.671,78.78,78.57,78.719,1385
2024-02-29 06:00:00+00:00,78.729,78.819,78.167,78.768,6551
2024-02-29 10:00:00+00:00,78.758,79.117,78.326,79.047,9483
2024-02-29 14:00:00+00:00,79.042,79.477,78.334,78.654,21366
2024-02-29 18:00:00+00:00,78.644,78.915,78.132,78.482,7104
2024-02-29 22:00:00+00:00,78.487,78.751,78.421,78.671,1177
2024-03-01 02:00:00+00:00,78.676,78.761,78.611,78.739,1126
2024-03-01 06:00:00+00:00,78.749,79.505,78.247,79.44,6672
2024-03-01 10:00:00+00:00,79.43,80.045,79.259,79.919,7569
2024-03-01 14:00:00+00:00,79.909,81.051,79.533,80.399,16023
2024-03-01 18:00:00+00:00,80.394,80.469,79.901,79.991,5458
2024-03-03 22:00:00+00:00,80.241,80.547,80.025,80.26,3950
2024-03-04 02:00:00+00:00,80.265,80.265,79.952,80.033,2353
2024-03-04 06:00:00+00:00,80.022,80.583,79.921,79.976,7596
2024-03-04 10:00:00+00:00,79.981,80.24,79.429,80.23,8398
2024-03-04 14:00:00+00:00,80.24,80.53,78.815,78.91,16816
2024-03-04 18:00:00+00:00,78.915,79.035,78.725,78.909,6115
2024-03-04 22:00:00+00:00,78.923,79.033,78.642,78.802,2019
2024-03-05 02:00:00+00:00,78.807,78.837,78.521,78.55,1437
2024-03-05 06:00:00+00:00,78.56,79.029,78.308,78.718,7630
2024-03-05 10:00:00+00:00,78.708,78.968,77.675,78.276,11687
2024-03-05 14:00:00+00:00,78.266,79.648,77.934,78.404,28025
2024-03-05 18:00:00+00:00,78.394,78.554,77.963,78.292,6925
2024-03-05 22:00:00+00:00,78.357,78.392,78.141,78.181,1346
2024-03-06 02:00:00+00:00,78.171,78.58,78.156,78.55,1532
2024-03-06 06:00:00+00:00,78.545,79.179,78.499,79.129,6920
2024-03-06 10:00:00+00:00,79.119,79.468,78.877,79.383,7537
2024-03-06 14:00:00+00:00,79.378,80.819,79.363,80.107,18007
2024-03-06 18:00:00+00:00,80.102,80.148,79.055,79.244,6864
2024-03-06 22:00:00+00:00,79.229,79.503,79.133,79.308,1667
2024-03-07 02:00:00+00:00,79.313,79.313,79.122,79.201,2163
2024-03-07 06:00:00+00:00,79.206,79.411,78.618,78.648,9609
2024-03-07 10:00:00+00:00,78.643,79.138,78.457,79.037,11774
2024-03-07 14:00:00+00:00,79.047,79.657,78.155,79.396,27509
2024-03-07 18:00:00+00:00,79.401,79.605,78.885,79.575,8504
2024-03-07 22:00:00+00:00,79.429,79.593,79.224,79.498,1959
2024-03-08 02:00:00+00:00,79.503,79.727,79.373,79.687,1517
2024-03-08 06:00:00+00:00,79.692,80.111,79.279,79.35,7732
2024-03-08 10:00:00+00:00,79.36,79.36,78.317,78.627,13381
2024-03-08 14:00:00+00:00,78.617,79.002,77.674,78.144,25564
2024-03-08 18:00:00+00:00,78.134,78.224,77.743,77.962,6620
2024-03-10 21:00:00+00:00,77.928,78.018,77.691,77.721,1559
2024-03-11 01:00:00+00:00,77.731,77.731,77.351,77.519,3617
2024-03-11 05:00:00+00:00,77.529,78.219,77.509,77.918,6927
2024-03-11 09:00:00+00:00,77.913,78.448,77.577,77.842,10858
2024-03-11 13:00:00+00:00,77.847,78.556,76.885,78.04,24773
2024-03-11 17:00:00+00:00,78.045,78.254,77.714,78.224,7152
2024-03-11 21:00:00+00:00,78.168,78.217,78.062,78.082,665
2024-03-12 01:00:00+00:00,78.087,78.262,78.042,78.14,2529
2024-03-12 05:00:00+00:00,78.135,78.775,78.13,78.319,5162
2024-03-12 09:00:00+00:00,78.324,78.659,77.667,77.727,12711
2024-03-12 13:00:00+00:00,77.722,78.802,77.426,78.256,23258
2024-03-12 17:00:00+00:00,78.266,78.316,77.489,78.119,8537
2024-03-12 21:00:00+00:00,78.128,78.128,77.982,78.012,669
2024-03-13 01:00:00+00:00,78.007,78.171,77.982,78.131,1835
2024-03-13 05:00:00+00:00,78.125,78.3,77.649,78.239,6029
2024-03-13 09:00:00+00:00,78.249,79.298,78.189,79.188,8683
2024-03-13 13:00:00+00:00,79.193,79.798,78.982,79.682,21514
2024-03-13 17:00:00+00:00,79.677,79.941,79.534,79.653,6272
2024-03-13 21:00:00+00:00,79.663,79.853,79.633,79.853,738
2024-03-14 01:00:00+00:00,79.848,79.968,79.781,79.815,2321
2024-03-14 05:00:00+00:00,79.82,80.372,79.694,80.337,6349
2024-03-14 09:00:00+00:00,80.332,80.571,80.225,80.425,10003
2024-03-14 13:00:00+00:00,80.42,81.424,80.329,81.404,18263
2024-03-14 17:00:00+00:00,81.399,81.504,80.944,80.954,6510
2024-03-14 21:00:00+00:00,80.934,81.043,80.817,81.018,1041
2024-03-15 01:00:00+00:00,81.023,81.158,80.971,81.026,2859
2024-03-15 05:00:00+00:00,81.031,81.185,80.561,80.566,6891
2024-03-15 09:00:00+00:00,80.581,80.951,80.47,80.951,8623
2024-03-15 13:00:00+00:00,80.956,81.352,80.538,81.221,18376
2024-03-15 17:00:00+00:00,81.211,81.27,80.838,81.017,6017
2024-03-17 21:00:00+00:00,81.118,81.199,81.012,81.112,1032
2024-03-18 01:00:00+00:00,81.107,81.412,81.001,81.371,2532
2024-03-18 05:00:00+00:00,81.361,81.972,81.341,81.51,6016
2024-03-18 09:00:00+00:00,81.515,82.012,81.146,81.307,10338
2024-03-18 13:00:00+00:00,81.317,82.42,81.266,82.275,17935
2024-03-18 17:00:00+00:00,82.28,82.932,82.25,82.64,6067
2024-03-18 21:00:00+00:00,82.624,82.658,82.487,82.517,857
2024-03-19 01:00:00+00:00,82.527,82.642,82.415,82.485,2511
2024-03-19 05:00:00+00:00,82.475,82.674,82.292,82.578,5731
2024-03-19 09:00:00+00:00,82.573,82.742,82.231,82.531,9030
2024-03-19 13:00:00+00:00,82.521,83.545,82.41,83.403,15687
2024-03-19 17:00:00+00:00,83.393,83.483,82.879,82.934,6000
2024-03-19 21:00:00+00:00,82.968,82.968,82.786,82.927,709
2024-03-20 01:00:00+00:00,82.916,83.015,82.835,82.945,1729
2024-03-20 05:00:00+00:00,82.935,83.07,82.309,82.641,4563
2024-03-20 09:00:00+00:00,82.631,82.66,81.614,82.056,11052
2024-03-20 13:00:00+00:00,82.061,82.196,81.281,81.33,22042
2024-03-20 17:00:00+00:00,81.325,81.972,81.24,81.831,8463
2024-03-20 21:00:00+00:00,81.88,82.171,81.85,82.07,1188
2024-03-21 01:00:00+00:00,82.065,82.249,81.989,82.229,2163
2024-03-21 05:00:00+00:00,82.224,82.317,81.553,81.573,5011
2024-03-21 09:00:00+00:00,81.583,81.643,81.08,81.461,9287
2024-03-21 13:00:00+00:00,81.471,81.782,80.696,81.027,18685
2024-03-21 17:00:00+00:00,81.032,81.508,80.996,81.185,5225
2024-03-21 21:00:00+00:00,81.265,81.355,81.203,81.234,649
2024-03-22 01:00:00+00:00,81.239,81.264,80.801,80.85,2529
2024-03-22 05:00:00+00:00,80.86,81.481,80.829,81.481,4426
2024-03-22 09:00:00+00:00,81.491,81.78,81.269,81.639,6666
2024-03-22 13:00:00+00:00,81.629,81.84,80.864,80.954,17332
2024-03-22 17:00:00+00:00,80.974,81.284,80.884,81.173,5445
2024-03-24 21:00:00+00:00,81.053,81.318,80.947,81.287,1191
2024-03-25 01:00:00+00:00,81.297,81.628,81.297,81.496,2048
2024-03-25 05:00:00+00:00,81.501,81.576,81.072,81.424,4654
2024-03-25 09:00:00+00:00,81.419,81.765,81.131,81.341,7771
2024-03-25 13:00:00+00:00,81.351,82.817,81.321,82.173,14722
2024-03-25 17:00:00+00:00,82.163,82.513,82.032,82.321,4605
2024-03-25 21:00:00+00:00,82.311,82.511,82.281,82.45,588
2024-03-26 01:00:00+00:00,82.46,82.64,82.238,82.358,2215
2024-03-26 05:00:00+00:00,82.363,82.417,82.055,82.275,4454
2024-03-26 09:00:00+00:00,82.28,82.595,81.948,82.544,6988
2024-03-26 13:00:00+00:00,82.539,82.695,81.76,82.356,14431
2024-03-26 17:00:00+00:00,82.341,82.457,81.556,81.591,4900
2024-03-26 21:00:00+00:00,81.636,81.651,81.474,81.564,727
2024-03-27 01:00:00+00:00,81.559,81.564,81.131,81.341,1827
2024-03-27 05:00:00+00:00,81.331,81.37,80.917,80.937,5173
2024-03-27 09:00:00+00:00,80.927,81.689,80.867,81.367,7172
2024-03-27 13:00:00+00:00,81.362,81.918,81.227,81.455,14115
2024-03-27 17:00:00+00:00,81.45,82.056,81.345,82.036,5039
2024-03-27 21:00:00+00:00,81.97,82.154,81.93,82.154,532
2024-03-28 01:00:00+00:00,82.164,82.294,81.972,82.052,2520
2024-03-28 05:00:00+00:00,82.062,82.242,81.959,82.17,3775
2024-03-28 09:00:00+00:00,82.18,83.112,81.829,82.951,8071
2024-03-28 13:00:00+00:00,82.941,83.21,82.529,83.094,10788
2024-03-28 17:00:00+00:00,83.099,83.52,83.009,83.434,4892
2024-03-31 21:00:00+00:00,83.616,83.631,83.248,83.248,1683
2024-04-01 01:00:00+00:00,83.258,83.814,83.248,83.718,2530
2024-04-01 05:00:00+00:00,83.728,83.897,83.174,83.365,4122
2024-04-01 09:00:00+00:00,83.375,83.653,82.881,83.643,6165
2024-04-01 13:00:00+00:00,83.653,84.755,83.282,84.665,16242
2024-04-01 17:00:00+00:00,84.655,84.655,83.871,84.241,5545
2024-04-01 21:00:00+00:00,84.251,84.319,84.119,84.299,695
2024-04-02 01:00:00+00:00,84.289,84.418,84.158,84.407,2151
2024-04-02 05:00:00+00:00,84.402,85.429,84.337,85.198,5850
2024-04-02 09:00:00+00:00,85.208,85.719,85.045,85.306,8625
2024-04-02 13:00:00+00:00,85.296,85.485,84.412,84.792,17328
2024-04-02 17:00:00+00:00,84.787,85.753,84.787,85.698,4992
2024-04-02 21:00:00+00:00,85.642,85.883,85.36,85.38,1091
2024-04-03 01:00:00+00:00,85.39,85.579,85.329,85.388,2378
2024-04-03 05:00:00+00:00,85.398,85.557,85.095,85.436,6566
2024-04-03 09:00:00+00:00,85.441,86.347,85.441,86.025,7281
2024-04-03 13:00:00+00:00,86.03,86.446,85.682,85.953,14265
2024-04-03 17:00:00+00:00,85.948,86.233,85.651,85.891,4435
2024-04-03 21:00:00+00:00,85.91,85.999,85.788,85.989,974
2024-04-04 01:00:00+00:00,85.979,86.029,85.827,85.951,1140
2024-04-04 05:00:00+00:00,85.946,85.966,85.283,85.473,5835
2024-04-04 09:00:00+00:00,85.483,85.813,85.07,85.501,7647
2024-04-04 13:00:00+00:00,85.511,85.711,84.877,85.358,12979
2024-04-04 17:00:00+00:00,85.343,87.453,85.268,87.051,12824
2024-04-04 21:00:00+00:00,87.06,87.3,87.005,87.209,2383
2024-04-05 01:00:00+00:00,87.199,87.229,86.873,86.896,2504
2024-04-05 05:00:00+00:00,86.886,87.276,86.573,86.763,7437
2024-04-05 09:00:00+00:00,86.768,87.182,86.552,87.137,10543
2024-04-05 13:00:00+00:00,87.142,87.717,86.651,87.551,18765
2024-04-05 17:00:00+00:00,87.561,87.852,86.838,86.947,7261
2024-04-07 21:00:00+00:00,86.109,86.379,85.426,85.456,3378
2024-04-08 01:00:00+00:00,85.466,85.976,84.885,85.9,7819
2024-04-08 05:00:00+00:00,85.895,86.474,85.553,86.434,10829
2024-04-08 09:00:00+00:00,86.424,86.659,86.102,86.281,10102
2024-04-08 13:00:00+00:00,86.286,87.293,85.614,86.249,26643
2024-04-08 17:00:00+00:00,86.244,86.889,86.058,86.733,8006
2024-04-08 21:00:00+00:00,86.757,87.126,86.727,87.096,1069
2024-04-09 01:00:00+00:00,87.101,87.101,86.704,86.743,3033
2024-04-09 05:00:00+00:00,86.748,87.157,86.567,87.002,7130
2024-04-09 09:00:00+00:00,86.992,87.132,86.248,86.288,11148
2024-04-09 13:00:00+00:00,86.283,86.769,85.284,85.35,20092
2024-04-09 17:00:00+00:00,85.355,85.597,85.314,85.558,6931
2024-04-09 21:00:00+00:00,85.558,85.59,85.418,85.468,1056
2024-04-10 01:00:00+00:00,85.463,85.629,85.352,85.505,3019
2024-04-10 05:00:00+00:00,85.51,85.907,85.37,85.708,6746
2024-04-10 09:00:00+00:00,85.698,86.099,85.566,86.058,11982
2024-04-10 13:00:00+00:00,86.053,86.225,84.817,85.503,30217
2024-04-10 17:00:00+00:00,85.493,86.579,85.139,86.485,17052
2024-04-10 21:00:00+00:00,86.545,86.595,86.366,86.496,1171
2024-04-11 01:00:00+00:00,86.501,86.712,86.426,86.543,3142
2024-04-11 05:00:00+00:00,86.548,86.822,86.288,86.782,8327
2024-04-11 09:00:00+00:00,86.787,86.857,85.675,85.686,13182
2024-04-11 13:00:00+00:00,85.681,86.15,85.188,85.677,24833
2024-04-11 17:00:00+00:00,85.682,86.012,85.326,85.865,10825
2024-04-11 21:00:00+00:00,85.94,85.94,85.75,85.841,1052
2024-04-12 01:00:00+00:00,85.846,86.274,85.78,85.953,3564
2024-04-12 05:00:00+00:00,85.963,86.355,85.927,86.298,7430
2024-04-12 09:00:00+00:00,86.303,87.108,86.196,86.946,9908
2024-04-12 13:00:00+00:00,86.956,87.895,86.108,86.148,33739
2024-04-12 17:00:00+00:00,86.153,86.557,85.635,85.811,13333
2024-04-14 21:00:00+00:00,85.656,86.131,85.547,85.734,5319
2024-04-15 01:00:00+00:00,85.739,85.855,85.224,85.675,7209
2024-04-15 05:00:00+00:00,85.69,85.694,84.661,85.024,11326
2024-04-15 09:00:00+00:00,85.019,85.49,84.797,85.151,12332
2024-04-15 13:00:00+00:00,85.157,85.636,84.327,85.041,33422
2024-04-15 17:00:00+00:00,85.031,86.014,84.91,85.972,12452
2024-04-15 21:00:00+00:00,85.991,86.304,85.956,86.215,1830
2024-04-16 01:00:00+00:00,86.21,86.446,86.074,86.196,5460
2024-04-16 05:00:00+00:00,86.201,86.372,85.43,85.652,9386
2024-04-16 09:00:00+00:00,85.647,85.743,85.042,85.052,12102
2024-04-16 13:00:00+00:00,85.062,86.014,85.052,85.604,22778
2024-04-16 17:00:00+00:00,85.599,85.824,85.41,85.569,12259
2024-04-16 21:00:00+00:00,85.679,85.799,85.495,85.505,1584
2024-04-17 01:00:00+00:00,85.5,85.571,85.059,85.213,4642
2024-04-17 05:00:00+00:00,85.218,85.468,85.01,85.265,9102
2024-04-17 09:00:00+00:00,85.27,85.563,84.534,84.711,11566
2024-04-17 13:00:00+00:00,84.716,85.159,82.784,83.208,29936
2024-04-17 17:00:00+00:00,83.203,83.319,82.852,83.098,11338
2024-04-17 21:00:00+00:00,83.072,83.142,82.948,82.988,1573
2024-04-18 01:00:00+00:00,82.983,83.198,82.826,83.075,4159
2024-04-18 05:00:00+00:00,83.08,83.206,82.214,82.264,11062
2024-04-18 09:00:00+00:00,82.274,83.077,81.818,83.067,15184
2024-04-18 13:00:00+00:00,83.057,83.609,82.238,83.336,29010
2024-04-18 17:00:00+00:00,83.331,83.366,82.576,82.656,7508
2024-04-18 21:00:00+00:00,82.761,83.258,82.632,83.157,1393
2024-04-19 01:00:00+00:00,83.147,86.394,83.116,84.601,30822
2024-04-19 05:00:00+00:00,84.606,84.838,82.847,83.114,19372
2024-04-19 09:00:00+00:00,83.119,83.472,81.886,82.348,16859
2024-04-19 13:00:00+00:00,82.338,83.485,82.015,83.444,27176
2024-04-19 17:00:00+00:00,83.439,83.605,82.777,82.845,9101
2024-04-21 21:00:00+00:00,82.582,82.797,82.333,82.453,2376
2024-04-22 01:00:00+00:00,82.443,82.508,82.099,82.187,6541
2024-04-22 05:00:00+00:00,82.192,82.237,81.378,81.941,11361
2024-04-22 09:00:00+00:00,81.936,82.564,81.741,82.003,11944
2024-04-22 13:00:00+00:00,81.998,82.953,81.453,82.679,25271
2024-04-22 17:00:00+00:00,82.674,82.81,82.215,82.786,6332
2024-04-22 21:00:00+00:00,82.816,83.045,82.654,83.035,1163
2024-04-23 01:00:00+00:00,83.03,83.115,82.52,83.006,5445
2024-04-23 05:00:00+00:00,83.011,83.673,82.626,82.987,11069
2024-04-23 09:00:00+00:00,82.997,83.128,81.522,81.723,13377
2024-04-23 13:00:00+00:00,81.733,83.816,81.592,83.654,27518
2024-04-23 17:00:00+00:00,83.649,84.086,83.624,84.033,6363
2024-04-23 21:00:00+00:00,83.987,84.192,83.957,84.09,1006
2024-04-24 01:00:00+00:00,84.08,84.12,83.897,84.076,3799
2024-04-24 05:00:00+00:00,84.081,84.341,83.558,83.639,9518
2024-04-24 09:00:00+00:00,83.649,83.957,83.314,83.887,10597
2024-04-24 13:00:00+00:00,83.897,84.208,83.089,83.339,26333
2024-04-24 17:00:00+00:00,83.329,83.629,83.056,83.436,7549
2024-04-24 21:00:00+00:00,83.41,83.525,83.257,83.362,1010
2024-04-25 01:00:00+00:00,83.356,83.569,83.189,83.564,3582
2024-04-25 05:00:00+00:00,83.559,83.868,83.437,83.575,6119
2024-04-25 09:00:00+00:00,83.57,83.935,83.212,83.481,8908
2024-04-25 13:00:00+00:00,83.486,83.752,82.593,83.094,28254
2024-04-25 17:00:00+00:00,83.089,84.43,83.014,84.405,7424
2024-04-25 21:00:00+00:00,84.404,84.548,84.337,84.446,940
2024-04-26 01:00:00+00:00,84.441,84.567,84.32,84.453,2901
2024-04-26 05:00:00+00:00,84.458,84.803,84.177,84.217,7783
2024-04-26 09:00:00+00:00,84.227,85.05,84.177,84.948,9697
2024-04-26 13:00:00+00:00,84.953,85.049,83.939,84.461,20598
2024-04-26 17:00:00+00:00,84.456,84.58,84.197,84.276,5351
2024-04-28 21:00:00+00:00,83.982,84.148,83.698,83.803,1866
2024-04-29 01:00:00+00:00,83.798,83.803,83.48,83.688,4050
2024-04-29 05:00:00+00:00,83.678,84.137,83.495,84.092,6629
2024-04-29 09:00:00+00:00,84.087,84.426,83.53,83.771,7592
2024-04-29 13:00:00+00:00,83.781,84.127,83.014,83.495,18342
2024-04-29 17:00:00+00:00,83.49,83.556,82.911,83.23,6760
2024-04-29 21:00:00+00:00,83.289,83.294,82.955,82.975,1105
2024-04-30 01:00:00+00:00,82.97,83.144,82.911,82.951,3378
2024-04-30 05:00:00+00:00,82.946,83.47,82.759,83.42,6427
2024-04-30 09:00:00+00:00,83.43,83.788,83.207,83.436,8241
2024-04-30 13:00:00+00:00,83.446,83.466,81.428,82.044,28318
2024-04-30 17:00:00+00:00,82.039,82.646,81.923,81.96,8641
2024-04-30 21:00:00+00:00,81.909,81.914,81.564,81.584,1528
2024-05-01 01:00:00+00:00,81.579,81.704,81.537,81.671,1371
2024-05-01 05:00:00+00:00,81.661,81.7,81.069,81.134,6588
2024-05-01 09:00:00+00:00,81.144,81.383,80.769,81.11,9948
2024-05-01 13:00:00+00:00,81.105,82.024,79.377,79.678,30444
2024-05-01 17:00:00+00:00,79.688,79.817,79.265,79.559,19195
2024-05-01 21:00:00+00:00,79.583,79.792,79.452,79.611,1550
2024-05-02 01:00:00+00:00,79.606,80.03,79.515,79.929,2752
2024-05-02 05:00:00+00:00,79.919,80.197,79.761,80.106,8259
2024-05-02 09:00:00+00:00,80.101,80.326,79.554,79.559,12785
2024-05-02 13:00:00+00:00,79.554,79.83,78.823,79.485,28646
2024-05-02 17:00:00+00:00,79.49,79.907,79.162,79.492,10421
2024-05-02 21:00:00+00:00,79.501,79.76,79.491,79.76,1131
2024-05-03 01:00:00+00:00,79.765,79.77,79.466,79.535,1949
2024-05-03 05:00:00+00:00,79.54,79.804,79.361,79.521,6412
2024-05-03 09:00:00+00:00,79.536,80.03,79.209,79.467,10067
2024-05-03 13:00:00+00:00,79.472,79.638,78.651,78.8,27434
2024-05-03 17:00:00+00:00,78.79,78.981,78.344,78.379,5980
2024-05-05 21:00:00+00:00,78.531,78.937,78.378,78.599,2476
2024-05-06 01:00:00+00:00,78.589,78.95,78.548,78.715,5626
2024-05-06 05:00:00+00:00,78.71,79.375,78.71,79.274,5171
2024-05-06 09:00:00+00:00,79.269,79.422,78.969,78.979,6793
2024-05-06 13:00:00+00:00,78.974,79.331,78.233,78.755,22323
2024-05-06 17:00:00+00:00,78.745,79.115,78.423,79.002,9819
2024-05-06 21:00:00+00:00,79.142,79.35,79.041,79.22,1215
2024-05-07 01:00:00+00:00,79.225,79.3,78.815,78.935,3321
2024-05-07 05:00:00+00:00,78.93,79.172,78.576,78.991,7543
2024-05-07 09:00:00+00:00,78.986,79.041,78.174,78.245,8204
2024-05-07 13:00:00+00:00,78.24,79.206,77.862,79.034,19542
2024-05-07 17:00:00+00:00,79.029,79.476,78.489,78.669,6487
2024-05-07 21:00:00+00:00,78.633,78.698,78.505,78.555,717
2024-05-08 01:00:00+00:00,78.565,78.585,78.275,78.281,2282
2024-05-08 05:00:00+00:00,78.291,78.291,77.404,77.534,7167
2024-05-08 09:00:00+00:00,77.524,78.014,77.182,77.872,9184
2024-05-08 13:00:00+00:00,77.862,79.44,77.736,79.098,20900
2024-05-08 17:00:00+00:00,79.103,79.553,78.952,79.521,4475
2024-05-08 21:00:00+00:00,79.515,79.688,79.419,79.612,877
2024-05-09 01:00:00+00:00,79.617,79.756,79.487,79.734,2291
2024-05-09 05:00:00+00:00,79.724,80.022,79.572,79.921,4455
2024-05-09 09:00:00+00:00,79.926,80.07,79.599,79.787,6808
2024-05-09 13:00:00+00:00,79.782,79.877,79.182,79.382,16139
2024-05-09 17:00:00+00:00,79.392,79.911,79.281,79.83,4324
2024-05-09 21:00:00+00:00,79.869,79.977,79.854,79.956,713
2024-05-10 01:00:00+00:00,79.951,80.104,79.905,80.068,2273
2024-05-10 05:00:00+00:00,80.063,80.222,79.683,79.869,4688
2024-05-10 09:00:00+00:00,79.859,80.208,79.758,79.92,5577
2024-05-10 13:00:00+00:00,79.915,80.206,78.517,78.608,13483
2024-05-10 17:00:00+00:00,78.603,78.757,78.384,78.428,5321
2024-05-12 21:00:00+00:00,78.254,78.342,78.168,78.231,915
2024-05-13 01:00:00+00:00,78.226,78.304,77.975,78.258,2392
2024-05-13 05:00:00+00:00,78.263,78.801,78.142,78.77,5046
2024-05-13 09:00:00+00:00,78.78,79.118,78.539,78.937,6510
2024-05-13 13:00:00+00:00,78.942,79.677,78.783,78.923,14329
2024-05-13 17:00:00+00:00,78.913,79.462,78.853,79.376,5465
2024-05-13 21:00:00+00:00,79.37,79.547,79.278,79.527,517
2024-05-14 01:00:00+00:00,79.537,79.557,79.225,79.403,1532
2024-05-14 05:00:00+00:00,79.393,79.468,78.919,79.094,4486
2024-05-14 09:00:00+00:00,79.089,79.459,78.685,78.695,7710
2024-05-14 13:00:00+00:00,78.685,79.064,77.843,78.35,22512
2024-05-14 17:00:00+00:00,78.345,78.708,77.999,78.572,5006
2024-05-14 21:00:00+00:00,78.606,78.7,78.433,78.463,881
2024-05-15 01:00:00+00:00,78.468,78.892,78.463,78.7,2811
2024-05-15 05:00:00+00:00,78.695,78.84,78.467,78.656,6477
2024-05-15 09:00:00+00:00,78.661,78.712,77.582,77.831,11528
2024-05-15 13:00:00+00:00,77.821,78.64,76.829,78.589,25049
2024-05-15 17:00:00+00:00,78.599,79.047,78.409,78.986,4845
2024-05-15 21:00:00+00:00,78.985,79.273,78.974,79.253,925
2024-05-16 01:00:00+00:00,79.263,79.298,79.062,79.199,3057
2024-05-16 05:00:00+00:00,79.209,79.249,78.715,78.795,6499
2024-05-16 09:00:00+00:00,78.785,79.492,78.318,79.237,10233
2024-05-16 13:00:00+00:00,79.242,79.963,79.069,79.173,18549
2024-05-16 17:00:00+00:00,79.168,79.499,79.168,79.472,4476
2024-05-16 21:00:00+00:00,79.491,79.616,79.373,79.414,811
2024-05-17 01:00:00+00:00,79.404,79.675,79.373,79.552,2796
2024-05-17 05:00:00+00:00,79.562,79.848,79.378,79.458,5977
2024-05-17 09:00:00+00:00,79.448,79.979,79.164,79.919,8040
2024-05-17 13:00:00+00:00,79.909,79.944,79.254,79.735,13582
2024-05-17 17:00:00+00:00,79.725,80.237,79.634,80.095,3334
2024-05-19 21:00:00+00:00,80.135,80.261,79.807,80.098,1603
2024-05-20 01:00:00+00:00,80.108,80.369,79.937,80.135,3913
2024-05-20 05:00:00+00:00,80.13,80.506,80.032,80.087,5792
2024-05-20 09:00:00+00:00,80.082,80.142,79.435,79.556,7607
2024-05-20 13:00:00+00:00,79.551,80.642,79.294,80.441,8064
2024-05-20 17:00:00+00:00,79.482,79.884,79.2,79.716,5789
2024-05-20 21:00:00+00:00,79.731,79.82,79.648,79.678,555
2024-05-21 01:00:00+00:00,79.668,79.813,79.264,79.303,3180
2024-05-21 05:00:00+00:00,79.298,79.421,78.978,79.25,6710
2024-05-21 09:00:00+00:00,79.255,79.511,78.16,78.693,9783
2024-05-21 13:00:00+00:00,78.688,79.557,78.472,79.002,19357
2024-05-21 17:00:00+00:00,79.008,79.444,78.698,78.698,7175
2024-05-21 21:00:00+00:00,78.617,78.867,78.544,78.574,772
2024-05-22 01:00:00+00:00,78.564,78.735,78.403,78.526,3123
2024-05-22 05:00:00+00:00,78.531,78.571,77.835,78.398,5847
2024-05-22 09:00:00+00:00,78.392,78.819,77.985,78.395,9350
2024-05-22 13:00:00+00:00,78.405,78.896,77.951,78.573,21247
2024-05-22 17:00:00+00:00,78.568,78.704,77.735,77.75,6391
2024-05-22 21:00:00+00:00,77.744,77.744,77.568,77.571,827
2024-05-23 01:00:00+00:00,77.566,77.66,77.309,77.548,2913
2024-05-23 05:00:00+00:00,77.559,78.28,77.377,78.089,6000
2024-05-23 09:00:00+00:00,78.079,78.962,78.059,78.911,7525
2024-05-23 13:00:00+00:00,78.921,79.142,77.279,77.319,20483
2024-05-23 17:00:00+00:00,77.309,77.548,76.896,77.427,7975
2024-05-23 21:00:00+00:00,77.401,77.426,77.213,77.268,770
2024-05-24 01:00:00+00:00,77.263,77.484,77.223,77.321,2124
2024-05-24 05:00:00+00:00,77.311,77.431,76.936,77.066,5728
2024-05-24 09:00:00+00:00,77.061,77.355,76.603,77.265,7267
2024-05-24 13:00:00+00:00,77.255,78.308,77.104,78.233,17639
2024-05-24 17:00:00+00:00,78.228,78.488,78.106,78.255,4917
2024-05-26 21:00:00+00:00,78.146,78.32,78.141,78.269,913
2024-05-27 01:00:00+00:00,78.279,78.438,78.158,78.417,2452
2024-05-27 05:00:00+00:00,78.412,78.476,78.143,78.324,4606
2024-05-27 09:00:00+00:00,78.334,78.784,78.284,78.733,3907
2024-05-27 13:00:00+00:00,78.743,79.204,78.663,79.102,6885
2024-05-27 17:00:00+00:00,79.097,79.132,78.956,78.961,506
2024-05-27 21:00:00+00:00,79.049,79.178,78.917,79.097,985
2024-05-28 01:00:00+00:00,79.107,79.346,79.067,79.275,2368
2024-05-28 05:00:00+00:00,79.285,79.423,79.022,79.232,5671
2024-05-28 09:00:00+00:00,79.227,79.681,79.129,79.35,8618
2024-05-28 13:00:00+00:00,79.355,80.292,79.179,80.226,16815
2024-05-28 17:00:00+00:00,80.231,80.691,79.999,80.665,5601
2024-05-28 21:00:00+00:00,80.66,80.705,80.537,80.557,811
2024-05-29 01:00:00+00:00,80.562,80.597,80.445,80.524,2172
2024-05-29 05:00:00+00:00,80.519,80.973,80.433,80.863,6083
2024-05-29 09:00:00+00:00,80.873,81.003,80.428,80.448,6139
2024-05-29 13:00:00+00:00,80.438,80.629,79.521,79.611,18880
2024-05-29 17:00:00+00:00,79.606,79.821,79.368,79.674,4941
2024-05-29 21:00:00+00:00,79.668,79.718,79.465,79.565,778
2024-05-30 01:00:00+00:00,79.56,79.771,79.462,79.522,3249
2024-05-30 05:00:00+00:00,79.512,79.721,79.118,79.58,6149
2024-05-30 09:00:00+00:00,79.59,79.714,78.954,79.19,8691
2024-05-30 13:00:00+00:00,79.195,79.516,78.198,78.293,28544
2024-05-30 17:00:00+00:00,78.288,78.468,77.987,78.215,9463
2024-05-30 21:00:00+00:00,78.169,78.199,77.992,78.062,893
2024-05-31 01:00:00+00:00,78.067,78.122,77.809,78.019,2951
2024-05-31 05:00:00+00:00,78.024,78.403,77.958,78.357,6316
2024-05-31 09:00:00+00:00,78.352,78.957,77.875,78.837,11121
2024-05-31 13:00:00+00:00,78.827,78.877,76.997,77.719,23356
2024-05-31 17:00:00+00:00,77.714,77.739,77.216,77.5,10038
2024-06-02 21:00:00+00:00,76.915,77.406,76.689,77.319,2963
2024-06-03 01:00:00+00:00,77.314,77.81,77.206,77.231,4390
2024-06-03 05:00:00+00:00,77.236,77.625,76.914,77.509,8479
2024-06-03 09:00:00+00:00,77.504,77.595,76.945,77.0,8107
2024-06-03 13:00:00+00:00,77.01,77.08,74.328,74.488,28324
2024-06-03 17:00:00+00:00,74.483,74.587,74.254,74.269,7212
2024-06-03 21:00:00+00:00,74.239,74.389,74.161,74.211,1117
2024-06-04 01:00:00+00:00,74.201,74.312,73.778,73.848,3729
2024-06-04 05:00:00+00:00,73.858,73.858,73.002,73.012,8777
2024-06-04 09:00:00+00:00,73.007,73.461,72.73,73.11,10632
2024-06-04 13:00:00+00:00,73.1,73.891,72.873,73.458,24735
2024-06-04 17:00:00+00:00,73.468,73.95,73.135,73.145,6290
2024-06-04 21:00:00+00:00,73.124,73.403,73.064,73.353,948
2024-06-05 01:00:00+00:00,73.363,73.582,73.252,73.43,2136
2024-06-05 05:00:00+00:00,73.44,73.78,73.287,73.327,5212
2024-06-05 09:00:00+00:00,73.338,74.128,73.087,73.877,8043
2024-06-05 13:00:00+00:00,73.867,74.336,73.153,74.275,24759
2024-06-05 17:00:00+00:00,74.285,74.564,74.16,74.534,4848
2024-06-05 21:00:00+00:00,74.588,74.822,74.533,74.762,736
2024-06-06 01:00:00+00:00,74.772,74.821,74.64,74.779,2376
2024-06-06 05:00:00+00:00,74.789,75.088,74.607,74.726,5561
2024-06-06 09:00:00+00:00,74.731,75.21,74.312,74.463,8556
2024-06-06 13:00:00+00:00,74.453,76.025,74.282,75.734,18303
2024-06-06 17:00:00+00:00,75.724,76.005,75.674,75.872,5269
2024-06-06 21:00:00+00:00,75.881,76.0,75.821,75.959,576
2024-06-07 01:00:00+00:00,75.969,76.12,75.638,76.007,2519
2024-06-07 05:00:00+00:00,75.997,76.026,75.463,75.523,6302
2024-06-07 09:00:00+00:00,75.533,76.353,75.462,75.821,8110
2024-06-07 13:00:00+00:00,75.831,76.462,75.508,75.948,16826
2024-06-07 17:00:00+00:00,75.958,76.008,75.425,75.61,4953
2024-06-09 21:00:00+00:00,75.572,75.77,75.441,75.77,1381
2024-06-10 01:00:00+00:00,75.765,76.07,75.705,75.903,1229
2024-06-10 05:00:00+00:00,75.908,76.166,75.534,75.544,6136
2024-06-10 09:00:00+00:00,75.534,76.614,75.474,76.263,8954
2024-06-10 13:00:00+00:00,76.258,77.884,75.962,77.824,19015
2024-06-10 17:00:00+00:00,77.819,78.453,77.683,78.417,5998
2024-06-10 21:00:00+00:00,78.271,78.33,78.099,78.119,981
2024-06-11 01:00:00+00:00,78.109,78.154,77.707,77.856,4701
2024-06-11 05:00:00+00:00,77.861,78.084,77.754,77.803,7385
2024-06-11 09:00:00+00:00,77.813,77.93,77.45,77.855,8749
2024-06-11 13:00:00+00:00,77.86,78.515,77.389,78.434,18910
2024-06-11 17:00:00+00:00,78.429,78.449,77.957,78.326,6819
2024-06-11 21:00:00+00:00,78.29,78.405,78.173,78.313,873
2024-06-12 01:00:00+00:00,78.323,78.532,78.293,78.48,2251
2024-06-12 05:00:00+00:00,78.485,78.858,78.48,78.793,5146
2024-06-12 09:00:00+00:00,78.798,79.326,78.783,79.196,8682
2024-06-12 13:00:00+00:00,79.206,79.456,78.022,78.871,22150
2024-06-12 17:00:00+00:00,78.876,79.011,78.351,78.406,9383
2024-06-12 21:00:00+00:00,78.461,78.496,78.374,78.454,633
2024-06-13 01:00:00+00:00,78.449,78.463,78.182,78.392,3532
2024-06-13 05:00:00+00:00,78.397,78.571,78.144,78.174,6329
2024-06-13 09:00:00+00:00,78.179,78.418,77.816,78.378,8000
2024-06-13 13:00:00+00:00,78.368,78.996,78.12,78.678,18270
2024-06-13 17:00:00+00:00,78.668,78.999,78.022,78.047,5943
2024-06-13 21:00:00+00:00,78.057,78.057,77.879,78.03,1286
2024-06-14 01:00:00+00:00,78.025,78.402,77.945,78.28,3854
2024-06-14 05:00:00+00:00,78.275,78.44,78.077,78.368,6320
2024-06-14 09:00:00+00:00,78.373,79.251,78.298,79.04,8777
2024-06-14 13:00:00+00:00,79.05,79.231,78.244,78.777,18463
2024-06-14 17:00:00+00:00,78.767,78.907,78.358,78.523,5637
2024-06-16 21:00:00+00:00,78.414,78.544,78.236,78.327,1058
2024-06-17 01:00:00+00:00,78.337,78.356,78.115,78.194,3347
2024-06-17 05:00:00+00:00,78.204,78.826,78.002,78.685,5039
2024-06-17 09:00:00+00:00,78.695,78.984,78.292,78.673,5253
2024-06-17 13:00:00+00:00,78.683,79.686,78.612,79.596,13472
2024-06-17 17:00:00+00:00,79.601,80.428,79.555,80.398,5642
2024-06-17 21:00:00+00:00,80.282,80.347,80.16,80.22,1150
2024-06-18 01:00:00+00:00,80.225,80.305,79.932,79.961,2811
2024-06-18 05:00:00+00:00,79.951,80.111,79.578,79.809,5832
2024-06-18 09:00:00+00:00,79.804,80.209,79.688,80.118,7748
2024-06-18 13:00:00+00:00,80.123,81.152,80.008,80.639,15457
2024-06-18 17:00:00+00:00,80.644,81.261,80.558,81.19,7496
2024-06-18 21:00:00+00:00,81.109,81.288,81.099,81.248,879
2024-06-19 01:00:00+00:00,81.238,81.288,81.086,81.156,2184
2024-06-19 05:00:00+00:00,81.145,81.215,80.712,80.827,6071
2024-06-19 09:00:00+00:00,80.832,81.453,80.802,81.443,5551
2024-06-19 13:00:00+00:00,81.453,81.562,80.878,80.878,8102
2024-06-19 17:00:00+00:00,80.888,81.099,80.878,81.053,574
2024-06-19 21:00:00+00:00,81.021,81.066,80.844,80.884,892
2024-06-20 01:00:00+00:00,80.889,81.004,80.844,80.927,2244
2024-06-20 05:00:00+00:00,80.932,81.252,80.8,81.081,5541
2024-06-20 09:00:00+00:00,81.076,81.481,80.94,81.461,7382
2024-06-20 13:00:00+00:00,81.466,81.912,81.228,81.599,17587
2024-06-20 17:00:00+00:00,81.589,81.91,81.458,81.633,3631
2024-06-20 21:00:00+00:00,81.637,81.767,81.566,81.595,695
2024-06-21 01:00:00+00:00,81.585,81.666,81.514,81.623,1971
2024-06-21 05:00:00+00:00,81.613,81.753,81.31,81.43,4971
2024-06-21 09:00:00+00:00,81.441,81.84,81.38,81.76,6944
2024-06-21 13:00:00+00:00,81.75,82.171,80.924,80.934,17253
2024-06-21 17:00:00+00:00,80.939,81.225,80.733,80.952,5769
2024-06-23 21:00:00+00:00,80.977,81.058,80.585,80.775,1270
2024-06-24 01:00:00+00:00,80.785,81.025,80.644,81.014,2563
2024-06-24 05:00:00+00:00,81.009,81.324,80.893,81.268,4256
2024-06-24 09:00:00+00:00,81.273,81.514,80.859,81.1,5561
2024-06-24 13:00:00+00:00,81.11,82.053,80.603,82.002,13705
2024-06-24 17:00:00+00:00,81.992,82.122,81.892,82.101,3597
2024-06-24 21:00:00+00:00,82.11,82.139,81.999,82.129,485
2024-06-25 01:00:00+00:00,82.139,82.239,81.887,82.026,1840
2024-06-25 05:00:00+00:00,82.016,82.126,81.663,81.708,5570
2024-06-25 09:00:00+00:00,81.713,81.803,81.229,81.721,6577
2024-06-25 13:00:00+00:00,81.731,82.141,81.167,81.337,14027
2024-06-25 17:00:00+00:00,81.347,81.528,80.874,81.094,4756
2024-06-25 21:00:00+00:00,81.089,81.122,80.983,81.122,550
2024-06-26 01:00:00+00:00,81.112,81.593,81.057,81.562,1818
2024-06-26 05:00:00+00:00,81.567,81.722,81.299,81.444,4254
2024-06-26 09:00:00+00:00,81.449,81.961,81.377,81.422,6597
2024-06-26 13:00:00+00:00,81.427,81.567,80.502,81.325,21019
2024-06-26 17:00:00+00:00,81.33,81.837,80.922,81.223,5242
2024-06-26 21:00:00+00:00,81.137,81.137,80.869,80.899,673
2024-06-27 01:00:00+00:00,80.894,81.028,80.828,81.008,1567
2024-06-27 05:00:00+00:00,81.003,81.718,80.966,81.718,4242
2024-06-27 09:00:00+00:00,81.708,82.027,81.416,81.997,8581
2024-06-27 13:00:00+00:00,81.987,82.359,81.464,81.764,19000
2024-06-27 17:00:00+00:00,81.759,82.3,81.644,82.124,5758
2024-06-27 21:00:00+00:00,82.173,82.393,82.148,82.232,683
2024-06-28 01:00:00+00:00,82.227,82.582,82.222,82.521,2142
2024-06-28 05:00:00+00:00,82.516,82.785,82.499,82.67,4933
2024-06-28 09:00:00+00:00,82.68,83.021,82.256,82.396,8454
2024-06-28 13:00:00+00:00,82.391,82.487,81.262,81.732,18835
2024-06-28 17:00:00+00:00,81.722,81.972,81.54,81.795,4683
2024-06-30 21:00:00+00:00,81.78,82.115,81.694,81.974,1381
2024-07-01 01:00:00+00:00,81.964,82.294,81.914,82.143,2144
2024-07-01 05:00:00+00:00,82.148,82.552,82.02,82.111,5145
2024-07-01 09:00:00+00:00,82.116,82.42,81.949,82.359,7211
2024-07-01 13:00:00+00:00,82.364,83.34,81.972,83.33,17121
2024-07-01 17:00:00+00:00,83.32,83.901,83.25,83.669,5707
2024-07-01 21:00:00+00:00,83.684,83.788,83.648,83.697,596
2024-07-02 01:00:00+00:00,83.707,83.867,83.667,83.796,1414
2024-07-02 05:00:00+00:00,83.785,84.215,83.593,84.155,6228
2024-07-02 09:00:00+00:00,84.144,84.614,84.134,84.554,7549
2024-07-02 13:00:00+00:00,84.564,84.644,83.318,83.679,21138
2024-07-02 17:00:00+00:00,83.669,83.809,82.976,83.431,6030
2024-07-02 21:00:00+00:00,83.315,83.345,83.174,83.253,443
2024-07-03 01:00:00+00:00,83.248,83.503,83.233,83.442,1241
2024-07-03 05:00:00+00:00,83.437,83.601,83.199,83.214,5492
2024-07-03 09:00:00+00:00,83.209,83.337,82.938,83.337,7108
2024-07-03 13:00:00+00:00,83.332,83.758,82.695,83.436,21871
2024-07-03 17:00:00+00:00,83.426,84.177,83.245,83.86,4704
2024-07-03 21:00:00+00:00,83.829,83.934,83.762,83.792,455
2024-07-04 01:00:00+00:00,83.797,83.822,83.52,83.62,1350
2024-07-04 05:00:00+00:00,83.61,83.758,83.257,83.678,4026
2024-07-04 09:00:00+00:00,83.683,83.777,83.401,83.571,4171
2024-07-04 13:00:00+00:00,83.566,84.246,83.48,84.155,8109
2024-07-04 17:00:00+00:00,84.16,84.425,84.145,84.32,884
2024-07-04 21:00:00+00:00,84.288,84.322,84.141,84.241,832
2024-07-05 01:00:00+00:00,84.236,84.281,83.829,83.928,1738
2024-07-05 05:00:00+00:00,83.918,84.468,83.857,84.147,4789
2024-07-05 09:00:00+00:00,84.157,84.255,83.974,84.215,7221
2024-07-05 13:00:00+00:00,84.225,84.74,83.913,84.213,15459
2024-07-05 17:00:00+00:00,84.203,84.263,83.284,83.559,8339
2024-07-07 21:00:00+00:00,83.037,83.513,83.017,83.07,2049
2024-07-08 01:00:00+00:00,83.065,83.204,82.9,83.113,2528
2024-07-08 05:00:00+00:00,83.108,83.118,82.575,82.595,6663
2024-07-08 09:00:00+00:00,82.585,83.024,82.274,82.869,8458
2024-07-08 13:00:00+00:00,82.864,83.033,82.362,82.691,18115
2024-07-08 17:00:00+00:00,82.696,82.842,82.269,82.434,5550
2024-07-08 21:00:00+00:00,82.418,82.477,82.348,82.447,426
2024-07-09 01:00:00+00:00,82.452,82.507,82.215,82.254,1334
2024-07-09 05:00:00+00:00,82.264,82.594,81.901,81.947,5365
2024-07-09 09:00:00+00:00,81.952,82.241,81.841,82.065,7236
2024-07-09 13:00:00+00:00,82.07,82.64,81.417,81.907,19285
2024-07-09 17:00:00+00:00,81.917,82.313,81.426,81.965,6598
2024-07-09 21:00:00+00:00,81.875,81.885,81.764,81.823,544
2024-07-10 01:00:00+00:00,81.813,81.843,81.38,81.38,1603
2024-07-10 05:00:00+00:00,81.385,81.979,80.958,81.874,6424
2024-07-10 09:00:00+00:00,81.879,81.979,81.277,81.426,7348
2024-07-10 13:00:00+00:00,81.436,82.807,81.155,82.236,19680
2024-07-10 17:00:00+00:00,82.246,82.604,81.935,82.604,6393
2024-07-10 21:00:00+00:00,82.539,82.722,82.493,82.702,678
2024-07-11 01:00:00+00:00,82.707,83.012,82.702,82.901,2278
2024-07-11 05:00:00+00:00,82.906,82.945,82.378,82.388,5440
2024-07-11 09:00:00+00:00,82.378,82.716,82.136,82.486,8638
2024-07-11 13:00:00+00:00,82.476,82.905,81.774,82.203,21423
2024-07-11 17:00:00+00:00,82.193,83.274,82.193,83.063,7538
2024-07-11 21:00:00+00:00,83.022,83.311,83.002,83.221,644
2024-07-12 01:00:00+00:00,83.226,83.295,82.92,83.088,2177
2024-07-12 05:00:00+00:00,83.098,83.788,82.983,83.772,6347
2024-07-12 09:00:00+00:00,83.777,83.878,83.375,83.545,7344
2024-07-12 13:00:00+00:00,83.535,83.825,82.492,83.002,20812
2024-07-12 17:00:00+00:00,83.012,83.032,82.23,82.319,6200
2024-07-14 21:00:00+00:00,82.469,82.674,81.852,81.852,1636
2024-07-15 01:00:00+00:00,81.857,82.551,81.711,82.5,3019
2024-07-15 05:00:00+00:00,82.495,82.553,81.998,82.488,6519
2024-07-15 09:00:00+00:00,82.498,82.588,82.036,82.366,7476
2024-07-15 13:00:00+00:00,82.351,82.486,81.555,82.094,19908
2024-07-15 17:00:00+00:00,82.084,82.184,81.793,82.087,6071
2024-07-15 21:00:00+00:00,81.991,82.001,81.86,81.919,424
2024-07-16 01:00:00+00:00,81.929,81.969,81.678,81.702,1777
2024-07-16 05:00:00+00:00,81.697,81.697,81.135,81.245,4766
2024-07-16 09:00:00+00:00,81.25,81.455,80.292,80.522,9715
2024-07-16 13:00:00+00:00,80.517,81.351,80.442,80.92,18960
2024-07-16 17:00:00+00:00,80.925,81.315,80.679,80.868,7124
2024-07-16 21:00:00+00:00,80.908,80.978,80.671,80.726,838
2024-07-17 01:00:00+00:00,80.736,80.951,80.536,80.724,2668
2024-07-17 05:00:00+00:00,80.719,81.263,80.553,80.872,6768
2024-07-17 09:00:00+00:00,80.877,81.681,80.761,81.661,6505
2024-07-17 13:00:00+00:00,81.651,82.92,81.591,82.85,20206
2024-07-17 17:00:00+00:00,82.845,83.051,82.578,83.046,7442
2024-07-17 21:00:00+00:00,83.024,83.187,83.008,83.186,736
2024-07-18 01:00:00+00:00,83.191,83.496,83.123,83.312,2409
2024-07-18 05:00:00+00:00,83.322,83.69,83.01,83.111,6239
2024-07-18 09:00:00+00:00,83.106,83.142,82.413,82.423,7201
2024-07-18 13:00:00+00:00,82.413,83.128,81.982,83.128,17359
2024-07-18 17:00:00+00:00,83.117,83.279,82.014,82.226,6207
2024-07-18 21:00:00+00:00,82.234,82.234,81.894,82.046,954
2024-07-19 01:00:00+00:00,82.041,82.255,81.872,82.141,2540
2024-07-19 05:00:00+00:00,82.135,82.693,81.821,82.672,5435
2024-07-19 09:00:00+00:00,82.683,82.693,82.139,82.493,6891
2024-07-19 13:00:00+00:00,82.488,82.493,80.372,80.402,20756
2024-07-19 17:00:00+00:00,80.392,80.605,79.881,79.922,9866
2024-07-21 21:00:00+00:00,80.215,80.348,80.057,80.286,1911
2024-07-22 01:00:00+00:00,80.291,80.337,79.979,80.233,3231
2024-07-22 05:00:00+00:00,80.228,80.318,79.856,79.866,6873
2024-07-22 09:00:00+00:00,79.861,79.978,79.058,79.139,7692
2024-07-22 13:00:00+00:00,79.149,79.643,78.726,79.518,18180
2024-07-22 17:00:00+00:00,79.508,79.637,79.211,79.41,4997
2024-07-22 21:00:00+00:00,79.418,79.465,79.363,79.433,596
2024-07-23 01:00:00+00:00,79.443,79.757,79.423,79.518,1877
2024-07-23 05:00:00+00:00,79.513,79.887,79.404,79.572,5480
2024-07-23 09:00:00+00:00,79.567,79.876,78.764,78.784,6904
2024-07-23 13:00:00+00:00,78.774,78.967,77.501,78.158,20048
2024-07-23 17:00:00+00:00,78.148,78.619,77.964,78.563,6696
2024-07-23 21:00:00+00:00,78.515,78.596,78.399,78.419,693
2024-07-24 01:00:00+00:00,78.429,78.466,78.17,78.24,2232
2024-07-24 05:00:00+00:00,78.23,78.69,78.205,78.558,5665
2024-07-24 09:00:00+00:00,78.568,79.121,78.515,78.835,6811
2024-07-24 13:00:00+00:00,78.825,79.287,78.051,78.925,23397
2024-07-24 17:00:00+00:00,78.92,79.112,78.488,78.568,6908
2024-07-24 21:00:00+00:00,78.562,78.611,78.399,78.399,356
2024-07-25 01:00:00+00:00,78.389,78.409,77.925,78.008,3021
2024-07-25 05:00:00+00:00,78.013,78.337,77.788,77.839,5879
2024-07-25 09:00:00+00:00,77.849,77.859,77.063,77.518,11082
2024-07-25 13:00:00+00:00,77.528,79.336,77.112,79.204,24129
2024-07-25 17:00:00+00:00,79.209,79.524,79.031,79.41,5320
2024-07-25 21:00:00+00:00,79.368,79.415,79.251,79.261,804
2024-07-26 01:00:00+00:00,79.271,79.645,79.211,79.477,3076
2024-07-26 05:00:00+00:00,79.472,79.545,79.116,79.202,5436
2024-07-26 09:00:00+00:00,79.207,79.207,78.588,78.699,7375
2024-07-26 13:00:00+00:00,78.694,78.816,77.181,78.424,23705
2024-07-26 17:00:00+00:00,78.429,78.53,77.41,77.41,9953
2024-07-28 21:00:00+00:00,78.371,78.392,78.039,78.28,2566
2024-07-29 01:00:00+00:00,78.285,78.331,77.905,78.274,4387
2024-07-29 05:00:00+00:00,78.284,78.585,77.863,77.913,8308
2024-07-29 09:00:00+00:00,77.903,78.154,77.402,77.805,9195
2024-07-29 13:00:00+00:00,77.795,78.543,76.211,76.413,29302
2024-07-29 17:00:00+00:00,76.403,76.825,76.312,76.791,8385
2024-07-29 21:00:00+00:00,76.744,76.749,76.451,76.471,1020
2024-07-30 01:00:00+00:00,76.476,76.491,76.193,76.323,3121
2024-07-30 05:00:00+00:00,76.333,76.813,76.158,76.534,6456
2024-07-30 09:00:00+00:00,76.539,76.658,75.84,75.845,8835
2024-07-30 13:00:00+00:00,75.855,76.239,75.416,76.152,28529
2024-07-30 17:00:00+00:00,76.162,76.212,75.483,76.065,11383
2024-07-30 21:00:00+00:00,76.058,76.138,75.979,76.119,906
2024-07-31 01:00:00+00:00,76.129,76.831,76.058,76.82,4494
2024-07-31 05:00:00+00:00,76.815,77.591,76.764,77.591,8137
2024-07-31 09:00:00+00:00,77.586,78.378,77.326,77.837,10368
2024-07-31 13:00:00+00:00,77.842,78.558,77.319,78.528,24296
2024-07-31 17:00:00+00:00,78.518,79.461,78.467,79.41,12305
2024-07-31 21:00:00+00:00,79.368,79.494,79.255,79.424,1534
2024-08-01 01:00:00+00:00,79.419,79.545,79.103,79.472,5517
2024-08-01 05:00:00+00:00,79.467,79.67,79.1,79.203,10492
2024-08-01 09:00:00+00:00,79.208,79.541,78.909,79.282,9980
2024-08-01 13:00:00+00:00,79.272,79.434,77.63,78.003,27643
2024-08-01 17:00:00+00:00,77.993,78.013,76.981,77.663,11385
2024-08-01 21:00:00+00:00,77.601,77.672,77.313,77.323,1874
2024-08-02 01:00:00+00:00,77.328,77.845,77.253,77.509,4473
2024-08-02 05:00:00+00:00,77.514,78.029,77.482,77.512,8803
2024-08-02 09:00:00+00:00,77.502,77.593,75.185,75.396,15706
2024-08-02 13:00:00+00:00,75.401,75.699,73.836,73.946,41201
2024-08-02 17:00:00+00:00,73.956,74.899,73.642,74.823,12210
2024-08-04 21:00:00+00:00,75.038,75.068,73.496,73.798,5909
2024-08-05 01:00:00+00:00,73.793,74.596,73.546,73.857,9957
2024-08-05 05:00:00+00:00,73.862,74.06,72.395,72.636,26483
2024-08-05 09:00:00+00:00,72.626,73.245,72.243,73.023,28807
2024-08-05 13:00:00+00:00,73.028,74.187,72.691,73.319,55822
2024-08-05 17:00:00+00:00,73.33,74.654,73.304,74.452,13311
2024-08-05 21:00:00+00:00,74.551,75.126,74.541,74.99,2583
2024-08-06 01:00:00+00:00,74.995,74.995,74.434,74.701,7600
2024-08-06 05:00:00+00:00,74.696,74.721,73.506,73.627,13867
2024-08-06 09:00:00+00:00,73.632,74.168,72.735,72.981,17696
2024-08-06 13:00:00+00:00,72.976,74.494,72.754,73.846,40130
2024-08-06 17:00:00+00:00,73.856,74.267,73.312,73.543,13218
2024-08-06 21:00:00+00:00,73.36,73.643,73.219,73.471,1964
2024-08-07 01:00:00+00:00,73.476,74.1,73.098,74.009,6007
2024-08-07 05:00:00+00:00,73.999,74.239,73.532,74.043,11502
2024-08-07 09:00:00+00:00,74.038,75.628,73.871,75.355,14274
2024-08-07 13:00:00+00:00,75.365,76.347,74.769,75.52,34079
2024-08-07 17:00:00+00:00,75.515,76.068,75.478,75.942,12943
2024-08-07 21:00:00+00:00,75.935,76.082,75.731,75.945,2488
2024-08-08 01:00:00+00:00,75.94,76.187,75.753,75.898,9017
2024-08-08 05:00:00+00:00,75.893,76.014,75.255,75.565,13794
2024-08-08 09:00:00+00:00,75.575,76.193,75.08,76.092,15575
2024-08-08 13:00:00+00:00,76.097,76.732,75.547,76.498,30753
2024-08-08 17:00:00+00:00,76.508,76.99,76.394,76.532,9533
2024-08-08 21:00:00+00:00,76.414,76.637,76.389,76.5,1300
2024-08-09 01:00:00+00:00,76.505,76.874,76.354,76.735,3775
2024-08-09 05:00:00+00:00,76.73,76.787,76.292,76.683,8473
2024-08-09 09:00:00+00:00,76.673,77.211,76.522,76.968,8322
2024-08-09 13:00:00+00:00,76.978,77.515,76.353,77.404,22142
2024-08-09 17:00:00+00:00,77.394,77.53,76.919,77.468,8070
2024-08-11 21:00:00+00:00,77.388,77.418,77.06,77.332,1962
2024-08-12 01:00:00+00:00,77.327,77.567,77.101,77.547,3598
2024-08-12 05:00:00+00:00,77.542,78.114,77.495,77.962,5604
2024-08-12 09:00:00+00:00,77.957,78.317,77.651,78.317,6363
2024-08-12 13:00:00+00:00,78.322,79.425,78.003,79.405,19104
2024-08-12 17:00:00+00:00,79.395,80.331,79.294,79.779,12544
2024-08-12 21:00:00+00:00,79.747,79.828,79.604,79.659,1815
2024-08-13 01:00:00+00:00,79.664,79.818,79.389,79.657,5592
2024-08-13 05:00:00+00:00,79.652,79.936,79.476,79.757,8280
2024-08-13 09:00:00+00:00,79.751,80.188,79.541,79.836,10206
2024-08-13 13:00:00+00:00,79.846,79.882,78.368,78.724,25887
2024-08-13 17:00:00+00:00,78.729,78.821,78.342,78.763,9302
2024-08-13 21:00:00+00:00,78.771,78.986,78.75,78.924,1279
2024-08-14 01:00:00+00:00,78.919,79.219,78.715,78.947,6088
2024-08-14 05:00:00+00:00,78.942,79.115,78.758,79.082,7430
2024-08-14 09:00:00+00:00,79.087,79.215,78.098,78.794,10825
2024-08-14 13:00:00+00:00,78.784,78.972,77.599,78.03,26046
2024-08-14 17:00:00+00:00,78.025,78.137,77.287,77.619,9951
2024-08-14 21:00:00+00:00,77.77,77.857,77.54,77.561,1194
2024-08-15 01:00:00+00:00,77.556,77.769,77.324,77.645,5568
2024-08-15 05:00:00+00:00,77.635,77.957,77.44,77.714,7613
2024-08-15 09:00:00+00:00,77.719,78.315,77.677,77.906,9778
2024-08-15 13:00:00+00:00,77.916,79.004,77.855,78.802,20526
2024-08-15 17:00:00+00:00,78.797,78.833,78.322,78.519,7742
2024-08-15 21:00:00+00:00,78.517,78.527,78.232,78.42,1374
2024-08-16 01:00:00+00:00,78.425,78.516,78.214,78.244,3164
2024-08-16 05:00:00+00:00,78.239,78.452,77.757,77.813,6568
2024-08-16 09:00:00+00:00,77.807,77.807,76.057,76.902,13761
2024-08-16 13:00:00+00:00,76.892,77.564,76.582,77.088,23285
2024-08-16 17:00:00+00:00,77.094,77.464,76.757,76.999,8232
2024-08-18 21:00:00+00:00,76.884,77.093,76.535,76.679,2186
2024-08-19 01:00:00+00:00,76.684,77.034,76.556,76.754,5354
2024-08-19 05:00:00+00:00,76.764,76.852,76.177,76.583,9606
2024-08-19 09:00:00+00:00,76.578,76.759,75.99,76.739,10265
2024-08-19 13:00:00+00:00,76.729,77.145,75.051,75.153,26107
2024-08-19 17:00:00+00:00,75.142,75.302,74.826,75.186,11555
2024-08-19 21:00:00+00:00,75.093,75.173,74.681,74.873,1478
2024-08-20 01:00:00+00:00,74.863,75.148,74.399,74.479,3965
2024-08-20 05:00:00+00:00,74.489,74.669,73.872,74.538,10099
2024-08-20 09:00:00+00:00,74.533,75.324,74.156,74.857,11695
2024-08-20 13:00:00+00:00,74.862,75.715,74.394,74.682,28024
2024-08-20 17:00:00+00:00,74.672,74.712,74.38,74.42,7558
2024-08-20 21:00:00+00:00,74.418,74.546,74.346,74.484,954
2024-08-21 01:00:00+00:00,74.479,74.596,74.196,74.355,3007
2024-08-21 05:00:00+00:00,74.35,74.677,74.187,74.536,6939
2024-08-21 09:00:00+00:00,74.541,74.956,74.398,74.677,7915
2024-08-21 13:00:00+00:00,74.666,75.457,73.174,73.296,30613
2024-08-21 17:00:00+00:00,73.286,73.476,72.714,73.197,9690
2024-08-21 21:00:00+00:00,73.231,73.276,73.007,73.007,951
2024-08-22 01:00:00+00:00,72.997,73.176,72.822,72.99,2781
2024-08-22 05:00:00+00:00,72.985,73.218,72.822,73.074,7167
2024-08-22 09:00:00+00:00,73.079,73.698,73.003,73.556,10492
2024-08-22 13:00:00+00:00,73.566,74.759,73.25,74.565,25928
2024-08-22 17:00:00+00:00,74.555,74.697,74.033,74.202,7319
2024-08-22 21:00:00+00:00,74.17,74.389,74.109,74.378,861
2024-08-23 01:00:00+00:00,74.388,74.419,74.05,74.31,3121
2024-08-23 05:00:00+00:00,74.305,74.903,74.186,74.898,5924
2024-08-23 09:00:00+00:00,74.903,75.751,74.847,75.516,8167
2024-08-23 13:00:00+00:00,75.505,76.099,75.23,76.037,19732
2024-08-23 17:00:00+00:00,76.027,76.3,75.963,76.182,5576
2024-08-25 21:00:00+00:00,76.417,76.602,76.171,76.503,3073
2024-08-26 01:00:00+00:00,76.508,76.635,76.426,76.455,3335
2024-08-26 05:00:00+00:00,76.45,76.957,76.404,76.783,5504
2024-08-26 09:00:00+00:00,76.778,78.359,76.639,78.338,12197
2024-08-26 13:00:00+00:00,78.328,78.732,78.008,78.239,16394
2024-08-26 17:00:00+00:00,78.229,78.648,78.112,78.267,6149
2024-08-26 21:00:00+00:00,78.311,78.328,78.194,78.235,853
2024-08-27 01:00:00+00:00,78.224,78.323,77.95,78.298,3107
2024-08-27 05:00:00+00:00,78.303,78.579,77.986,78.057,7607
2024-08-27 09:00:00+00:00,78.062,78.184,77.59,77.857,9907
2024-08-27 13:00:00+00:00,77.837,78.07,76.491,76.511,23134
2024-08-27 17:00:00+00:00,76.521,76.941,76.46,76.808,7122
2024-08-27 21:00:00+00:00,76.806,76.995,76.755,76.932,1069
2024-08-28 01:00:00+00:00,76.927,77.002,76.54,76.56,3070
2024-08-28 05:00:00+00:00,76.57,76.724,75.51,76.005,11238
2024-08-28 09:00:00+00:00,76.0,76.107,74.826,75.917,14127
2024-08-28 13:00:00+00:00,75.927,76.511,75.063,76.143,30738
2024-08-28 17:00:00+00:00,76.133,76.213,75.345,75.381,7904
2024-08-28 21:00:00+00:00,75.359,75.633,75.201,75.551,1428
2024-08-29 01:00:00+00:00,75.561,75.822,75.551,75.675,2975
2024-08-29 05:00:00+00:00,75.67,75.815,75.061,75.111,9971
2024-08-29 09:00:00+00:00,75.106,76.248,75.02,76.238,10874
2024-08-29 13:00:00+00:00,76.233,77.897,76.066,76.656,34455
2024-08-29 17:00:00+00:00,76.646,77.066,76.503,76.973,9352
2024-08-29 21:00:00+00:00,76.824,76.89,76.613,76.773,1146
2024-08-30 01:00:00+00:00,76.778,77.132,76.702,77.07,3662
2024-08-30 05:00:00+00:00,77.065,77.536,76.991,77.027,9910
2024-08-30 09:00:00+00:00,77.022,77.15,76.501,76.64,13000
2024-08-30 13:00:00+00:00,76.63,76.67,74.431,74.618,41912
2024-08-30 17:00:00+00:00,74.608,74.738,74.249,74.54,10268
2024-09-01 21:00:00+00:00,74.205,74.281,73.752,74.073,1662
2024-09-02 01:00:00+00:00,74.083,74.184,73.676,73.818,4221
2024-09-02 05:00:00+00:00,73.824,74.645,73.783,74.585,8554
2024-09-02 09:00:00+00:00,74.595,74.691,74.102,74.385,8551
2024-09-02 13:00:00+00:00,74.39,75.188,74.121,74.974,13506
2024-09-02 17:00:00+00:00,74.98,75.035,74.761,74.805,954
2024-09-02 21:00:00+00:00,74.602,74.778,74.318,74.778,1609
2024-09-03 01:00:00+00:00,74.768,74.918,74.484,74.7,3214
2024-09-03 05:00:00+00:00,74.71,75.05,73.967,74.41,11521
2024-09-03 09:00:00+00:00,74.4,74.501,72.424,72.772,22666
2024-09-03 13:00:00+00:00,72.767,72.772,70.907,71.033,40027
2024-09-03 17:00:00+00:00,71.023,71.255,70.788,70.895,9342
2024-09-03 21:00:00+00:00,70.999,71.104,70.651,70.671,1650
2024-09-04 01:00:00+00:00,70.676,70.737,70.401,70.579,5252
2024-09-04 05:00:00+00:00,70.568,70.773,69.847,70.592,13149
2024-09-04 09:00:00+00:00,70.587,72.133,70.434,70.989,25776
2024-09-04 13:00:00+00:00,70.994,71.44,69.957,70.437,44220
2024-09-04 17:00:00+00:00,70.447,70.447,69.458,69.88,10664
2024-09-04 21:00:00+00:00,69.833,70.131,69.788,70.08,1616
2024-09-05 01:00:00+00:00,70.075,70.322,69.915,70.074,4259
2024-09-05 05:00:00+00:00,70.064,70.452,69.959,70.289,9411
2024-09-05 09:00:00+00:00,70.294,70.692,69.933,70.418,13648
2024-09-05 13:00:00+00:00,70.413,71.439,69.53,69.852,39170
2024-09-05 17:00:00+00:00,69.857,69.954,69.371,69.936,10234
2024-09-05 21:00:00+00:00,69.98,69.981,69.779,69.869,1118
2024-09-06 01:00:00+00:00,69.859,70.014,69.672,69.852,3620
2024-09-06 05:00:00+00:00,69.862,70.285,69.493,69.714,10137
2024-09-06 09:00:00+00:00,69.719,70.495,69.583,69.99,14141
2024-09-06 13:00:00+00:00,69.985,70.714,67.716,68.078,43748
2024-09-06 17:00:00+00:00,68.073,68.778,68.046,68.696,13521
2024-09-08 21:00:00+00:00,68.55,69.004,68.49,68.802,2472
2024-09-09 01:00:00+00:00,68.797,69.241,68.621,69.042,6217
2024-09-09 05:00:00+00:00,69.037,69.293,68.653,68.784,11387
2024-09-09 09:00:00+00:00,68.779,69.197,68.444,68.551,14449
2024-09-09 13:00:00+00:00,68.561,69.4,67.744,69.289,34587
2024-09-09 17:00:00+00:00,69.299,69.339,68.866,69.252,10067
2024-09-09 21:00:00+00:00,69.18,69.307,69.116,69.286,1210
2024-09-10 01:00:00+00:00,69.291,69.516,68.959,69.007,4506
2024-09-10 05:00:00+00:00,69.002,69.053,68.367,68.467,9797
2024-09-10 09:00:00+00:00,68.457,68.743,67.954,68.717,15057
2024-09-10 13:00:00+00:00,68.722,69.215,65.65,66.05,53740
2024-09-10 17:00:00+00:00,66.04,66.809,65.887,66.683,11737
2024-09-10 21:00:00+00:00,66.691,66.749,66.445,66.48,1603
2024-09-11 01:00:00+00:00,66.47,66.779,66.288,66.504,5880
2024-09-11 05:00:00+00:00,66.494,67.554,66.459,67.533,12878
2024-09-11 09:00:00+00:00,67.543,67.953,67.256,67.366,14500
2024-09-11 13:00:00+00:00,67.376,68.154,65.976,68.083,47592
2024-09-11 17:00:00+00:00,68.088,68.324,67.405,67.7,10989
2024-09-11 21:00:00+00:00,67.663,67.9,67.579,67.889,1236
2024-09-12 01:00:00+00:00,67.874,68.084,67.647,68.084,5081
2024-09-12 05:00:00+00:00,68.089,68.833,68.013,68.313,9902
2024-09-12 09:00:00+00:00,68.318,69.0,68.222,68.372,13927
2024-09-12 13:00:00+00:00,68.382,70.137,68.139,69.672,36743
2024-09-12 17:00:00+00:00,69.667,69.692,69.177,69.509,9863
2024-09-12 21:00:00+00:00,69.673,69.819,69.56,69.699,1118
2024-09-13 01:00:00+00:00,69.704,69.808,69.505,69.742,4584
2024-09-13 05:00:00+00:00,69.732,69.906,69.505,69.886,10088
2024-09-13 09:00:00+00:00,69.891,70.482,69.675,70.321,11595
2024-09-13 13:00:00+00:00,70.311,70.61,69.12,69.25,26634
2024-09-13 17:00:00+00:00,69.24,69.576,68.761,69.545,9796
2024-09-15 21:00:00+00:00,69.563,69.563,68.897,69.092,1693
2024-09-16 01:00:00+00:00,69.087,69.19,68.84,68.88,2387
2024-09-16 05:00:00+00:00,68.885,69.748,68.88,69.615,6966
2024-09-16 09:00:00+00:00,69.625,69.859,68.96,69.849,12279
2024-09-16 13:00:00+00:00,69.844,70.87,69.715,69.993,27203
2024-09-16 17:00:00+00:00,69.988,70.718,69.938,70.668,8174
2024-09-16 21:00:00+00:00,70.661,70.706,70.521,70.541,670
2024-09-17 01:00:00+00:00,70.536,70.8,70.531,70.679,1934
2024-09-17 05:00:00+00:00,70.684,70.901,70.148,70.512,6779
2024-09-17 09:00:00+00:00,70.507,70.662,69.744,70.43,11666
2024-09-17 13:00:00+00:00,70.42,72.047,70.195,71.846,22927
2024-09-17 17:00:00+00:00,71.851,71.926,71.187,71.26,8743
2024-09-17 21:00:00+00:00,71.278,71.344,71.167,71.248,1428
2024-09-18 01:00:00+00:00,71.258,71.34,70.839,70.875,8131
2024-09-18 05:00:00+00:00,70.88,70.973,70.319,70.41,8843
2024-09-18 09:00:00+00:00,70.4,70.985,69.873,70.852,12575
2024-09-18 13:00:00+00:00,70.847,71.582,70.328,70.861,30909
2024-09-18 17:00:00+00:00,70.866,71.623,70.23,70.416,20280
2024-09-18 21:00:00+00:00,70.43,71.058,70.43,70.919,2470
2024-09-19 01:00:00+00:00,70.914,71.295,70.434,71.279,6921
2024-09-19 05:00:00+00:00,71.274,72.338,71.243,71.981,8928
2024-09-19 09:00:00+00:00,71.991,72.443,71.611,72.382,10223
2024-09-19 13:00:00+00:00,72.371,72.824,71.413,72.528,27263
2024-09-19 17:00:00+00:00,72.518,72.589,72.259,72.419,7361
2024-09-19 21:00:00+00:00,72.458,72.479,72.189,72.235,1026
2024-09-20 01:00:00+00:00,72.24,72.348,72.045,72.284,3885
2024-09-20 05:00:00+00:00,72.274,72.434,71.984,72.323,6949
2024-09-20 09:00:00+00:00,72.318,72.42,71.797,72.037,9292
2024-09-20 13:00:00+00:00,72.042,72.692,71.618,72.58,23145
2024-09-20 17:00:00+00:00,72.585,72.701,72.11,72.492,7360
2024-09-22 21:00:00+00:00,72.498,72.498,72.044,72.382,2074
2024-09-23 01:00:00+00:00,72.387,72.827,72.366,72.787,4324
2024-09-23 05:00:00+00:00,72.782,72.837,71.853,72.059,10581
2024-09-23 09:00:00+00:00,72.053,72.592,71.997,72.276,12092
2024-09-23 13:00:00+00:00,72.281,72.965,70.604,71.111,30898
2024-09-23 17:00:00+00:00,71.101,71.846,71.06,71.841,7227
2024-09-23 21:00:00+00:00,71.865,71.875,71.565,71.581,985
2024-09-24 01:00:00+00:00,71.586,72.323,71.555,72.3,5931
2024-09-24 05:00:00+00:00,72.295,73.076,72.259,73.03,8508
2024-09-24 09:00:00+00:00,73.025,73.48,72.892,73.115,11173
2024-09-24 13:00:00+00:00,73.13,73.516,72.192,72.438,24678
2024-09-24 17:00:00+00:00,72.443,72.785,72.35,72.66,6639
2024-09-24 21:00:00+00:00,72.618,72.717,72.461,72.491,888
2024-09-25 01:00:00+00:00,72.481,72.815,72.224,72.413,4905
2024-09-25 05:00:00+00:00,72.408,72.681,72.095,72.676,9632
2024-09-25 09:00:00+00:00,72.671,72.681,70.91,71.345,15585
2024-09-25 13:00:00+00:00,71.355,72.133,70.289,70.892,39218
2024-09-25 17:00:00+00:00,70.902,70.912,70.444,70.875,10784
2024-09-25 21:00:00+00:00,70.767,70.803,70.452,70.777,1451
2024-09-26 01:00:00+00:00,70.788,71.025,70.152,70.193,4747
2024-09-26 05:00:00+00:00,70.188,70.203,68.136,69.284,27190
2024-09-26 09:00:00+00:00,69.289,69.749,68.437,69.064,22664
2024-09-26 13:00:00+00:00,69.074,69.441,67.907,68.617,46238
2024-09-26 17:00:00+00:00,68.612,68.835,68.227,68.413,11245
2024-09-26 21:00:00+00:00,68.462,68.526,68.012,68.113,1538
2024-09-27 01:00:00+00:00,68.102,68.544,68.047,68.502,5582
2024-09-27 05:00:00+00:00,68.512,69.085,68.325,68.886,12910
2024-09-27 09:00:00+00:00,68.891,69.023,68.348,68.434,14190
2024-09-27 13:00:00+00:00,68.429,69.574,68.052,69.239,33901
2024-09-27 17:00:00+00:00,69.244,69.592,68.482,69.562,13315
2024-09-29 21:00:00+00:00,69.399,69.475,68.725,69.257,3135
2024-09-30 01:00:00+00:00,69.247,69.834,68.937,69.368,12481
2024-09-30 05:00:00+00:00,69.362,70.171,69.139,69.336,16261
2024-09-30 09:00:00+00:00,69.321,69.366,68.401,69.218,14431
2024-09-30 13:00:00+00:00,69.208,70.003,68.538,69.263,32488
2024-09-30 17:00:00+00:00,69.268,69.384,68.835,69.115,11695
2024-09-30 21:00:00+00:00,69.194,69.199,68.978,69.068,1035
2024-10-01 01:00:00+00:00,69.073,69.237,69.005,69.133,1706
2024-10-01 05:00:00+00:00,69.123,69.131,67.356,67.437,12532
2024-10-01 09:00:00+00:00,67.452,68.784,67.113,67.952,18528
2024-10-01 13:00:00+00:00,67.947,72.361,67.825,72.229,69648
2024-10-01 17:00:00+00:00,72.224,72.765,70.517,71.555,30059
2024-10-01 21:00:00+00:00,71.544,71.856,71.388,71.665,2986
2024-10-02 01:00:00+00:00,71.675,71.911,71.485,71.79,4310
2024-10-02 05:00:00+00:00,71.78,72.66,71.631,72.325,16441
2024-10-02 09:00:00+00:00,72.33,73.292,72.218,72.692,15937
2024-10-02 13:00:00+00:00,72.682,73.221,70.645,70.856,32382
2024-10-02 17:00:00+00:00,70.861,71.821,70.672,71.774,10346
2024-10-02 21:00:00+00:00,71.722,71.737,71.471,71.561,1471
2024-10-03 01:00:00+00:00,71.551,71.849,71.517,71.746,3542
2024-10-03 05:00:00+00:00,71.741,72.185,71.336,71.583,11362
2024-10-03 09:00:00+00:00,71.578,72.633,71.285,72.506,21795
2024-10-03 13:00:00+00:00,72.521,74.733,72.208,74.42,43995
2024-10-03 17:00:00+00:00,74.425,74.854,73.716,74.463,16870
2024-10-03 21:00:00+00:00,74.714,74.76,74.483,74.664,2520
2024-10-04 01:00:00+00:00,74.659,74.669,74.334,74.359,4277
2024-10-04 05:00:00+00:00,74.364,75.288,74.211,75.266,12929
2024-10-04 09:00:00+00:00,75.256,75.819,74.513,75.002,21578
2024-10-04 13:00:00+00:00,74.997,75.97,74.646,75.879,30376
2024-10-04 17:00:00+00:00,75.869,76.313,74.841,75.191,17398
2024-10-06 21:00:00+00:00,74.694,74.81,74.26,74.719,4282
2024-10-07 01:00:00+00:00,74.724,74.877,74.592,74.783,4590
2024-10-07 05:00:00+00:00,74.788,76.627,74.696,76.586,12537
2024-10-07 09:00:00+00:00,76.591,77.107,75.611,75.697,18276
2024-10-07 13:00:00+00:00,75.702,77.855,75.672,77.687,29618
2024-10-07 17:00:00+00:00,77.692,78.031,77.387,77.947,10601
2024-10-07 21:00:00+00:00,77.985,79.093,77.204,77.305,8057
2024-10-08 01:00:00+00:00,77.31,77.511,75.971,76.531,13409
2024-10-08 05:00:00+00:00,76.526,76.755,75.931,76.116,15984
2024-10-08 09:00:00+00:00,76.111,76.531,75.748,76.135,16256
2024-10-08 13:00:00+00:00,76.145,76.326,73.267,73.483,51214
2024-10-08 17:00:00+00:00,73.478,75.231,73.407,74.468,27353
2024-10-08 21:00:00+00:00,74.351,74.683,74.257,74.487,3924
2024-10-09 01:00:00+00:00,74.492,74.738,74.076,74.314,10204
2024-10-09 05:00:00+00:00,74.324,74.814,74.215,74.569,16645
2024-10-09 09:00:00+00:00,74.564,74.986,73.376,73.767,20487
2024-10-09 13:00:00+00:00,73.762,74.003,72.072,73.503,55963
2024-10-09 17:00:00+00:00,73.508,74.099,72.807,73.869,15625
2024-10-09 21:00:00+00:00,73.898,74.21,73.842,74.205,2412
2024-10-10 01:00:00+00:00,74.21,74.473,73.907,74.364,7964
2024-10-10 05:00:00+00:00,74.359,74.58,73.978,74.368,10036
2024-10-10 09:00:00+00:00,74.373,75.464,74.292,75.186,17736
2024-10-10 13:00:00+00:00,75.176,76.419,74.431,76.328,34224
2024-10-10 17:00:00+00:00,76.338,76.722,75.896,76.12,12429
2024-10-10 21:00:00+00:00,76.194,76.39,76.068,76.094,3055
2024-10-11 01:00:00+00:00,76.099,76.292,75.88,76.195,6502
2024-10-11 05:00:00+00:00,76.19,76.362,75.079,75.499,13853
2024-10-11 09:00:00+00:00,75.504,75.992,75.27,75.687,13331
2024-10-11 13:00:00+00:00,75.692,76.523,75.35,75.9,25639
2024-10-11 17:00:00+00:00,75.89,76.377,75.569,76.007,11655
2024-10-13 21:00:00+00:00,75.212,75.324,74.549,75.031,4962
2024-10-14 01:00:00+00:00,75.026,75.296,74.664,75.107,9368
2024-10-14 05:00:00+00:00,75.112,75.299,74.601,74.807,9897
2024-10-14 09:00:00+00:00,74.812,74.848,73.887,74.3,15684
2024-10-14 13:00:00+00:00,74.294,75.212,74.052,74.513,28862
2024-10-14 17:00:00+00:00,74.508,74.816,72.371,72.406,13215
2024-10-14 21:00:00+00:00,72.12,72.648,72.047,72.3,4530
2024-10-15 01:00:00+00:00,72.285,72.503,72.008,72.051,8042
2024-10-15 05:00:00+00:00,72.041,72.071,70.935,71.001,15416
2024-10-15 09:00:00+00:00,71.006,71.575,70.243,71.148,19697
2024-10-15 13:00:00+00:00,71.143,71.427,70.292,71.052,34483
2024-10-15 17:00:00+00:00,71.062,71.542,70.712,71.468,10340
2024-10-15 21:00:00+00:00,71.35,71.577,71.256,71.316,1645
2024-10-16 01:00:00+00:00,71.327,71.468,71.157,71.342,5065
2024-10-16 05:00:00+00:00,71.347,71.725,70.845,71.023,11361
2024-10-16 09:00:00+00:00,71.033,71.393,70.508,71.246,13986
2024-10-16 13:00:00+00:00,71.251,71.388,70.127,70.749,27556
2024-10-16 17:00:00+00:00,70.754,71.156,70.712,71.105,8074
2024-10-16 21:00:00+00:00,71.078,71.323,71.078,71.308,986
2024-10-17 01:00:00+00:00,71.313,71.534,70.945,71.105,4405
2024-10-17 05:00:00+00:00,71.11,71.176,70.504,70.923,7716
2024-10-17 09:00:00+00:00,70.918,71.278,70.692,70.984,10383
2024-10-17 13:00:00+00:00,70.974,71.377,70.557,70.69,25183
2024-10-17 17:00:00+00:00,70.695,71.238,69.863,71.167,12658
2024-10-17 21:00:00+00:00,71.196,71.406,71.14,71.324,1292
2024-10-18 01:00:00+00:00,71.329,71.586,71.159,71.385,5645
2024-10-18 05:00:00+00:00,71.38,71.642,70.961,71.051,9725
2024-10-18 09:00:00+00:00,71.061,71.405,70.562,70.752,13003
2024-10-18 13:00:00+00:00,70.742,70.813,69.097,70.048,33822
2024-10-18 17:00:00+00:00,70.053,70.331,69.534,69.774,10621
2024-10-20 21:00:00+00:00,69.747,69.888,69.341,69.834,2868
2024-10-21 01:00:00+00:00,69.829,70.088,69.413,70.037,6552
2024-10-21 05:00:00+00:00,70.027,70.468,69.793,70.336,7769
2024-10-21 09:00:00+00:00,70.341,71.219,70.336,70.914,10845
2024-10-21 13:00:00+00:00,70.909,71.181,70.116,70.883,21885
2024-10-21 17:00:00+00:00,70.894,71.267,70.616,70.641,7943
2024-10-21 21:00:00+00:00,70.781,70.886,70.631,70.641,1199
2024-10-22 01:00:00+00:00,70.651,70.78,70.488,70.606,5736
2024-10-22 05:00:00+00:00,70.601,70.832,70.193,70.712,11975
2024-10-22 09:00:00+00:00,70.697,71.803,70.626,71.502,15737
2024-10-22 13:00:00+00:00,71.497,72.961,71.223,72.62,35578
2024-10-22 17:00:00+00:00,72.626,72.706,72.135,72.145,8614
2024-10-22 21:00:00+00:00,72.215,72.343,72.159,72.302,1013
2024-10-23 01:00:00+00:00,72.292,72.513,72.2,72.449,3774
2024-10-23 05:00:00+00:00,72.439,72.57,71.827,71.877,7575
2024-10-23 09:00:00+00:00,71.867,71.993,70.954,71.392,12880
2024-10-23 13:00:00+00:00,71.387,72.316,71.211,71.463,27736
2024-10-23 17:00:00+00:00,71.453,71.883,71.27,71.858,8540
2024-10-23 21:00:00+00:00,71.816,72.485,71.801,72.439,1485
2024-10-24 01:00:00+00:00,72.429,72.614,72.322,72.531,3727
2024-10-24 05:00:00+00:00,72.536,73.002,72.316,72.768,8746
2024-10-24 09:00:00+00:00,72.778,73.151,71.733,71.975,13972
2024-10-24 13:00:00+00:00,71.964,72.348,70.545,70.665,28831
2024-10-24 17:00:00+00:00,70.67,71.329,70.67,71.126,6589
2024-10-24 21:00:00+00:00,71.16,71.476,71.134,71.374,1462
2024-10-25 01:00:00+00:00,71.363,71.363,71.026,71.086,3963
2024-10-25 05:00:00+00:00,71.096,71.386,70.718,71.061,8273
2024-10-25 09:00:00+00:00,71.055,71.955,70.975,71.885,9296
2024-10-25 13:00:00+00:00,71.89,72.7,71.579,72.466,25014
2024-10-25 17:00:00+00:00,72.476,72.676,72.237,72.431,8353
2024-10-27 21:00:00+00:00,68.699,69.544,68.624,69.524,6713
2024-10-28 01:00:00+00:00,69.519,69.529,69.014,69.176,7465
2024-10-28 05:00:00+00:00,69.171,69.451,68.803,68.924,8224
2024-10-28 09:00:00+00:00,68.914,68.934,67.782,67.824,17288
2024-10-28 13:00:00+00:00,67.829,68.846,67.561,68.279,21709
2024-10-28 17:00:00+00:00,68.289,68.689,67.964,68.637,9522
2024-10-28 21:00:00+00:00,68.641,68.727,68.391,68.411,1322
2024-10-29 01:00:00+00:00,68.421,68.451,68.013,68.043,4054
2024-10-29 05:00:00+00:00,68.038,68.614,67.808,68.422,8107
2024-10-29 09:00:00+00:00,68.432,69.145,68.259,68.72,13410
2024-10-29 13:00:00+00:00,68.725,68.73,67.334,67.842,27544
2024-10-29 17:00:00+00:00,67.847,68.166,67.585,68.09,8907
2024-10-29 21:00:00+00:00,68.018,68.132,67.909,67.949,1340
2024-10-30 01:00:00+00:00,67.939,68.258,67.888,68.247,3766
2024-10-30 05:00:00+00:00,68.237,68.803,68.204,68.394,7572
2024-10-30 09:00:00+00:00,68.404,69.479,68.15,68.954,16928
2024-10-30 13:00:00+00:00,68.944,69.738,68.484,69.196,26529
2024-10-30 17:00:00+00:00,69.191,69.762,68.848,69.691,7903
2024-10-30 21:00:00+00:00,69.579,69.659,69.475,69.515,1132
2024-10-31 01:00:00+00:00,69.525,69.652,69.362,69.631,3896
2024-10-31 05:00:00+00:00,69.626,69.711,68.871,69.334,7710
2024-10-31 09:00:00+00:00,69.344,69.935,69.082,69.864,15508
2024-10-31 13:00:00+00:00,69.859,70.335,69.567,69.773,22633
2024-10-31 17:00:00+00:00,69.778,71.378,69.505,71.079,20157
2024-10-31 21:00:00+00:00,71.038,71.271,70.989,71.039,2043
2024-11-01 01:00:00+00:00,71.029,71.317,70.895,71.286,5362
2024-11-01 05:00:00+00:00,71.296,72.002,71.042,71.639,8465
2024-11-01 09:00:00+00:00,71.644,71.936,71.067,71.513,16812
2024-11-01 13:00:00+00:00,71.518,71.871,70.204,70.571,30533
2024-11-01 17:00:00+00:00,70.566,70.611,69.866,69.876,8539
2024-11-03 22:00:00+00:00,71.0,71.315,70.738,70.971,5544
2024-11-04 02:00:00+00:00,70.966,71.268,70.839,71.268,3284
2024-11-04 06:00:00+00:00,71.263,72.004,71.155,71.948,7946
2024-11-04 10:00:00+00:00,71.958,72.298,71.534,72.019,9996
2024-11-04 14:00:00+00:00,72.003,72.11,71.136,71.973,22198
2024-11-04 18:00:00+00:00,71.978,72.262,71.816,72.175,7072
2024-11-04 22:00:00+00:00,72.098,72.098,71.758,71.883,2149
2024-11-05 02:00:00+00:00,71.888,72.107,71.838,71.903,2768
2024-11-05 06:00:00+00:00,71.908,72.493,71.822,72.306,8207
2024-11-05 10:00:00+00:00,72.311,72.539,72.062,72.236,9284
2024-11-05 14:00:00+00:00,72.231,73.123,72.226,72.372,15725
2024-11-05 18:00:00+00:00,72.367,72.701,71.837,72.427,9579
2024-11-05 22:00:00+00:00,72.406,72.586,71.971,72.07,3902
2024-11-06 02:00:00+00:00,72.06,72.251,71.15,71.16,8089
2024-11-06 06:00:00+00:00,71.17,71.751,70.646,71.638,17259
2024-11-06 10:00:00+00:00,71.633,71.809,70.15,70.526,18556
2024-11-06 14:00:00+00:00,70.537,73.049,70.436,72.463,32912
2024-11-06 18:00:00+00:00,72.453,72.527,71.968,72.272,9696
2024-11-06 22:00:00+00:00,72.18,72.503,72.062,72.483,2987
2024-11-07 02:00:00+00:00,72.488,72.689,72.388,72.508,3397
2024-11-07 06:00:00+00:00,72.513,72.529,71.559,71.639,8011
2024-11-07 10:00:00+00:00,71.629,71.906,71.053,71.699,12776
2024-11-07 14:00:00+00:00,71.704,72.976,71.131,72.956,29984
2024-11-07 18:00:00+00:00,72.966,73.267,72.349,72.559,10127
2024-11-07 22:00:00+00:00,72.538,72.636,72.404,72.444,2732
2024-11-08 02:00:00+00:00,72.434,72.454,72.11,72.293,3015
2024-11-08 06:00:00+00:00,72.288,72.298,71.415,71.559,8909
2024-11-08 10:00:00+00:00,71.554,72.01,71.312,71.755,11301
2024-11-08 14:00:00+00:00,71.75,71.916,70.345,70.901,24336
2024-11-08 18:00:00+00:00,70.896,70.937,70.523,70.771,6735
2024-11-10 22:00:00+00:00,70.381,70.702,70.247,70.397,3257
2024-11-11 02:00:00+00:00,70.402,70.533,70.203,70.347,2904
2024-11-11 06:00:00+00:00,70.342,70.841,69.715,69.805,10174
2024-11-11 10:00:00+00:00,69.8,69.815,68.712,68.912,14255
2024-11-11 14:00:00+00:00,68.917,69.037,68.232,68.436,20197
2024-11-11 18:00:00+00:00,68.441,68.585,68.178,68.381,7599
2024-11-11 22:00:00+00:00,68.355,68.558,68.281,68.321,2332
2024-11-12 02:00:00+00:00,68.311,68.331,67.996,68.04,2848
2024-11-12 06:00:00+00:00,68.035,68.794,68.005,68.758,9597
2024-11-12 10:00:00+00:00,68.763,69.09,68.294,69.06,11861
2024-11-12 14:00:00+00:00,69.055,69.37,68.009,68.659,22917
2024-11-12 18:00:00+00:00,68.664,68.674,68.157,68.197,6714
2024-11-12 22:00:00+00:00,68.232,68.517,68.197,68.452,1902
2024-11-13 02:00:00+00:00,68.447,68.662,68.422,68.45,2458
2024-11-13 06:00:00+00:00,68.445,69.062,68.228,68.831,7089
2024-11-13 10:00:00+00:00,68.826,69.036,67.989,68.165,11511
2024-11-13 14:00:00+00:00,68.17,68.988,67.154,68.777,30239
2024-11-13 18:00:00+00:00,68.772,68.962,68.087,68.278,9761
2024-11-13 22:00:00+00:00,68.272,68.558,68.207,68.482,1768
2024-11-14 02:00:00+00:00,68.487,68.552,68.128,68.179,2987
2024-11-14 06:00:00+00:00,68.184,68.796,68.128,68.665,7280
2024-11-14 10:00:00+00:00,68.66,69.503,68.474,69.372,10941
2024-11-14 14:00:00+00:00,69.367,69.598,68.309,68.48,24113
2024-11-14 18:00:00+00:00,68.475,69.073,68.299,68.78,7488
2024-11-14 22:00:00+00:00,68.729,68.81,68.462,68.507,1923
2024-11-15 02:00:00+00:00,68.502,68.532,68.113,68.138,2154
2024-11-15 06:00:00+00:00,68.133,68.217,67.67,68.107,7435
2024-11-15 10:00:00+00:00,68.112,68.864,67.865,68.18,10302
2024-11-15 14:00:00+00:00,68.19,68.803,67.224,67.329,23412
2024-11-15 18:00:00+00:00,67.334,67.48,67.053,67.222,8801
2024-11-17 22:00:00+00:00,67.081,67.412,66.855,67.331,3891
2024-11-18 02:00:00+00:00,67.321,67.592,67.251,67.32,2971
2024-11-18 06:00:00+00:00,67.325,67.81,66.967,67.77,8544
2024-11-18 10:00:00+00:00,67.775,67.921,67.357,67.758,9951
2024-11-18 14:00:00+00:00,67.753,69.445,67.668,69.183,20012
2024-11-18 18:00:00+00:00,69.178,69.685,69.158,69.407,6796
2024-11-18 22:00:00+00:00,69.312,69.602,69.226,69.551,2399
2024-11-19 02:00:00+00:00,69.561,69.691,69.38,69.565,2615
2024-11-19 06:00:00+00:00,69.56,69.67,68.785,69.191,9362
2024-11-19 10:00:00+00:00,69.186,69.587,68.834,69.396,11310
2024-11-19 14:00:00+00:00,69.401,70.058,68.797,69.67,29501
2024-11-19 18:00:00+00:00,69.675,69.774,69.193,69.613,9433
2024-11-19 22:00:00+00:00,69.588,69.738,69.471,69.511,2190
2024-11-20 02:00:00+00:00,69.521,69.661,69.471,69.509,2178
2024-11-20 06:00:00+00:00,69.499,70.231,69.459,69.914,7334
2024-11-20 10:00:00+00:00,69.909,70.169,69.623,70.149,8298
2024-11-20 14:00:00+00:00,70.144,70.259,69.123,69.183,17808
2024-11-20 18:00:00+00:00,69.173,69.473,68.941,69.327,5557
2024-11-20 22:00:00+00:00,69.341,69.431,69.26,69.39,1803
2024-11-21 02:00:00+00:00,69.395,69.481,69.158,69.218,2100
2024-11-21 06:00:00+00:00,69.213,70.1,69.168,70.04,6802
2024-11-21 10:00:00+00:00,70.05,70.671,69.909,70.43,9643
2024-11-21 14:00:00+00:00,70.435,70.58,69.735,69.825,19397
2024-11-21 18:00:00+00:00,69.82,70.557,69.705,70.421,7301
2024-11-21 22:00:00+00:00,70.395,70.746,70.38,70.695,2183
2024-11-22 02:00:00+00:00,70.685,70.856,70.372,70.382,3048
2024-11-22 06:00:00+00:00,70.377,71.039,70.23,70.566,8889
2024-11-22 10:00:00+00:00,70.571,70.792,69.571,69.992,12734
2024-11-22 14:00:00+00:00,69.997,71.503,69.997,71.482,18273
2024-11-22 18:00:00+00:00,71.492,71.792,71.385,71.47,7948
2024-11-24 22:00:00+00:00,71.393,71.698,71.387,71.427,2739
2024-11-25 02:00:00+00:00,71.422,71.462,70.883,70.943,3309
2024-11-25 06:00:00+00:00,70.938,71.223,70.661,70.881,8379
2024-11-25 10:00:00+00:00,70.871,71.498,70.811,71.02,10855
2024-11-25 14:00:00+00:00,71.035,71.075,69.202,69.232,31671
2024-11-25 18:00:00+00:00,69.242,69.371,68.986,69.326,6624
2024-11-25 22:00:00+00:00,69.245,69.25,68.833,69.078,2775
2024-11-26 02:00:00+00:00,69.068,69.459,69.068,69.387,2445
2024-11-26 06:00:00+00:00,69.392,69.772,69.156,69.717,7553
2024-11-26 10:00:00+00:00,69.727,69.957,69.375,69.8,8434
2024-11-26 14:00:00+00:00,69.805,70.548,68.469,68.494,24644
2024-11-26 18:00:00+00:00,68.499,69.23,68.279,69.22,11433
2024-11-26 22:00:00+00:00,69.089,69.149,68.847,68.847,2393
2024-11-27 02:00:00+00:00,68.852,69.157,68.817,69.066,2856
2024-11-27 06:00:00+00:00,69.061,69.561,68.914,69.32,8825
2024-11-27 10:00:00+00:00,69.315,69.595,69.084,69.474,9415
2024-11-27 14:00:00+00:00,69.464,69.514,68.459,68.489,21957
2024-11-27 18:00:00+00:00,68.484,69.039,68.399,68.989,7017
2024-11-27 22:00:00+00:00,69.004,69.078,68.847,68.917,1832
2024-11-28 02:00:00+00:00,68.907,68.967,68.635,68.84,1943
2024-11-28 06:00:00+00:00,68.845,69.245,68.493,69.165,6464
2024-11-28 10:00:00+00:00,69.155,69.505,69.149,69.333,6331
2024-11-28 14:00:00+00:00,69.343,69.362,68.771,69.272,9561
2024-11-28 18:00:00+00:00,69.267,69.272,69.09,69.11,532
2024-11-28 22:00:00+00:00,69.104,69.258,68.857,69.198,1848
2024-11-29 02:00:00+00:00,69.188,69.433,69.118,69.317,2639
2024-11-29 06:00:00+00:00,69.307,69.386,68.512,68.588,9013
2024-11-29 10:00:00+00:00,68.578,69.625,68.442,69.459,11275
2024-11-29 14:00:00+00:00,69.454,69.894,68.71,68.84,21992
2024-11-29 18:00:00+00:00,68.835,68.87,68.092,68.338,4754
2024-12-01 22:00:00+00:00,68.276,68.557,68.151,68.455,4019
2024-12-02 02:00:00+00:00,68.445,68.666,68.435,68.564,3104
2024-12-02 06:00:00+00:00,68.569,68.994,68.523,68.878,9586
2024-12-02 10:00:00+00:00,68.883,69.282,68.702,69.122,8987
2024-12-02 14:00:00+00:00,69.117,69.272,67.883,68.188,21663
2024-12-02 18:00:00+00:00,68.183,68.362,67.967,68.327,5489
2024-12-02 22:00:00+00:00,68.281,68.415,68.195,68.205,1923
2024-12-03 02:00:00+00:00,68.2,68.414,68.074,68.383,2255
2024-12-03 06:00:00+00:00,68.393,69.124,68.393,69.073,6560
2024-12-03 10:00:00+00:00,69.078,69.638,68.822,69.392,9147
2024-12-03 14:00:00+00:00,69.382,70.393,68.911,70.123,18203
2024-12-03 18:00:00+00:00,70.117,70.393,69.942,70.111,6177
2024-12-03 22:00:00+00:00,70.09,70.24,70.034,70.069,1614
2024-12-04 02:00:00+00:00,70.074,70.318,70.049,70.308,2129
2024-12-04 06:00:00+00:00,70.298,70.517,70.026,70.501,6770
2024-12-04 10:00:00+00:00,70.496,70.677,69.904,70.425,9567
2024-12-04 14:00:00+00:00,70.415,70.525,68.729,68.919,20832
2024-12-04 18:00:00+00:00,68.929,69.14,68.648,68.838,10892
2024-12-04 22:00:00+00:00,68.897,68.982,68.776,68.806,2267
2024-12-05 02:00:00+00:00,68.816,68.856,68.62,68.664,2492
2024-12-05 06:00:00+00:00,68.659,69.153,68.558,69.033,7433
2024-12-05 10:00:00+00:00,69.023,69.302,68.12,69.192,18270
2024-12-05 14:00:00+00:00,69.197,69.261,68.364,68.388,17836
2024-12-05 18:00:00+00:00,68.383,68.859,68.333,68.552,6413
2024-12-05 22:00:00+00:00,68.571,68.636,68.154,68.164,1946
2024-12-06 02:00:00+00:00,68.174,68.513,68.154,68.503,2822
2024-12-06 06:00:00+00:00,68.493,68.548,68.081,68.211,6797
2024-12-06 10:00:00+00:00,68.206,68.251,67.518,67.568,9575
2024-12-06 14:00:00+00:00,67.558,67.889,67.107,67.561,17366
2024-12-06 18:00:00+00:00,67.567,67.807,67.195,67.289,5772
2024-12-08 22:00:00+00:00,67.224,67.653,67.184,67.633,2741
2024-12-09 02:00:00+00:00,67.623,67.742,67.482,67.712,2807
2024-12-09 06:00:00+00:00,67.707,68.382,67.561,68.041,7101
2024-12-09 10:00:00+00:00,68.046,68.535,67.99,68.379,8084
2024-12-09 14:00:00+00:00,68.374,68.99,68.169,68.678,15144
2024-12-09 18:00:00+00:00,68.688,68.743,68.206,68.251,5281
2024-12-09 22:00:00+00:00,68.251,68.465,68.195,68.274,2201
2024-12-10 02:00:00+00:00,68.279,68.374,68.012,68.062,2787
2024-12-10 06:00:00+00:00,68.057,68.512,68.002,68.311,6669
2024-12-10 10:00:00+00:00,68.321,68.449,67.81,68.429,8782
2024-12-10 14:00:00+00:00,68.434,69.149,68.359,68.989,14334
2024-12-10 18:00:00+00:00,68.979,68.989,68.387,68.561,5942
2024-12-10 22:00:00+00:00,68.556,68.995,68.536,68.965,1306
2024-12-11 02:00:00+00:00,68.955,69.184,68.945,69.139,1870
2024-12-11 06:00:00+00:00,69.144,69.452,68.772,69.332,6540
2024-12-11 10:00:00+00:00,69.337,69.712,69.226,69.496,8826
2024-12-11 14:00:00+00:00,69.501,70.131,69.18,70.055,18949
2024-12-11 18:00:00+00:00,70.06,70.557,69.894,70.411,6651
2024-12-11 22:00:00+00:00,70.37,70.46,70.222,70.278,2233
2024-12-12 02:00:00+00:00,70.288,70.583,70.242,70.497,2803
2024-12-12 06:00:00+00:00,70.502,70.758,70.386,70.571,5509
2024-12-12 10:00:00+00:00,70.576,70.611,70.111,70.272,8839
2024-12-12 14:00:00+00:00,70.277,70.547,69.209,70.371,22099
2024-12-12 18:00:00+00:00,70.361,70.537,70.053,70.082,6707
2024-12-12 22:00:00+00:00,70.137,70.137,69.98,70.05,1520
2024-12-13 02:00:00+00:00,70.045,70.23,70.034,70.133,2968
2024-12-13 06:00:00+00:00,70.138,70.579,70.061,70.494,6467
2024-12-13 10:00:00+00:00,70.499,70.996,70.326,70.416,7281
2024-12-13 14:00:00+00:00,70.421,71.29,70.315,71.169,14009
2024-12-13 18:00:00+00:00,71.179,71.41,71.057,71.092,4988
2024-12-15 22:00:00+00:00,71.153,71.193,70.946,71.096,2462
2024-12-16 02:00:00+00:00,71.091,71.096,70.817,70.833,2858
2024-12-16 06:00:00+00:00,70.838,71.048,70.544,70.549,6688
2024-12-16 10:00:00+00:00,70.559,70.854,70.412,70.814,6951
2024-12-16 14:00:00+00:00,70.819,71.175,70.5,70.942,15944
2024-12-16 18:00:00+00:00,70.947,71.063,70.529,70.674,5768
2024-12-16 22:00:00+00:00,70.688,70.768,70.572,70.742,1742
2024-12-17 02:00:00+00:00,70.747,70.871,70.576,70.846,1779
2024-12-17 06:00:00+00:00,70.841,70.956,69.959,70.24,6239
2024-12-17 10:00:00+00:00,70.245,70.286,69.786,69.836,7499
2024-12-17 14:00:00+00:00,69.841,70.057,69.222,69.915,15968
2024-12-17 18:00:00+00:00,69.925,70.305,69.773,70.219,4668
2024-12-17 22:00:00+00:00,70.224,70.293,70.032,70.238,1300
2024-12-18 02:00:00+00:00,70.233,70.293,70.045,70.09,1819
2024-12-18 06:00:00+00:00,70.085,70.702,70.049,70.581,5394
2024-12-18 10:00:00+00:00,70.576,70.831,70.399,70.679,5335
2024-12-18 14:00:00+00:00,70.669,71.201,70.438,70.587,13418
2024-12-18 18:00:00+00:00,70.577,70.838,69.791,69.881,7879
2024-12-18 22:00:00+00:00,69.91,70.08,69.825,70.015,2536
2024-12-19 02:00:00+00:00,70.01,70.119,69.828,69.927,2260
2024-12-19 06:00:00+00:00,69.932,70.408,69.675,70.383,6377
2024-12-19 10:00:00+00:00,70.388,70.838,70.065,70.778,7754
2024-12-19 14:00:00+00:00,70.783,70.969,69.58,69.755,20518
2024-12-19 18:00:00+00:00,69.75,69.901,69.488,69.598,5815
2024-12-19 22:00:00+00:00,69.617,69.647,69.395,69.485,1686
2024-12-20 02:00:00+00:00,69.49,69.495,69.263,69.388,1848
2024-12-20 06:00:00+00:00,69.383,69.573,69.019,69.049,5743
2024-12-20 10:00:00+00:00,69.039,69.57,68.817,69.077,7701
2024-12-20 14:00:00+00:00,69.082,70.041,68.835,69.99,14389
2024-12-20 18:00:00+00:00,69.985,70.231,69.728,69.933,5614
2024-12-22 22:00:00+00:00,69.819,70.224,69.819,70.184,2026
2024-12-23 02:00:00+00:00,70.189,70.264,70.093,70.132,1868
2024-12-23 06:00:00+00:00,70.127,70.281,69.813,69.813,5218
2024-12-23 10:00:00+00:00,69.828,69.914,69.329,69.374,5842
2024-12-23 14:00:00+00:00,69.384,69.766,68.931,69.422,11710
2024-12-23 18:00:00+00:00,69.427,69.963,69.261,69.908,5411
2024-12-23 22:00:00+00:00,69.822,69.901,69.761,69.78,1597
2024-12-24 02:00:00+00:00,69.785,70.001,69.699,69.869,2556
2024-12-24 06:00:00+00:00,69.864,70.174,69.829,70.028,4006
2024-12-24 10:00:00+00:00,70.023,70.303,69.831,70.287,6978
2024-12-24 14:00:00+00:00,70.297,70.758,70.176,70.365,9891
2024-12-24 18:00:00+00:00,70.36,70.566,70.224,70.501,1769
2024-12-25 22:00:00+00:00,70.547,70.672,70.512,70.606,1509
2024-12-26 02:00:00+00:00,70.601,70.781,70.393,70.513,1965
2024-12-26 06:00:00+00:00,70.508,70.858,70.443,70.833,3554
2024-12-26 10:00:00+00:00,70.828,71.037,70.636,70.836,3735
2024-12-26 14:00:00+00:00,70.841,71.057,70.121,70.191,8994
2024-12-26 18:00:00+00:00,70.201,70.241,69.638,69.978,4491
2024-12-26 22:00:00+00:00,69.953,69.982,69.736,69.926,1554
2024-12-27 02:00:00+00:00,69.916,70.006,69.846,69.904,1781
2024-12-27 06:00:00+00:00,69.894,70.254,69.803,70.163,4991
2024-12-27 10:00:00+00:00,70.173,70.684,70.103,70.674,5963
2024-12-27 14:00:00+00:00,70.663,70.874,70.352,70.571,12571
2024-12-27 18:00:00+00:00,70.606,71.042,70.439,70.534,5301
2024-12-29 22:00:00+00:00,70.53,71.005,70.415,71.005,2105
2024-12-30 02:00:00+00:00,71.0,71.015,70.859,70.893,1684
2024-12-30 06:00:00+00:00,70.898,70.962,70.47,70.811,6071
2024-12-30 10:00:00+00:00,70.801,71.331,70.55,71.24,6878
2024-12-30 14:00:00+00:00,71.245,71.821,71.159,71.565,12617
2024-12-30 18:00:00+00:00,71.57,71.65,71.037,71.407,4841
2024-12-30 22:00:00+00:00,71.376,71.857,71.336,71.746,1447
2024-12-31 02:00:00+00:00,71.736,71.936,71.585,71.865,2870
2024-12-31 06:00:00+00:00,71.855,71.995,71.612,71.637,5195
2024-12-31 10:00:00+00:00,71.632,71.962,71.128,71.399,6698
2024-12-31 14:00:00+00:00,71.409,72.09,71.399,72.054,10074
2024-12-31 18:00:00+00:00,72.059,72.27,71.918,72.118,4124
2025-01-01 22:00:00+00:00,72.05,72.525,72.045,72.395,3060
2025-01-02 02:00:00+00:00,72.39,72.425,72.132,72.162,2465
2025-01-02 06:00:00+00:00,72.157,72.671,72.03,72.661,7020
2025-01-02 10:00:00+00:00,72.671,73.122,72.661,73.066,8025
2025-01-02 14:00:00+00:00,73.061,73.962,73.051,73.595,18053
2025-01-02 18:00:00+00:00,73.6,73.67,73.289,73.348,6442
2025-01-02 22:00:00+00:00,73.342,73.587,73.337,73.496,1760
2025-01-03 02:00:00+00:00,73.491,73.711,73.446,73.484,2606
2025-01-03 06:00:00+00:00,73.479,73.489,72.97,73.061,6548
2025-01-03 10:00:00+00:00,73.071,73.821,72.94,73.7,6745
2025-01-03 14:00:00+00:00,73.695,74.541,73.59,74.526,13137
2025-01-03 18:00:00+00:00,74.531,74.571,74.119,74.273,4882
2025-01-05 22:00:00+00:00,74.283,74.582,74.127,74.331,3264
2025-01-06 02:00:00+00:00,74.321,74.331,73.798,73.883,2909
2025-01-06 06:00:00+00:00,73.878,74.077,73.716,73.966,6421
2025-01-06 10:00:00+00:00,73.971,74.847,73.906,74.435,9696
2025-01-06 14:00:00+00:00,74.43,75.187,73.772,73.802,18676
2025-01-06 18:00:00+00:00,73.812,73.891,73.38,73.609,6261
2025-01-06 22:00:00+00:00,73.564,73.578,73.367,73.567,1755
2025-01-07 02:00:00+00:00,73.562,73.706,73.487,73.685,2803
2025-01-07 06:00:00+00:00,73.675,73.715,73.292,73.623,7546
2025-01-07 10:00:00+00:00,73.613,74.374,73.573,74.213,10105
2025-01-07 14:00:00+00:00,74.223,74.602,73.967,74.521,14345
2025-01-07 18:00:00+00:00,74.511,74.701,74.31,74.609,4484
2025-01-07 22:00:00+00:00,74.744,74.949,74.724,74.888,2298
2025-01-08 02:00:00+00:00,74.878,75.056,74.687,75.026,2397
2025-01-08 06:00:00+00:00,75.031,75.466,74.75,75.3,7905
2025-01-08 10:00:00+00:00,75.305,75.425,74.432,74.691,12662
2025-01-08 14:00:00+00:00,74.686,74.791,73.387,73.497,19844
2025-01-08 18:00:00+00:00,73.492,73.646,73.321,73.474,5744
2025-01-08 22:00:00+00:00,73.399,73.473,73.002,73.072,2562
2025-01-09 02:00:00+00:00,73.077,73.521,73.072,73.51,2806
2025-01-09 06:00:00+00:00,73.515,73.65,73.138,73.408,6793
2025-01-09 10:00:00+00:00,73.418,73.898,73.268,73.787,7234
2025-01-09 14:00:00+00:00,73.792,74.402,73.697,74.266,10679
2025-01-09 18:00:00+00:00,74.271,74.464,74.015,74.454,5255
2025-01-09 22:00:00+00:00,74.363,74.518,74.202,74.242,2012
2025-01-10 02:00:00+00:00,74.237,74.53,74.172,74.46,2387
2025-01-10 06:00:00+00:00,74.455,75.821,74.365,75.811,9697
2025-01-10 10:00:00+00:00,75.821,77.211,75.69,77.076,20999
2025-01-10 14:00:00+00:00,77.071,77.982,75.562,76.483,36400
2025-01-10 18:00:00+00:00,76.478,76.908,76.247,76.721,8609
2025-01-12 22:00:00+00:00,77.386,78.507,77.296,78.18,10878
2025-01-13 02:00:00+00:00,78.19,78.32,77.869,78.268,6008
2025-01-13 06:00:00+00:00,78.273,78.687,77.56,77.595,17160
2025-01-13 10:00:00+00:00,77.6,78.506,77.505,78.009,19978
2025-01-13 14:00:00+00:00,78.004,79.264,77.473,79.173,30641
2025-01-13 18:00:00+00:00,79.168,79.383,78.702,78.875,12188
2025-01-13 22:00:00+00:00,78.92,78.975,78.668,78.783,3590
2025-01-14 02:00:00+00:00,78.778,78.828,78.446,78.556,5060
2025-01-14 06:00:00+00:00,78.551,79.18,78.234,79.124,13885
2025-01-14 10:00:00+00:00,79.129,79.144,78.131,78.436,17257
2025-01-14 14:00:00+00:00,78.441,78.501,77.509,77.848,29317
2025-01-14 18:00:00+00:00,77.838,78.312,77.537,78.181,9499
2025-01-14 22:00:00+00:00,78.051,78.086,77.694,77.719,2504
2025-01-15 02:00:00+00:00,77.714,78.032,77.463,78.012,4917
2025-01-15 06:00:00+00:00,78.007,78.431,77.329,77.765,13934
2025-01-15 10:00:00+00:00,77.77,78.388,77.604,78.328,15142
2025-01-15 14:00:00+00:00,78.338,79.78,78.198,79.717,28791
2025-01-15 18:00:00+00:00,79.707,80.756,79.502,80.499,13184
2025-01-15 22:00:00+00:00,80.32,80.571,80.142,80.172,4906
2025-01-16 02:00:00+00:00,80.177,80.515,80.06,80.115,6187
2025-01-16 06:00:00+00:00,80.12,80.429,79.835,79.992,14361
2025-01-16 10:00:00+00:00,79.997,80.088,79.078,79.909,16553
2025-01-16 14:00:00+00:00,79.919,79.98,78.237,79.298,36957
2025-01-16 18:00:00+00:00,79.303,79.394,78.66,79.231,9601
2025-01-16 22:00:00+00:00,79.183,79.524,79.127,79.483,2559
2025-01-17 02:00:00+00:00,79.489,79.834,79.433,79.63,3692
2025-01-17 06:00:00+00:00,79.619,79.849,79.146,79.461,12197
2025-01-17 10:00:00+00:00,79.466,79.755,78.5,78.763,15329
2025-01-17 14:00:00+00:00,78.753,79.163,78.404,78.742,23558
2025-01-17 18:00:00+00:00,78.737,79.019,78.48,78.629,7718
2025-01-19 22:00:00+00:00,78.821,78.821,78.507,78.669,968
2025-01-20 02:00:00+00:00,78.664,78.718,78.434,78.48,3717
2025-01-20 06:00:00+00:00,78.475,78.568,77.946,78.088,8848
2025-01-20 10:00:00+00:00,78.094,78.779,77.037,77.108,14169
2025-01-20 14:00:00+00:00,77.118,77.844,76.963,77.67,24771
2025-01-20 18:00:00+00:00,77.665,77.7,77.425,77.485,1878
2025-01-20 22:00:00+00:00,77.404,78.146,77.218,77.835,7246
2025-01-21 02:00:00+00:00,77.83,78.322,77.734,77.9,5203
2025-01-21 06:00:00+00:00,77.895,77.936,77.032,77.037,9963
2025-01-21 10:00:00+00:00,77.026,77.108,76.158,76.199,14573
2025-01-21 14:00:00+00:00,76.204,77.421,76.148,76.832,22671
2025-01-21 18:00:00+00:00,76.837,77.178,76.546,77.008,8192
2025-01-21 22:00:00+00:00,76.961,76.996,76.749,76.855,2543
2025-01-22 02:00:00+00:00,76.85,76.958,76.697,76.763,2850
2025-01-22 06:00:00+00:00,76.752,77.376,76.349,77.294,10252
2025-01-22 10:00:00+00:00,77.299,77.536,76.589,77.065,10744
2025-01-22 14:00:00+00:00,77.075,77.232,76.382,76.927,25850
2025-01-22 18:00:00+00:00,76.937,76.937,76.404,76.459,6328
2025-01-22 22:00:00+00:00,76.402,76.422,76.229,76.261,1924
2025-01-23 02:00:00+00:00,76.256,76.325,76.2,76.234,1675
2025-01-23 06:00:00+00:00,76.229,76.752,76.045,76.34,8092
2025-01-23 10:00:00+00:00,76.335,76.91,76.212,76.613,9044
2025-01-23 14:00:00+00:00,76.607,77.026,75.402,76.084,28187
2025-01-23 18:00:00+00:00,76.09,76.14,75.142,75.288,8279
2025-01-23 22:00:00+00:00,75.286,75.388,75.005,75.368,2676
2025-01-24 02:00:00+00:00,75.373,75.61,75.358,75.57,3223
2025-01-24 06:00:00+00:00,75.565,75.975,75.409,75.822,8995
2025-01-24 10:00:00+00:00,75.812,76.147,75.71,75.786,9220
2025-01-24 14:00:00+00:00,75.796,76.2,75.052,75.334,19661
2025-01-24 18:00:00+00:00,75.324,75.809,75.252,75.556,6742
2025-01-26 22:00:00+00:00,75.472,75.472,74.554,74.684,4450
2025-01-27 02:00:00+00:00,74.679,75.137,74.602,74.87,2799
2025-01-27 06:00:00+00:00,74.865,75.785,74.819,75.613,8525
2025-01-27 10:00:00+00:00,75.623,76.027,74.871,75.263,10693
2025-01-27 14:00:00+00:00,75.253,75.433,73.225,73.431,20846
2025-01-27 18:00:00+00:00,73.436,74.117,73.436,73.931,6246
2025-01-27 22:00:00+00:00,74.005,74.204,73.918,74.072,1880
2025-01-28 02:00:00+00:00,74.061,74.39,73.918,74.329,4016
2025-01-28 06:00:00+00:00,74.324,74.7,74.202,74.252,6812
2025-01-28 10:00:00+00:00,74.237,75.025,74.12,74.681,9689
2025-01-28 14:00:00+00:00,74.691,75.135,73.747,73.917,18331
2025-01-28 18:00:00+00:00,73.922,74.845,73.815,74.77,8483
2025-01-28 22:00:00+00:00,74.738,74.788,74.552,74.552,1003
2025-01-29 02:00:00+00:00,74.557,74.617,74.364,74.399,1592
2025-01-29 06:00:00+00:00,74.404,74.876,73.752,73.873,7680
2025-01-29 10:00:00+00:00,73.863,74.434,73.72,74.17,8762
2025-01-29 14:00:00+00:00,74.18,74.511,73.301,73.336,19300
2025-01-29 18:00:00+00:00,73.346,73.81,73.103,73.785,7880
2025-01-29 22:00:00+00:00,73.753,73.839,73.506,73.637,959
2025-01-30 02:00:00+00:00,73.627,73.637,73.269,73.419,1511
2025-01-30 06:00:00+00:00,73.429,73.49,72.767,72.858,6285
2025-01-30 10:00:00+00:00,72.848,73.512,72.807,73.064,8834
2025-01-30 14:00:00+00:00,73.054,74.294,73.034,73.452,16587
2025-01-30 18:00:00+00:00,73.462,74.59,73.329,73.962,14113
2025-01-30 22:00:00+00:00,73.864,74.108,73.737,73.885,2309
2025-01-31 02:00:00+00:00,73.895,74.217,73.875,74.051,1822
2025-01-31 06:00:00+00:00,74.041,74.091,73.227,73.343,6953
2025-01-31 10:00:00+00:00,73.338,73.818,73.053,73.565,8778
2025-01-31 14:00:00+00:00,73.559,73.756,72.634,72.847,21940
2025-01-31 18:00:00+00:00,72.852,74.542,72.796,74.517,21156
2025-02-02 22:00:00+00:00,75.438,75.821,74.216,74.354,11111
2025-02-03 02:00:00+00:00,74.359,74.592,74.111,74.53,4458
2025-02-03 06:00:00+00:00,74.525,75.041,74.293,74.67,12314
2025-02-03 10:00:00+00:00,74.675,75.187,74.452,75.133,15256
2025-02-03 14:00:00+00:00,75.138,75.39,72.656,73.086,47302
2025-02-03 18:00:00+00:00,73.081,73.794,72.823,72.883,13257
2025-02-03 22:00:00+00:00,72.952,73.062,72.753,72.867,2304
2025-02-04 02:00:00+00:00,72.872,73.037,72.369,72.398,4246
2025-02-04 06:00:00+00:00,72.393,72.678,72.101,72.402,9384
2025-02-04 10:00:00+00:00,72.397,72.623,71.55,71.701,12444
2025-02-04 14:00:00+00:00,71.691,73.926,71.222,73.197,37967
2025-02-04 18:00:00+00:00,73.202,73.704,72.721,73.292,12187
2025-02-04 22:00:00+00:00,73.3,73.519,73.107,73.231,5136
2025-02-05 02:00:00+00:00,73.226,73.241,72.911,73.179,3126
2025-02-05 06:00:00+00:00,73.185,73.295,72.58,72.796,7725
2025-02-05 10:00:00+00:00,72.791,72.801,72.253,72.498,9845
2025-02-05 14:00:00+00:00,72.493,72.644,71.492,71.767,19069
2025-02-05 18:00:00+00:00,71.772,71.792,71.483,71.661,5065
2025-02-05 22:00:00+00:00,71.553,71.814,71.553,71.72,1866
2025-02-06 02:00:00+00:00,71.725,71.846,71.637,71.836,2268
2025-02-06 06:00:00+00:00,71.83,72.083,71.581,71.915,6373
2025-02-06 10:00:00+00:00,71.92,72.287,71.779,72.106,8642
2025-02-06 14:00:00+00:00,72.096,72.336,71.054,71.134,28498
2025-02-06 18:00:00+00:00,71.124,71.325,70.906,70.997,6738
2025-02-06 22:00:00+00:00,70.951,71.243,70.945,71.238,1477
2025-02-07 02:00:00+00:00,71.243,71.46,71.223,71.318,2407
2025-02-07 06:00:00+00:00,71.323,71.788,71.308,71.68,6777
2025-02-07 10:00:00+00:00,71.685,71.785,71.356,71.468,9319
2025-02-07 14:00:00+00:00,71.463,71.869,71.051,71.341,19534
2025-02-07 18:00:00+00:00,71.346,71.672,71.291,71.472,6671
2025-02-09 22:00:00+00:00,71.337,71.791,71.211,71.755,3268
2025-02-10 02:00:00+00:00,71.745,71.945,71.677,71.819,2725
2025-02-10 06:00:00+00:00,71.824,72.136,71.655,72.065,6308
2025-02-10 10:00:00+00:00,72.07,72.445,71.934,72.165,6801
2025-02-10 14:00:00+00:00,72.16,72.898,72.007,72.757,12975
2025-02-10 18:00:00+00:00,72.762,72.855,72.484,72.806,4179
2025-02-10 22:00:00+00:00,72.815,72.829,72.656,72.69,1462
2025-02-11 02:00:00+00:00,72.695,73.021,72.644,72.971,2641
2025-02-11 06:00:00+00:00,72.966,73.568,72.95,73.537,6358
2025-02-11 10:00:00+00:00,73.547,73.994,73.384,73.702,8528
2025-02-11 14:00:00+00:00,73.712,73.863,73.158,73.526,15596
2025-02-11 18:00:00+00:00,73.531,73.736,73.44,73.505,5341
2025-02-11 22:00:00+00:00,73.468,73.537,73.244,73.333,1541
2025-02-12 02:00:00+00:00,73.343,73.448,73.257,73.282,2488
2025-02-12 06:00:00+00:00,73.287,73.506,72.7,72.795,6800
2025-02-12 10:00:00+00:00,72.8,72.94,72.552,72.834,8870
2025-02-12 14:00:00+00:00,72.844,72.844,71.805,71.982,22397
2025-02-12 18:00:00+00:00,71.972,71.987,71.482,71.512,6477
2025-02-12 22:00:00+00:00,71.527,71.617,71.103,71.143,2441
2025-02-13 02:00:00+00:00,71.148,71.183,70.915,71.0,2649
2025-02-13 06:00:00+00:00,70.995,71.371,70.746,70.757,8816
2025-02-13 10:00:00+00:00,70.746,71.022,70.585,70.785,8601
2025-02-13 14:00:00+00:00,70.775,71.719,70.714,71.477,13531
2025-02-13 18:00:00+00:00,71.467,71.867,71.446,71.802,5032
2025-02-13 22:00:00+00:00,71.756,71.845,71.579,71.719,1719
2025-02-14 02:00:00+00:00,71.714,71.795,71.612,71.697,2370
2025-02-14 06:00:00+00:00,71.692,72.048,71.611,71.78,6112
2025-02-14 10:00:00+00:00,71.775,72.312,71.508,71.758,9894
2025-02-14 14:00:00+00:00,71.748,71.979,71.008,71.173,14494
2025-02-14 18:00:00+00:00,71.163,71.313,70.919,70.949,5342
2025-02-16 22:00:00+00:00,70.829,71.004,70.522,70.913,4003
2025-02-17 02:00:00+00:00,70.923,71.243,70.873,71.147,3305
2025-02-17 06:00:00+00:00,71.152,71.513,70.91,71.266,6895
2025-02-17 10:00:00+00:00,71.261,71.592,70.878,71.208,9514
2025-02-17 14:00:00+00:00,71.198,71.669,71.087,71.659,7409
2025-02-17 18:00:00+00:00,71.664,71.794,71.588,71.754,1248
2025-02-17 22:00:00+00:00,71.686,71.746,71.524,71.524,1505
2025-02-18 02:00:00+00:00,71.529,71.895,71.484,71.803,2335
2025-02-18 06:00:00+00:00,71.808,72.294,71.671,71.992,5841
2025-02-18 10:00:00+00:00,71.997,72.409,71.277,71.382,10511
2025-02-18 14:00:00+00:00,71.377,72.139,71.347,71.847,14583
2025-02-18 18:00:00+00:00,71.837,72.249,71.697,72.162,5699
2025-02-18 22:00:00+00:00,72.116,72.437,72.065,72.356,1603
2025-02-19 02:00:00+00:00,72.361,72.444,72.184,72.434,2049
2025-02-19 06:00:00+00:00,72.439,72.835,72.389,72.784,4341
2025-02-19 10:00:00+00:00,72.774,72.973,72.542,72.842,6258
2025-02-19 14:00:00+00:00,72.852,73.274,72.56,72.649,10922
2025-02-19 18:00:00+00:00,72.654,72.689,72.337,72.481,4523
2025-02-19 22:00:00+00:00,72.476,72.525,72.143,72.193,1339
2025-02-20 02:00:00+00:00,72.183,72.251,72.091,72.241,1335
2025-02-20 06:00:00+00:00,72.246,72.702,72.149,72.54,5208
2025-02-20 10:00:00+00:00,72.535,72.901,72.39,72.86,6054
2025-02-20 14:00:00+00:00,72.855,73.491,72.683,73.149,12206
2025-02-20 18:00:00+00:00,73.139,73.43,72.706,72.931,4906
2025-02-20 22:00:00+00:00,72.915,73.116,72.753,72.763,1433
2025-02-21 02:00:00+00:00,72.753,72.852,72.641,72.661,2075
2025-02-21 06:00:00+00:00,72.65,72.721,72.222,72.427,4623
2025-02-21 10:00:00+00:00,72.417,72.576,71.965,72.415,6092
2025-02-21 14:00:00+00:00,72.405,72.405,71.158,71.238,13674
2025-02-21 18:00:00+00:00,71.248,71.278,70.503,70.557,5266
2025-02-23 22:00:00+00:00,70.417,70.768,70.396,70.596,3629
2025-02-24 02:00:00+00:00,70.586,70.787,70.434,70.534,2215
2025-02-24 06:00:00+00:00,70.529,70.733,70.312,70.562,5476
2025-02-24 10:00:00+00:00,70.557,70.964,70.485,70.53,6404
2025-02-24 14:00:00+00:00,70.52,71.161,70.49,70.97,14613
2025-02-24 18:00:00+00:00,70.965,71.229,70.849,71.209,4838
2025-02-24 22:00:00+00:00,71.218,71.357,70.996,71.327,1973
2025-02-25 02:00:00+00:00,71.317,71.548,71.317,71.436,1658
2025-02-25 06:00:00+00:00,71.441,71.446,70.942,70.942,4315
2025-02-25 10:00:00+00:00,70.937,71.172,70.357,70.422,6378
2025-02-25 14:00:00+00:00,70.417,70.739,68.96,69.11,16321
2025-02-25 18:00:00+00:00,69.105,69.475,69.03,69.334,5598
2025-02-25 22:00:00+00:00,69.419,69.518,69.318,69.428,1810
2025-02-26 02:00:00+00:00,69.423,69.456,69.246,69.365,1448
2025-02-26 06:00:00+00:00,69.36,69.554,69.113,69.253,5602
2025-02-26 10:00:00+00:00,69.258,69.363,68.93,69.04,8168
2025-02-26 14:00:00+00:00,69.05,69.452,68.627,69.038,17999
2025-02-26 18:00:00+00:00,69.028,69.188,68.716,69.081,5836
2025-02-26 22:00:00+00:00,68.99,69.125,68.944,69.059,1470
2025-02-27 02:00:00+00:00,69.054,69.154,68.952,69.027,1239
2025-02-27 06:00:00+00:00,69.032,69.582,68.861,69.572,4412
2025-02-27 10:00:00+00:00,69.562,70.162,69.451,69.671,7579
2025-02-27 14:00:00+00:00,69.681,70.793,69.605,70.401,12169
2025-02-27 18:00:00+00:00,70.411,70.732,70.316,70.384,5313
2025-02-27 22:00:00+00:00,70.379,70.428,70.257,70.257,1750
2025-02-28 02:00:00+00:00,70.247,70.402,70.124,70.214,2448
2025-02-28 06:00:00+00:00,70.225,70.235,69.701,69.856,5399
2025-02-28 10:00:00+00:00,69.851,69.891,69.514,69.754,6893
2025-02-28 14:00:00+00:00,69.759,70.269,69.387,70.158,13408
2025-02-28 18:00:00+00:00,70.148,70.529,69.861,70.221,7492
2025-03-02 22:00:00+00:00,70.277,70.742,70.217,70.692,2468
2025-03-03 02:00:00+00:00,70.702,70.812,70.128,70.218,2431
2025-03-03 06:00:00+00:00,70.208,70.218,69.464,69.499,6399
2025-03-03 10:00:00+00:00,69.484,70.525,69.479,70.304,7337
2025-03-03 14:00:00+00:00,70.294,70.565,69.361,69.686,16681
2025-03-03 18:00:00+00:00,69.691,69.691,68.096,68.681,19625
2025-03-03 22:00:00+00:00,68.575,68.655,68.152,68.192,3291
2025-03-04 02:00:00+00:00,68.182,68.482,67.96,68.125,3966
2025-03-04 06:00:00+00:00,68.12,68.291,67.617,67.717,8268
2025-03-04 10:00:00+00:00,67.707,68.138,67.274,67.665,11178
2025-03-04 14:00:00+00:00,67.675,68.305,66.963,68.245,22632
2025-03-04 18:00:00+00:00,68.25,68.745,67.812,68.248,9239
2025-03-04 22:00:00+00:00,68.222,68.232,67.92,68.0,2922
2025-03-05 02:00:00+00:00,68.015,68.075,67.689,67.868,3926
2025-03-05 06:00:00+00:00,67.863,68.278,67.575,67.59,8864
2025-03-05 10:00:00+00:00,67.595,67.675,66.841,66.841,11676
2025-03-05 14:00:00+00:00,66.836,66.891,65.396,66.368,21915
2025-03-05 18:00:00+00:00,66.378,66.677,66.077,66.567,9078
2025-03-05 22:00:00+00:00,66.601,66.926,66.586,66.911,1857
2025-03-06 02:00:00+00:00,66.916,67.026,66.633,66.653,2948
2025-03-06 06:00:00+00:00,66.648,67.063,66.321,66.736,9137
2025-03-06 10:00:00+00:00,66.741,67.081,66.37,66.724,11633
2025-03-06 14:00:00+00:00,66.719,67.25,65.756,66.437,28726
2025-03-06 18:00:00+00:00,66.447,66.757,66.34,66.42,8924
2025-03-06 22:00:00+00:00,66.414,66.594,66.278,66.543,1955
2025-03-07 02:00:00+00:00,66.533,66.723,66.442,66.531,2458
2025-03-07 06:00:00+00:00,66.541,67.482,66.461,67.441,7350
2025-03-07 10:00:00+00:00,67.447,67.821,67.229,67.229,10732
2025-03-07 14:00:00+00:00,67.219,68.371,66.978,67.132,29235
2025-03-07 18:00:00+00:00,67.137,67.507,66.886,67.2,8142
2025-03-09 21:00:00+00:00,67.252,67.262,66.63,66.95,2520
2025-03-10 01:00:00+00:00,66.955,67.01,66.658,66.783,3570
2025-03-10 05:00:00+00:00,66.778,67.337,66.607,67.046,7293
2025-03-10 09:00:00+00:00,67.056,67.726,66.966,67.661,9371
2025-03-10 13:00:00+00:00,67.656,67.666,66.301,66.512,21596
2025-03-10 17:00:00+00:00,66.502,66.532,65.915,66.029,7191
2025-03-10 21:00:00+00:00,66.023,66.028,65.621,65.636,2084
2025-03-11 01:00:00+00:00,65.646,66.177,65.406,66.035,4489
2025-03-11 05:00:00+00:00,66.03,66.474,65.955,66.469,5725
2025-03-11 09:00:00+00:00,66.464,67.063,66.384,66.732,7988
2025-03-11 13:00:00+00:00,66.742,67.268,66.39,66.44,19442
2025-03-11 17:00:00+00:00,66.435,66.809,66.109,66.694,8888
2025-03-11 21:00:00+00:00,66.678,66.858,66.597,66.747,1218
2025-03-12 01:00:00+00:00,66.742,66.936,66.626,66.845,2869
2025-03-12 05:00:00+00:00,66.84,66.895,66.253,66.643,5720
2025-03-12 09:00:00+00:00,66.653,67.422,66.552,67.222,8742
2025-03-12 13:00:00+00:00,67.232,67.971,67.111,67.781,17735
2025-03-12 17:00:00+00:00,67.791,67.926,67.659,67.789,5079
2025-03-12 21:00:00+00:00,67.768,67.878,67.607,67.687,965
2025-03-13 01:00:00+00:00,67.682,67.866,67.576,67.695,2764
2025-03-13 05:00:00+00:00,67.7,68.028,67.494,67.723,6067
2025-03-13 09:00:00+00:00,67.733,67.823,67.201,67.29,8382
2025-03-13 13:00:00+00:00,67.28,67.429,66.453,66.763,20511
2025-03-13 17:00:00+00:00,66.773,66.907,66.471,66.887,8170
2025-03-13 21:00:00+00:00,66.786,67.007,66.776,66.946,1493
2025-03-14 01:00:00+00:00,66.941,67.237,66.815,67.12,2867
2025-03-14 05:00:00+00:00,67.115,67.561,67.044,67.541,5237
2025-03-14 09:00:00+00:00,67.536,67.541,67.067,67.268,7318
2025-03-14 13:00:00+00:00,67.258,67.268,66.704,67.176,14623
2025-03-14 17:00:00+00:00,67.186,67.407,67.12,67.265,4498
2025-03-16 21:00:00+00:00,67.667,68.058,67.597,68.043,2718
2025-03-17 01:00:00+00:00,68.038,68.465,67.609,67.765,3884
2025-03-17 05:00:00+00:00,67.76,67.895,67.633,67.818,4579
2025-03-17 09:00:00+00:00,67.823,68.265,67.743,68.153,5681
2025-03-17 13:00:00+00:00,68.159,68.184,67.358,67.609,12168
2025-03-17 17:00:00+00:00,67.619,68.011,67.589,67.617,4326
2025-03-17 21:00:00+00:00,67.607,67.656,67.436,67.606,917
2025-03-18 01:00:00+00:00,67.596,67.987,67.555,67.886,2404
2025-03-18 05:00:00+00:00,67.875,68.583,67.85,68.482,3510
2025-03-18 09:00:00+00:00,68.487,68.848,68.425,68.526,6566
2025-03-18 13:00:00+00:00,68.536,68.536,66.936,66.976,12714
2025-03-18 17:00:00+00:00,66.986,67.689,66.794,66.884,9092
2025-03-18 21:00:00+00:00,66.954,67.063,66.923,67.023,1106
2025-03-19 01:00:00+00:00,67.013,67.023,66.772,66.851,2617
2025-03-19 05:00:00+00:00,66.861,66.95,66.452,66.472,4762
2025-03-19 09:00:00+00:00,66.477,67.129,66.427,67.099,5447
2025-03-19 13:00:00+00:00,67.109,67.76,66.857,67.665,12268
2025-03-19 17:00:00+00:00,67.66,67.73,67.046,67.382,6082
2025-03-19 21:00:00+00:00,67.361,67.466,67.335,67.415,705
2025-03-20 01:00:00+00:00,67.42,67.665,67.41,67.635,2507
2025-03-20 05:00:00+00:00,67.63,67.854,67.443,67.713,3287
2025-03-20 09:00:00+00:00,67.724,67.774,67.11,67.28,6620
2025-03-20 13:00:00+00:00,67.29,68.545,66.948,68.363,13414
2025-03-20 17:00:00+00:00,68.353,68.734,68.273,68.698,4589
2025-03-20 21:00:00+00:00,68.663,68.974,68.663,68.842,1415
2025-03-21 01:00:00+00:00,68.832,68.938,68.6,68.62,2421
2025-03-21 05:00:00+00:00,68.63,68.75,68.402,68.417,4387
2025-03-21 09:00:00+00:00,68.422,68.537,68.009,68.245,5334
2025-03-21 13:00:00+00:00,68.24,68.715,67.973,68.675,9538
2025-03-21 17:00:00+00:00,68.665,68.725,68.473,68.618,3252
2025-03-23 21:00:00+00:00,68.633,68.763,68.461,68.471,1150
2025-03-24 01:00:00+00:00,68.476,68.692,68.254,68.309,2195
2025-03-24 05:00:00+00:00,68.304,68.85,68.298,68.518,3523
2025-03-24 09:00:00+00:00,68.528,69.21,68.407,68.692,5660
2025-03-24 13:00:00+00:00,68.697,69.63,68.546,69.408,12139
2025-03-24 17:00:00+00:00,69.403,69.558,69.087,69.452,4720
2025-03-24 21:00:00+00:00,69.466,69.562,69.355,69.435,680
2025-03-25 01:00:00+00:00,69.43,69.495,69.314,69.363,1743
2025-03-25 05:00:00+00:00,69.368,69.763,69.172,69.673,3895
2025-03-25 09:00:00+00:00,69.683,69.942,69.653,69.922,4296
2025-03-25 13:00:00+00:00,69.932,69.972,68.796,69.087,11206
2025-03-25 17:00:00+00:00,69.082,69.537,68.956,69.477,4108
2025-03-25 21:00:00+00:00,69.436,69.722,69.406,69.586,721
2025-03-26 01:00:00+00:00,69.581,69.666,69.403,69.413,2026
2025-03-26 05:00:00+00:00,69.423,69.663,69.342,69.592,3866
2025-03-26 09:00:00+00:00,69.602,70.023,69.482,69.882,4773
2025-03-26 13:00:00+00:00,69.887,70.493,69.801,70.091,9658
2025-03-26 17:00:00+00:00,70.081,70.27,69.729,70.21,4160
2025-03-26 21:00:00+00:00,70.119,70.139,69.897,70.077,1136
2025-03-27 01:00:00+00:00,70.087,70.132,69.967,70.036,1909
2025-03-27 05:00:00+00:00,70.026,70.036,69.492,69.602,3989
2025-03-27 09:00:00+00:00,69.612,69.972,69.582,69.972,5286
2025-03-27 13:00:00+00:00,69.977,70.237,69.394,69.95,11192
2025-03-27 17:00:00+00:00,69.96,70.221,69.87,70.169,3430
2025-03-27 21:00:00+00:00,70.119,70.258,70.068,70.178,850
2025-03-28 01:00:00+00:00,70.188,70.308,69.985,70.071,2638
2025-03-28 05:00:00+00:00,70.066,70.174,69.803,70.164,3987
2025-03-28 09:00:00+00:00,70.154,70.345,69.953,70.253,5646
2025-03-28 13:00:00+00:00,70.258,70.273,69.127,69.529,13908
2025-03-28 17:00:00+00:00,69.534,69.689,69.246,69.276,4316
2025-03-30 21:00:00+00:00,69.772,69.948,69.074,69.164,3381
2025-03-31 01:00:00+00:00,69.174,69.505,69.149,69.242,3979
2025-03-31 05:00:00+00:00,69.232,70.375,69.232,70.114,7762
2025-03-31 09:00:00+00:00,70.104,70.144,69.611,70.032,6775
2025-03-31 13:00:00+00:00,70.022,72.067,69.781,71.956,15217
2025-03-31 17:00:00+00:00,71.946,71.946,71.543,71.608,5629
2025-03-31 21:00:00+00:00,71.618,71.702,71.528,71.622,1124
2025-04-01 01:00:00+00:00,71.612,71.942,71.581,71.891,3024
2025-04-01 05:00:00+00:00,71.881,71.97,71.338,71.498,6186
2025-04-01 09:00:00+00:00,71.508,72.219,71.468,71.727,7114
2025-04-01 13:00:00+00:00,71.732,72.318,71.374,71.454,14589
2025-04-01 17:00:00+00:00,71.444,71.574,71.243,71.357,5549
2025-04-01 21:00:00+00:00,71.342,71.492,71.341,71.381,1342
2025-04-02 01:00:00+00:00,71.371,71.56,71.31,71.449,2625
2025-04-02 05:00:00+00:00,71.459,71.489,70.886,71.362,5555
2025-04-02 09:00:00+00:00,71.367,71.477,70.824,71.024,6661
2025-04-02 13:00:00+00:00,71.019,72.116,70.994,71.925,15525
2025-04-02 17:00:00+00:00,71.93,72.485,70.86,70.926,12122
2025-04-02 21:00:00+00:00,70.419,70.599,69.47,69.976,9499
2025-04-03 01:00:00+00:00,69.966,70.346,69.67,70.23,9917
2025-04-03 05:00:00+00:00,70.225,70.235,69.181,69.231,12178
2025-04-03 09:00:00+00:00,69.241,69.351,66.662,67.148,19745
2025-04-03 13:00:00+00:00,67.143,67.349,66.17,66.981,25935
2025-04-03 17:00:00+00:00,66.986,67.352,66.66,66.809,7817
2025-04-03 21:00:00+00:00,66.789,67.079,66.758,66.843,2022
2025-04-04 01:00:00+00:00,66.838,66.898,66.244,66.294,4498
2025-04-04 05:00:00+00:00,66.284,66.615,64.508,64.528,11580
2025-04-04 09:00:00+00:00,64.523,65.084,60.968,62.01,61696
2025-04-04 13:00:00+00:00,62.01,63.363,60.615,62.079,55836
2025-04-04 17:00:00+00:00,62.089,63.08,61.727,62.483,17842
2025-04-06 21:00:00+00:00,60.455,60.725,59.592,60.223,10054
2025-04-07 01:00:00+00:00,60.228,61.119,60.123,60.472,19801
2025-04-07 05:00:00+00:00,60.482,61.044,59.083,59.584,34934
2025-04-07 09:00:00+00:00,59.579,61.377,59.288,61.076,44880
2025-04-07 13:00:00+00:00,61.081,64.047,60.043,60.889,106021
2025-04-07 17:00:00+00:00,60.899,61.831,60.708,61.083,39420
2025-04-07 21:00:00+00:00,61.133,61.808,61.133,61.382,4805
2025-04-08 01:00:00+00:00,61.377,61.877,61.197,61.827,12292
2025-04-08 05:00:00+00:00,61.832,61.847,60.302,61.053,22336
2025-04-08 09:00:00+00:00,61.043,61.453,60.733,61.252,20061
2025-04-08 13:00:00+00:00,61.242,61.813,59.858,60.028,54989
2025-04-08 17:00:00+00:00,60.038,60.504,58.063,58.343,39403
2025-04-08 21:00:00+00:00,58.428,58.503,56.819,56.914,8587
2025-04-09 01:00:00+00:00,56.929,57.9,56.854,57.153,20068
2025-04-09 05:00:00+00:00,57.158,58.38,56.868,57.818,30407
2025-04-09 09:00:00+00:00,57.828,58.159,55.232,56.249,51000
2025-04-09 13:00:00+00:00,56.234,58.167,56.173,57.385,66668
2025-04-09 17:00:00+00:00,57.39,63.045,56.553,62.829,67166
2025-04-09 21:00:00+00:00,63.159,63.449,62.276,62.406,5534
2025-04-10 01:00:00+00:00,62.416,62.511,61.589,61.849,15777
2025-04-10 05:00:00+00:00,61.854,62.394,60.364,60.415,25849
2025-04-10 09:00:00+00:00,60.405,61.145,60.193,60.348,23837
2025-04-10 13:00:00+00:00,60.353,60.603,58.86,59.655,62570
2025-04-10 17:00:00+00:00,59.65,60.626,59.32,60.37,32415
2025-04-10 21:00:00+00:00,60.3,60.37,59.723,59.908,5933
2025-04-11 01:00:00+00:00,59.903,60.088,59.542,59.997,12116
2025-04-11 05:00:00+00:00,60.007,61.218,59.936,60.281,25904
2025-04-11 09:00:00+00:00,60.271,60.866,59.685,60.119,24947
2025-04-11 13:00:00+00:00,60.114,61.164,59.623,61.154,47801
2025-04-11 17:00:00+00:00,61.159,61.96,61.104,61.593,17286
2025-04-13 21:00:00+00:00,62.161,62.236,61.169,61.544,5322
2025-04-14 01:00:00+00:00,61.524,61.584,61.223,61.407,6393
2025-04-14 05:00:00+00:00,61.412,62.082,61.331,62.052,11332
2025-04-14 09:00:00+00:00,62.042,62.742,61.881,62.416,10307
2025-04-14 13:00:00+00:00,62.411,62.411,60.676,60.963,28007
2025-04-14 17:00:00+00:00,60.958,61.769,60.837,61.647,9902
2025-04-14 21:00:00+00:00,61.626,61.942,61.58,61.805,1094
2025-04-15 01:00:00+00:00,61.795,61.851,61.602,61.828,2791
2025-04-15 05:00:00+00:00,61.833,62.124,61.357,61.558,7968
2025-04-15 09:00:00+00:00,61.553,61.684,60.971,61.107,9980
2025-04-15 13:00:00+00:00,61.102,61.873,60.923,61.205,22991
2025-04-15 17:00:00+00:00,61.215,61.556,61.149,61.525,5548
2025-04-15 21:00:00+00:00,61.474,61.474,61.261,61.331,1437
2025-04-16 01:00:00+00:00,61.326,61.497,61.052,61.182,3211
2025-04-16 05:00:00+00:00,61.172,62.128,60.395,61.775,15411
2025-04-16 09:00:00+00:00,61.78,62.241,61.673,62.135,9148
2025-04-16 13:00:00+00:00,62.14,62.684,61.843,62.46,20301
2025-04-16 17:00:00+00:00,62.47,62.842,62.066,62.488,10333
2025-04-16 21:00:00+00:00,62.513,62.941,62.508,62.687,2263
2025-04-17 01:00:00+00:00,62.692,63.229,62.571,63.179,3844
2025-04-17 05:00:00+00:00,63.184,63.36,62.713,63.005,5834
2025-04-17 09:00:00+00:00,62.984,63.577,62.717,63.315,8920
2025-04-17 13:00:00+00:00,63.304,64.684,62.971,64.643,22232
2025-04-17 17:00:00+00:00,64.648,64.718,64.096,64.267,8681
2025-04-20 21:00:00+00:00,64.047,64.092,63.461,63.586,2620
2025-04-21 01:00:00+00:00,63.591,63.611,63.173,63.347,5526
2025-04-21 05:00:00+00:00,63.352,63.663,62.951,63.032,5741
2025-04-21 09:00:00+00:00,63.037,63.072,62.537,62.898,6239
2025-04-21 13:00:00+00:00,62.888,63.018,62.218,62.644,18971
2025-04-21 17:00:00+00:00,62.639,63.337,62.583,63.155,6612
2025-04-21 21:00:00+00:00,63.225,63.606,63.21,63.464,1808
2025-04-22 01:00:00+00:00,63.454,63.706,63.201,63.301,4351
2025-04-22 05:00:00+00:00,63.296,64.019,63.209,63.731,7654
2025-04-22 09:00:00+00:00,63.736,64.012,63.598,63.779,7513
2025-04-22 13:00:00+00:00,63.789,64.814,63.375,64.723,17775
2025-04-22 17:00:00+00:00,64.713,64.738,63.87,63.98,10875
2025-04-22 21:00:00+00:00,64.256,64.93,64.231,64.788,3729
2025-04-23 01:00:00+00:00,64.798,64.798,64.373,64.694,3815
2025-04-23 05:00:00+00:00,64.699,65.316,64.674,65.185,6447
2025-04-23 09:00:00+00:00,65.195,65.266,63.078,63.672,14187
2025-04-23 13:00:00+00:00,63.667,64.387,61.944,62.471,50536
2025-04-23 17:00:00+00:00,62.476,62.851,62.078,62.7,10304
2025-04-23 21:00:00+00:00,62.72,62.854,62.537,62.763,1939
2025-04-24 01:00:00+00:00,62.758,62.959,62.616,62.785,3861
2025-04-24 05:00:00+00:00,62.775,63.423,62.594,62.974,7741
2025-04-24 09:00:00+00:00,62.984,63.727,62.702,63.354,9639
2025-04-24 13:00:00+00:00,63.359,63.706,62.396,63.291,22946
2025-04-24 17:00:00+00:00,63.296,63.361,62.977,63.193,5702
2025-04-24 21:00:00+00:00,63.242,63.528,63.212,63.447,1161
2025-04-25 01:00:00+00:00,63.457,63.756,63.205,63.716,3771
2025-04-25 05:00:00+00:00,63.721,63.736,62.999,63.16,7960
2025-04-25 09:00:00+00:00,63.149,63.295,62.202,62.352,14181
2025-04-25 13:00:00+00:00,62.362,63.517,62.266,63.406,16509
2025-04-25 17:00:00+00:00,63.416,63.806,63.144,63.589,8109
2025-04-27 21:00:00+00:00,63.884,64.064,63.44,63.519,3657
2025-04-28 01:00:00+00:00,63.529,63.741,63.247,63.673,5122
2025-04-28 05:00:00+00:00,63.678,63.888,63.243,63.283,7547
2025-04-28 09:00:00+00:00,63.288,63.451,62.92,63.3,8889
2025-04-28 13:00:00+00:00,63.295,63.561,61.89,61.95,23060
2025-04-28 17:00:00+00:00,61.955,62.447,61.829,62.244,6276
2025-04-28 21:00:00+00:00,62.359,62.409,62.126,62.211,1753
2025-04-29 01:00:00+00:00,62.206,62.412,61.822,61.862,5604
2025-04-29 05:00:00+00:00,61.857,61.95,61.236,61.256,9632
2025-04-29 09:00:00+00:00,61.266,61.768,61.042,61.178,12673
2025-04-29 13:00:00+00:00,61.173,61.484,60.607,60.648,21256
2025-04-29 17:00:00+00:00,60.653,61.004,60.454,60.474,7135
2025-04-29 21:00:00+00:00,60.489,60.653,60.489,60.572,1424
2025-04-30 01:00:00+00:00,60.562,60.738,59.876,59.967,5289
2025-04-30 05:00:00+00:00,59.977,60.107,59.502,59.698,9235
2025-04-30 09:00:00+00:00,59.693,60.439,59.693,59.891,11444
2025-04-30 13:00:00+00:00,59.886,60.452,58.21,58.311,36284
2025-04-30 17:00:00+00:00,58.301,59.395,58.29,58.504,14136
2025-04-30 21:00:00+00:00,58.604,58.755,58.497,58.542,2364
2025-05-01 01:00:00+00:00,58.547,58.611,58.304,58.419,3195
2025-05-01 05:00:00+00:00,58.424,58.554,57.276,57.477,7930
2025-05-01 09:00:00+00:00,57.487,58.112,56.672,57.967,13994
2025-05-01 13:00:00+00:00,57.957,59.332,57.786,58.522,29527
2025-05-01 17:00:00+00:00,58.517,59.782,58.497,59.273,13676
2025-05-01 21:00:00+00:00,59.242,59.778,59.021,59.763,2117
2025-05-02 01:00:00+00:00,59.758,60.149,59.728,59.966,4235
2025-05-02 05:00:00+00:00,59.961,59.996,59.1,59.12,8335
2025-05-02 09:00:00+00:00,59.115,59.509,58.766,59.479,12039
2025-05-02 13:00:00+00:00,59.469,59.605,58.002,58.241,28309
2025-05-02 17:00:00+00:00,58.251,58.892,58.01,58.666,8165
2025-05-04 21:00:00+00:00,56.03,56.782,55.814,56.289,10643
2025-05-05 01:00:00+00:00,56.284,56.6,56.116,56.191,5520
2025-05-05 05:00:00+00:00,56.196,57.449,56.186,57.258,10394
2025-05-05 09:00:00+00:00,57.253,57.919,57.128,57.497,9937
2025-05-05 13:00:00+00:00,57.502,57.868,56.682,57.274,19379
2025-05-05 17:00:00+00:00,57.284,57.504,57.183,57.422,6596
2025-05-05 21:00:00+00:00,57.391,57.56,57.239,57.545,1518
2025-05-06 01:00:00+00:00,57.54,58.352,57.54,58.285,10975
2025-05-06 05:00:00+00:00,58.29,58.83,58.129,58.8,8778
2025-05-06 09:00:00+00:00,58.81,59.06,58.457,58.887,10188
2025-05-06 13:00:00+00:00,58.897,60.039,58.777,59.316,19356
2025-05-06 17:00:00+00:00,59.311,59.667,59.063,59.229,7116
2025-05-06 21:00:00+00:00,59.389,59.944,59.389,59.919,4102
2025-05-07 01:00:00+00:00,59.924,59.953,59.642,59.936,5892
2025-05-07 05:00:00+00:00,59.931,60.456,59.82,59.974,7047
2025-05-07 09:00:00+00:00,59.979,60.014,59.264,59.394,9290
2025-05-07 13:00:00+00:00,59.384,59.394,58.429,58.624,18184
2025-05-07 17:00:00+00:00,58.619,58.689,58.007,58.155,8976
2025-05-07 21:00:00+00:00,58.054,58.374,57.929,58.358,1674
2025-05-08 01:00:00+00:00,58.364,58.853,58.323,58.697,4687
2025-05-08 05:00:00+00:00,58.702,58.961,58.33,58.94,8856
2025-05-08 09:00:00+00:00,58.95,59.435,58.8,59.068,8165
2025-05-08 13:00:00+00:00,59.073,60.19,58.978,60.139,19660
2025-05-08 17:00:00+00:00,60.129,60.468,59.988,60.443,5036
2025-05-08 21:00:00+00:00,60.407,60.452,60.13,60.149,1705
2025-05-09 01:00:00+00:00,60.144,60.433,60.073,60.422,5300
2025-05-09 05:00:00+00:00,60.417,60.992,60.366,60.982,5906
2025-05-09 09:00:00+00:00,60.987,61.627,60.891,61.049,8003
2025-05-09 13:00:00+00:00,61.039,61.097,60.396,61.037,14779
2025-05-09 17:00:00+00:00,61.027,61.276,60.971,61.225,5032
2025-05-11 21:00:00+00:00,61.534,61.644,61.181,61.251,3226
2025-05-12 01:00:00+00:00,61.261,61.62,61.151,61.61,4513
2025-05-12 05:00:00+00:00,61.615,63.537,61.544,62.82,17994
2025-05-12 09:00:00+00:00,62.815,63.735,62.809,63.478,9907
2025-05-12 13:00:00+00:00,63.488,63.518,62.213,62.433,15845
2025-05-12 17:00:00+00:00,62.423,62.433,61.78,62.105,5278
2025-05-12 21:00:00+00:00,62.059,62.179,61.797,61.827,1238
2025-05-13 01:00:00+00:00,61.832,62.067,61.771,61.955,3442
2025-05-13 05:00:00+00:00,61.96,62.513,61.829,62.423,7807
2025-05-13 09:00:00+00:00,62.418,62.981,62.242,62.971,7466
2025-05-13 13:00:00+00:00,62.961,64.011,62.62,63.961,14937
2025-05-13 17:00:00+00:00,63.951,63.99,63.658,63.742,4884
2025-05-13 21:00:00+00:00,63.747,63.786,63.534,63.544,1055
2025-05-14 01:00:00+00:00,63.554,63.605,63.303,63.402,3406
2025-05-14 05:00:00+00:00,63.392,63.75,63.309,63.504,6537
2025-05-14 09:00:00+00:00,63.499,63.619,62.857,63.116,6822
2025-05-14 13:00:00+00:00,63.126,63.676,63.044,63.504,14554
2025-05-14 17:00:00+00:00,63.494,63.594,62.871,62.97,5154
2025-05-14 21:00:00+00:00,62.95,63.004,61.952,62.217,4295
2025-05-15 01:00:00+00:00,62.222,62.407,61.454,61.788,7502
2025-05-15 05:00:00+00:00,61.783,61.863,60.624,60.719,16024
2025-05-15 09:00:00+00:00,60.729,61.508,60.549,61.478,10822
2025-05-15 13:00:00+00:00,61.473,62.103,61.196,61.71,24345
2025-05-15 17:00:00+00:00,61.715,61.918,61.581,61.781,4988
2025-05-15 21:00:00+00:00,61.77,61.91,61.652,61.652,1390
2025-05-16 01:00:00+00:00,61.657,62.401,61.602,62.023,5177
2025-05-16 05:00:00+00:00,62.018,62.033,61.316,61.42,9170
2025-05-16 09:00:00+00:00,61.415,62.104,61.349,62.053,8505
2025-05-16 13:00:00+00:00,62.058,62.717,61.709,62.504,10525
2025-05-16 17:00:00+00:00,62.499,62.655,62.266,62.467,3745
2025-05-18 21:00:00+00:00,62.294,62.631,61.729,62.469,3625
2025-05-19 01:00:00+00:00,62.474,62.529,62.108,62.133,4561
2025-05-19 05:00:00+00:00,62.138,62.217,61.835,62.035,7052
2025-05-19 09:00:00+00:00,62.04,62.39,61.485,62.36,6672
2025-05-19 13:00:00+00:00,62.37,63.205,61.987,62.761,15088
2025-05-19 17:00:00+00:00,62.751,62.771,62.075,62.652,7190
2025-05-19 21:00:00+00:00,62.576,62.827,62.571,62.67,1046
2025-05-20 01:00:00+00:00,62.665,62.755,62.42,62.425,3425
2025-05-20 05:00:00+00:00,62.43,63.114,62.076,62.544,9591
2025-05-20 09:00:00+00:00,62.549,62.694,62.235,62.491,7580
2025-05-20 13:00:00+00:00,62.496,62.826,61.965,62.775,11278
2025-05-20 17:00:00+00:00,62.78,62.906,62.402,62.727,4333
2025-05-20 21:00:00+00:00,62.727,64.666,62.717,63.405,8580
2025-05-21 01:00:00+00:00,63.4,63.766,63.224,63.584,5279
2025-05-21 05:00:00+00:00,63.589,63.664,63.109,63.304,8489
2025-05-21 09:00:00+00:00,63.299,63.611,62.914,63.296,7997
2025-05-21 13:00:00+00:00,63.307,63.337,61.743,62.407,16912
2025-05-21 17:00:00+00:00,62.397,62.568,61.75,61.8,8632
2025-05-21 21:00:00+00:00,61.774,61.849,61.637,61.707,1715
2025-05-22 01:00:00+00:00,61.702,62.128,61.601,62.108,3884
2025-05-22 05:00:00+00:00,62.118,62.198,60.817,61.269,12186
2025-05-22 09:00:00+00:00,61.274,61.39,60.683,60.944,10078
2025-05-22 13:00:00+00:00,60.954,61.697,60.823,61.647,13510
2025-05-22 17:00:00+00:00,61.657,61.726,61.156,61.241,4024
2025-05-22 21:00:00+00:00,61.215,61.341,61.159,61.319,1245
2025-05-23 01:00:00+00:00,61.314,61.39,61.087,61.196,2840
2025-05-23 05:00:00+00:00,61.201,61.377,60.993,61.178,7107
2025-05-23 09:00:00+00:00,61.173,61.827,60.456,60.859,17386
2025-05-23 13:00:00+00:00,60.848,62.308,60.687,61.818,21149
2025-05-23 17:00:00+00:00,61.813,62.188,61.772,62.178,5782
2025-05-25 21:00:00+00:00,62.116,62.543,61.975,62.15,3058
2025-05-26 01:00:00+00:00,62.134,62.24,61.897,62.157,4112
2025-05-26 05:00:00+00:00,62.152,62.406,61.944,62.215,5602
2025-05-26 09:00:00+00:00,62.22,62.315,61.68,61.86,4387
2025-05-26 13:00:00+00:00,61.87,62.03,61.627,61.873,4705
2025-05-26 17:00:00+00:00,61.868,61.958,61.837,61.932,479
2025-05-26 21:00:00+00:00,61.94,62.094,61.737,62.079,1022
2025-05-27 01:00:00+00:00,62.074,62.124,61.59,61.619,3045
2025-05-27 05:00:00+00:00,61.614,62.08,61.457,61.968,7775
2025-05-27 09:00:00+00:00,61.973,62.27,61.372,61.669,9163
2025-05-27 13:00:00+00:00,61.664,61.764,60.626,61.098,14012
2025-05-27 17:00:00+00:00,61.093,61.518,60.886,61.437,3603
2025-05-27 21:00:00+00:00,61.472,61.787,61.427,61.717,1082
2025-05-28 01:00:00+00:00,61.706,61.782,61.453,61.543,3024
2025-05-28 05:00:00+00:00,61.548,61.742,61.2,61.38,5739
2025-05-28 09:00:00+00:00,61.359,62.141,61.319,62.141,5362
2025-05-28 13:00:00+00:00,62.131,62.889,61.949,62.571,13475
2025-05-28 17:00:00+00:00,62.581,62.622,61.845,62.227,4981
2025-05-28 21:00:00+00:00,62.231,62.913,62.176,62.908,3447
2025-05-29 01:00:00+00:00,62.903,63.127,62.782,63.117,5401
2025-05-29 05:00:00+00:00,63.112,63.427,62.823,62.913,6204
2025-05-29 09:00:00+00:00,62.923,63.144,61.875,61.975,8218
2025-05-29 13:00:00+00:00,61.97,62.106,60.878,61.294,14626
2025-05-29 17:00:00+00:00,61.289,61.4,61.137,61.251,3891
2025-05-29 21:00:00+00:00,61.19,61.3,61.033,61.108,1371
2025-05-30 01:00:00+00:00,61.113,61.113,60.837,61.03,4273
2025-05-30 05:00:00+00:00,61.02,61.631,60.908,61.611,6916
2025-05-30 09:00:00+00:00,61.601,62.041,60.301,60.568,14602
2025-05-30 13:00:00+00:00,60.573,61.286,60.128,60.59,19644
2025-05-30 17:00:00+00:00,60.58,61.283,60.55,61.07,9331
2025-06-01 21:00:00+00:00,61.868,62.597,61.818,62.505,5805
2025-06-02 01:00:00+00:00,62.5,62.996,62.434,62.733,4840
2025-06-02 05:00:00+00:00,62.738,63.233,62.561,63.152,10199
2025-06-02 09:00:00+00:00,63.157,64.064,62.921,63.853,9849
2025-06-02 13:00:00+00:00,63.863,64.164,62.736,63.408,16692
2025-06-02 17:00:00+00:00,63.418,63.466,62.473,63.295,7716
2025-06-02 21:00:00+00:00,63.259,63.51,63.192,63.202,1694
2025-06-03 01:00:00+00:00,63.212,63.524,63.039,63.069,5833
2025-06-03 05:00:00+00:00,63.064,63.469,62.928,62.981,6661
2025-06-03 09:00:00+00:00,62.986,63.737,62.674,63.436,7304
2025-06-03 13:00:00+00:00,63.43,64.157,63.124,63.885,13333
2025-06-03 17:00:00+00:00,63.88,64.035,63.498,63.606,5198
2025-06-03 21:00:00+00:00,63.646,63.7,63.438,63.508,1415
2025-06-04 01:00:00+00:00,63.498,63.638,63.375,63.395,2358
2025-06-04 05:00:00+00:00,63.385,63.819,63.334,63.513,4228
2025-06-04 09:00:00+00:00,63.508,63.984,63.129,63.294,6459
2025-06-04 13:00:00+00:00,63.299,64.212,62.434,62.895,28933
2025-06-04 17:00:00+00:00,62.885,63.326,62.825,62.983,4936
2025-06-04 21:00:00+00:00,62.947,63.012,62.78,62.885,905
2025-06-05 01:00:00+00:00,62.88,63.05,62.753,62.857,1866
2025-06-05 05:00:00+00:00,62.852,63.398,62.797,63.317,4296
2025-06-05 09:00:00+00:00,63.306,63.916,63.075,63.901,7117
2025-06-05 13:00:00+00:00,63.896,64.217,63.472,63.512,14346
2025-06-05 17:00:00+00:00,63.507,63.681,63.442,63.489,4052
2025-06-05 21:00:00+00:00,63.423,63.542,63.358,63.527,887
2025-06-06 01:00:00+00:00,63.517,63.537,63.335,63.409,1954
2025-06-06 05:00:00+00:00,63.404,63.543,63.046,63.351,4828
2025-06-06 09:00:00+00:00,63.341,63.9,63.17,63.87,5601
2025-06-06 13:00:00+00:00,63.875,65.022,63.73,64.806,15307
2025-06-06 17:00:00+00:00,64.801,65.024,64.569,65.009,3659
2025-06-08 21:00:00+00:00,65.011,65.047,64.704,64.724,1723
2025-06-09 01:00:00+00:00,64.719,64.803,64.652,64.711,2537
2025-06-09 05:00:00+00:00,64.721,64.899,64.378,64.824,5031
2025-06-09 09:00:00+00:00,64.819,65.288,64.738,65.102,4775
2025-06-09 13:00:00+00:00,65.107,65.446,64.525,65.114,10364
2025-06-09 17:00:00+00:00,65.104,65.604,64.974,65.563,4166
2025-06-09 21:00:00+00:00,65.552,65.63,65.476,65.58,974
2025-06-10 01:00:00+00:00,65.585,65.83,65.518,65.577,2669
2025-06-10 05:00:00+00:00,65.582,65.692,65.32,65.645,6501
2025-06-10 09:00:00+00:00,65.64,65.953,65.494,65.592,5471
2025-06-10 13:00:00+00:00,65.602,66.442,65.512,65.534,10989
2025-06-10 17:00:00+00:00,65.529,65.599,64.736,64.88,6355
2025-06-10 21:00:00+00:00,64.939,64.974,64.762,64.882,1250
2025-06-11 01:00:00+00:00,64.892,65.12,64.857,65.095,3080
2025-06-11 05:00:00+00:00,65.09,65.449,64.989,65.283,5388
2025-06-11 09:00:00+00:00,65.278,66.628,64.827,66.498,13643
2025-06-11 13:00:00+00:00,66.493,66.927,66.146,66.806,14018
2025-06-11 17:00:00+00:00,66.801,68.519,66.706,68.422,17328
2025-06-11 21:00:00+00:00,68.942,69.162,68.294,68.344,7103
2025-06-12 01:00:00+00:00,68.349,68.439,67.771,68.07,9164
2025-06-12 05:00:00+00:00,68.06,68.115,67.417,67.707,11099
2025-06-12 09:00:00+00:00,67.702,67.747,66.853,67.313,11874
2025-06-12 13:00:00+00:00,67.318,68.613,67.022,68.301,27353
2025-06-12 17:00:00+00:00,68.306,69.0,67.991,68.954,8128
2025-06-12 21:00:00+00:00,68.86,74.121,68.628,73.18,27988
2025-06-13 01:00:00+00:00,73.186,76.292,72.562,73.276,67840
2025-06-13 05:00:00+00:00,73.276,73.92,70.946,72.83,42324
2025-06-13 09:00:00+00:00,72.819,74.218,72.261,73.6,34680
2025-06-13 13:00:00+00:00,73.579,73.753,71.562,72.136,44738
2025-06-13 17:00:00+00:00,72.141,73.809,72.106,73.07,32544
2025-06-15 21:00:00+00:00,73.08,75.896,73.08,73.619,17765
2025-06-16 01:00:00+00:00,73.614,73.898,72.834,73.526,16391
2025-06-16 05:00:00+00:00,73.531,73.65,72.234,72.259,18440
2025-06-16 09:00:00+00:00,72.264,72.66,71.14,71.43,18549
2025-06-16 13:00:00+00:00,71.42,72.276,69.238,71.648,55964
2025-06-16 17:00:00+00:00,71.653,71.84,71.099,71.458,14291
2025-06-16 21:00:00+00:00,71.002,73.575,70.976,72.16,15653
2025-06-17 01:00:00+00:00,72.166,73.255,71.604,72.286,19587
2025-06-17 05:00:00+00:00,72.301,72.96,71.085,72.657,19381
2025-06-17 09:00:00+00:00,72.667,73.35,72.32,72.869,17326
2025-06-17 13:00:00+00:00,72.864,74.219,72.36,73.755,43420
2025-06-17 17:00:00+00:00,73.75,75.354,73.627,75.247,22654
2025-06-17 21:00:00+00:00,75.001,75.489,74.675,74.955,5691
2025-06-18 01:00:00+00:00,74.949,75.139,74.479,74.739,10321
2025-06-18 05:00:00+00:00,74.749,74.772,73.733,73.799,19580
2025-06-18 09:00:00+00:00,73.804,75.184,73.537,74.918,22834
2025-06-18 13:00:00+00:00,74.929,75.707,72.714,74.244,59312
2025-06-18 17:00:00+00:00,74.239,75.396,73.567,74.517,23429
2025-06-18 21:00:00+00:00,74.424,74.947,74.235,74.296,3281
2025-06-19 01:00:00+00:00,74.301,75.198,74.021,74.901,9413
2025-06-19 05:00:00+00:00,74.89,75.906,74.85,75.22,16587
2025-06-19 09:00:00+00:00,75.215,75.999,74.852,75.753,14632
2025-06-19 13:00:00+00:00,75.748,77.154,75.63,77.024,34272
2025-06-19 17:00:00+00:00,77.019,77.024,74.206,75.264,8701
2025-06-19 21:00:00+00:00,74.636,75.672,73.934,75.406,7825
2025-06-20 01:00:00+00:00,75.411,75.573,74.783,75.287,9241
2025-06-20 05:00:00+00:00,75.281,75.652,74.368,75.274,17034
2025-06-20 09:00:00+00:00,75.269,75.635,73.651,74.672,23806
2025-06-20 13:00:00+00:00,74.682,75.117,74.131,74.863,30783
2025-06-20 17:00:00+00:00,74.868,75.514,74.471,75.34,16097
2025-06-22 21:00:00+00:00,77.954,78.436,76.493,77.166,21685
2025-06-23 01:00:00+00:00,77.155,77.318,76.132,76.147,13022
2025-06-23 05:00:00+00:00,76.126,76.404,74.382,75.006,19578
2025-06-23 09:00:00+00:00,75.001,76.186,74.553,74.999,17320
2025-06-23 13:00:00+00:00,75.014,75.721,72.726,73.508,52353
2025-06-23 17:00:00+00:00,73.518,73.544,67.703,68.364,61089
2025-06-23 21:00:00+00:00,68.855,68.86,65.433,67.062,19513
2025-06-24 01:00:00+00:00,67.057,68.273,67.001,67.696,19149
2025-06-24 05:00:00+00:00,67.701,68.031,65.711,67.308,32457
2025-06-24 09:00:00+00:00,67.303,67.895,66.459,66.875,22505
2025-06-24 13:00:00+00:00,66.865,67.475,65.015,65.244,38573
2025-06-24 17:00:00+00:00,65.239,66.193,65.213,66.045,11941
2025-06-24 21:00:00+00:00,66.282,66.44,66.025,66.075,2106
2025-06-25 01:00:00+00:00,66.085,66.396,66.085,66.18,5109
2025-06-25 05:00:00+00:00,66.19,66.674,66.088,66.336,10180
2025-06-25 09:00:00+00:00,66.331,66.367,65.529,66.041,10756
2025-06-25 13:00:00+00:00,66.036,67.036,65.7,66.649,22090
2025-06-25 17:00:00+00:00,66.654,66.831,65.865,65.927,8390
2025-06-25 21:00:00+00:00,66.042,66.279,65.877,66.083,1827
2025-06-26 01:00:00+00:00,66.078,66.36,66.043,66.169,3757
2025-06-26 05:00:00+00:00,66.174,66.546,65.762,65.817,7408
2025-06-26 09:00:00+00:00,65.802,66.411,65.619,65.989,9110
2025-06-26 13:00:00+00:00,65.999,67.406,65.928,67.033,17948
2025-06-26 17:00:00+00:00,67.028,67.048,65.94,66.174,10019
2025-06-26 21:00:00+00:00,66.396,66.503,66.268,66.391,1276
2025-06-27 01:00:00+00:00,66.397,66.673,66.397,66.563,3082
2025-06-27 05:00:00+00:00,66.558,66.882,66.469,66.79,7019
2025-06-27 09:00:00+00:00,66.795,66.851,66.249,66.545,7668
2025-06-27 13:00:00+00:00,66.54,67.034,65.715,66.052,20784
2025-06-27 17:00:00+00:00,66.047,66.537,65.935,66.001,8067
2025-06-29 21:00:00+00:00,65.834,66.037,65.349,65.505,2515
2025-06-30 01:00:00+00:00,65.495,66.121,65.465,66.046,3971
2025-06-30 05:00:00+00:00,66.041,66.648,65.83,66.329,6602
2025-06-30 09:00:00+00:00,66.324,66.495,65.968,66.216,8182
2025-06-30 13:00:00+00:00,66.206,66.271,65.443,65.916,14797
2025-06-30 17:00:00+00:00,65.906,65.977,65.631,65.779,4374
2025-06-30 21:00:00+00:00,65.772,65.827,65.642,65.722,915
2025-07-01 01:00:00+00:00,65.732,65.752,65.457,65.574,2292
2025-07-01 05:00:00+00:00,65.564,66.106,65.489,65.882,7086
2025-07-01 09:00:00+00:00,65.877,66.776,65.688,66.69,8532
2025-07-01 13:00:00+00:00,66.685,66.736,65.933,66.456,15224
2025-07-01 17:00:00+00:00,66.461,66.532,66.1,66.314,4580
2025-07-01 21:00:00+00:00,66.322,66.344,66.13,66.13,1048
2025-07-02 01:00:00+00:00,66.135,66.311,66.099,66.266,2025
2025-07-02 05:00:00+00:00,66.256,66.553,65.979,66.477,6261
2025-07-02 09:00:00+00:00,66.482,67.191,66.422,66.881,6867
2025-07-02 13:00:00+00:00,66.876,67.663,66.049,67.623,15807
2025-07-02 17:00:00+00:00,67.628,68.344,67.572,68.284,7765
2025-07-02 21:00:00+00:00,68.156,68.216,67.914,67.919,1261
2025-07-03 01:00:00+00:00,67.924,67.944,67.522,67.735,2911
2025-07-03 05:00:00+00:00,67.73,67.834,67.388,67.699,7015
2025-07-03 09:00:00+00:00,67.704,68.301,67.414,68.147,8725
2025-07-03 13:00:00+00:00,68.142,68.216,67.245,67.545,15908
2025-07-03 17:00:00+00:00,67.534,67.965,67.534,67.877,5104
2025-07-03 21:00:00+00:00,67.744,67.89,67.7,67.815,804
2025-07-04 01:00:00+00:00,67.805,67.871,67.423,67.657,2174
2025-07-04 05:00:00+00:00,67.652,67.784,67.176,67.237,5958
2025-07-04 09:00:00+00:00,67.242,67.312,66.721,67.079,7215
2025-07-04 13:00:00+00:00,67.069,67.297,66.856,67.138,8925
2025-07-06 21:00:00+00:00,66.364,66.766,66.123,66.481,4129
2025-07-07 01:00:00+00:00,66.461,66.888,66.158,66.818,3806
2025-07-07 05:00:00+00:00,66.812,67.618,66.762,67.543,8585
2025-07-07 09:00:00+00:00,67.548,67.905,67.345,67.743,7539
2025-07-07 13:00:00+00:00,67.733,68.6,67.602,68.302,16840
2025-07-07 17:00:00+00:00,68.307,68.894,67.765,68.487,9336
2025-07-07 21:00:00+00:00,68.485,68.51,68.128,68.188,1492
2025-07-08 01:00:00+00:00,68.178,68.265,67.956,68.136,2760
2025-07-08 05:00:00+00:00,68.141,68.409,67.883,67.953,7010
2025-07-08 09:00:00+00:00,67.964,68.532,67.881,68.446,7021
2025-07-08 13:00:00+00:00,68.451,69.281,68.061,69.261,13745
2025-07-08 17:00:00+00:00,69.256,69.452,68.65,68.731,5546
2025-07-08 21:00:00+00:00,68.643,68.715,68.311,68.689,1228
2025-07-09 01:00:00+00:00,68.694,68.8,68.552,68.658,2933
2025-07-09 05:00:00+00:00,68.652,69.458,68.576,69.417,5827
2025-07-09 09:00:00+00:00,69.422,69.427,68.655,68.881,7193
2025-07-09 13:00:00+00:00,68.886,69.329,68.211,69.243,15117
2025-07-09 17:00:00+00:00,69.248,69.373,68.704,68.798,4179
2025-07-09 21:00:00+00:00,68.751,68.775,68.536,68.595,772
2025-07-10 01:00:00+00:00,68.605,68.972,68.605,68.946,2105
2025-07-10 05:00:00+00:00,68.951,69.05,68.387,68.522,6081
2025-07-10 09:00:00+00:00,68.527,69.117,67.903,68.284,11143
2025-07-10 13:00:00+00:00,68.294,68.365,67.051,67.221,17821
2025-07-10 17:00:00+00:00,67.211,67.388,66.906,67.33,5110
2025-07-10 21:00:00+00:00,67.399,67.404,67.107,67.128,1870
2025-07-11 01:00:00+00:00,67.107,67.569,67.082,67.141,3486
2025-07-11 05:00:00+00:00,67.136,67.642,66.934,67.004,7185
2025-07-11 09:00:00+00:00,67.009,67.966,66.963,67.662,8185
2025-07-11 13:00:00+00:00,67.672,69.006,67.592,68.733,13579
2025-07-11 17:00:00+00:00,68.738,69.19,68.672,69.139,4756
2025-07-13 21:00:00+00:00,69.186,69.241,68.795,68.97,2279
2025-07-14 01:00:00+00:00,68.965,69.015,68.742,68.968,2758
2025-07-14 05:00:00+00:00,68.948,69.727,68.744,69.379,7548
2025-07-14 09:00:00+00:00,69.374,69.975,69.162,69.478,8199
2025-07-14 13:00:00+00:00,69.473,69.503,67.534,67.648,22562
2025-07-14 17:00:00+00:00,67.653,67.734,67.1,67.145,5633
2025-07-14 21:00:00+00:00,67.173,67.291,66.994,67.043,989
2025-07-15 01:00:00+00:00,67.048,67.159,66.801,66.891,2903
2025-07-15 05:00:00+00:00,66.886,67.161,66.566,66.875,7173
2025-07-15 09:00:00+00:00,66.88,67.411,66.733,67.09,9404
2025-07-15 13:00:00+00:00,67.1,67.377,66.496,66.527,19126
2025-07-15 17:00:00+00:00,66.522,66.914,66.517,66.822,4824
2025-07-15 21:00:00+00:00,66.876,66.995,66.871,66.969,770
2025-07-16 01:00:00+00:00,66.964,67.074,66.795,66.845,1661
2025-07-16 05:00:00+00:00,66.856,67.052,66.463,66.513,4435
2025-07-16 09:00:00+00:00,66.523,66.574,65.856,66.069,7619
2025-07-16 13:00:00+00:00,66.074,66.491,65.628,66.42,18177
2025-07-16 17:00:00+00:00,66.425,66.815,66.296,66.623,6683
2025-07-16 21:00:00+00:00,66.631,66.953,66.565,66.866,849
2025-07-17 01:00:00+00:00,66.856,66.942,66.655,66.702,1946
2025-07-17 05:00:00+00:00,66.707,66.737,66.259,66.462,5145
2025-07-17 09:00:00+00:00,66.467,66.992,66.243,66.624,7737
2025-07-17 13:00:00+00:00,66.634,67.402,66.343,67.356,14145
2025-07-17 17:00:00+00:00,67.362,67.593,67.167,67.539,4262
2025-07-17 21:00:00+00:00,67.516,67.604,67.412,67.579,837
2025-07-18 01:00:00+00:00,67.584,67.843,67.335,67.761,2753
2025-07-18 05:00:00+00:00,67.751,68.217,67.572,67.969,8513
2025-07-18 09:00:00+00:00,67.979,68.768,67.853,68.309,10668
2025-07-18 13:00:00+00:00,68.298,68.49,67.185,67.259,21983
2025-07-18 17:00:00+00:00,67.264,67.436,67.12,67.232,4539
2025-07-20 21:00:00+00:00,67.178,67.406,67.16,67.286,1677
2025-07-21 01:00:00+00:00,67.281,67.413,67.166,67.244,2646
2025-07-21 05:00:00+00:00,67.249,67.548,66.77,66.826,6883
2025-07-21 09:00:00+00:00,66.831,67.265,66.688,66.886,6861
2025-07-21 13:00:00+00:00,66.891,67.069,66.3,66.657,11649
2025-07-21 17:00:00+00:00,66.646,67.123,66.626,66.854,3599
2025-07-21 21:00:00+00:00,66.862,66.938,66.757,66.777,677
2025-07-22 01:00:00+00:00,66.787,66.787,66.253,66.349,2542
2025-07-22 05:00:00+00:00,66.354,66.788,66.084,66.323,6314
2025-07-22 09:00:00+00:00,66.317,66.851,66.246,66.393,8222
2025-07-22 13:00:00+00:00,66.388,66.554,65.86,66.173,13746
2025-07-22 17:00:00+00:00,66.168,66.688,66.019,66.498,5086
2025-07-22 21:00:00+00:00,66.527,66.732,66.496,66.69,1204
2025-07-23 01:00:00+00:00,66.679,66.811,66.433,66.541,3627
2025-07-23 05:00:00+00:00,66.547,66.673,66.068,66.129,5764
2025-07-23 09:00:00+00:00,66.139,66.352,65.741,66.032,6248
2025-07-23 13:00:00+00:00,66.042,66.321,65.735,66.127,13287
2025-07-23 17:00:00+00:00,66.122,66.52,66.066,66.421,3885
2025-07-23 21:00:00+00:00,66.43,66.573,66.389,66.461,814
2025-07-24 01:00:00+00:00,66.471,66.608,66.367,66.602,2414
2025-07-24 05:00:00+00:00,66.597,67.239,66.372,66.844,7578
2025-07-24 09:00:00+00:00,66.85,67.31,66.586,67.052,7202
2025-07-24 13:00:00+00:00,67.057,67.373,66.355,66.366,16245
2025-07-24 17:00:00+00:00,66.36,67.265,66.304,67.136,5420
2025-07-24 21:00:00+00:00,67.104,67.218,67.078,67.084,675
2025-07-25 01:00:00+00:00,67.094,67.463,67.018,67.119,3594
2025-07-25 05:00:00+00:00,67.124,67.68,67.108,67.239,6112
2025-07-25 09:00:00+00:00,67.244,67.512,67.02,67.482,6447
2025-07-25 13:00:00+00:00,67.477,67.522,66.138,66.274,12851
2025-07-25 17:00:00+00:00,66.279,66.461,65.929,65.989,4062
2025-07-27 21:00:00+00:00,66.032,66.266,65.946,66.256,1526
2025-07-28 01:00:00+00:00,66.246,66.417,66.125,66.356,2441
2025-07-28 05:00:00+00:00,66.361,66.653,66.114,66.609,5746
2025-07-28 09:00:00+00:00,66.598,67.362,66.425,67.291,7403
2025-07-28 13:00:00+00:00,67.281,67.909,67.075,67.386,14785
2025-07-28 17:00:00+00:00,67.396,67.989,67.203,67.811,4215
2025-07-28 21:00:00+00:00,67.87,67.925,67.658,67.713,735
2025-07-29 01:00:00+00:00,67.718,67.718,67.399,67.449,1756
2025-07-29 05:00:00+00:00,67.439,68.091,67.348,68.066,5246
2025-07-29 09:00:00+00:00,68.071,68.096,67.429,68.014,5555
2025-07-29 13:00:00+00:00,68.009,68.718,67.892,68.534,10670
2025-07-29 17:00:00+00:00,68.529,70.596,68.442,70.101,15326
2025-07-29 21:00:00+00:00,70.11,70.129,69.949,70.07,1565
2025-07-30 01:00:00+00:00,70.06,70.156,69.833,70.084,4246
2025-07-30 05:00:00+00:00,70.074,70.605,69.643,69.784,7137
2025-07-30 09:00:00+00:00,69.774,70.466,69.255,70.38,9317
2025-07-30 13:00:00+00:00,70.385,71.159,70.089,71.056,14673
2025-07-30 17:00:00+00:00,71.066,71.328,70.669,71.115,7616
2025-07-30 21:00:00+00:00,71.033,71.217,70.983,71.003,1147
2025-07-31 01:00:00+00:00,71.013,71.023,70.613,70.632,2641
2025-07-31 05:00:00+00:00,70.637,71.042,70.545,70.707,6586
2025-07-31 09:00:00+00:00,70.702,70.727,70.129,70.367,7014
2025-07-31 13:00:00+00:00,70.372,70.658,69.321,70.067,13886
2025-07-31 17:00:00+00:00,70.057,70.234,69.641,70.132,6072
2025-07-31 21:00:00+00:00,70.044,70.211,69.955,69.964,1200
2025-08-01 01:00:00+00:00,69.969,70.291,69.87,70.18,3006
2025-08-01 05:00:00+00:00,70.19,70.265,69.456,69.607,8386
2025-08-01 09:00:00+00:00,69.617,70.228,69.199,69.995,12266
2025-08-01 13:00:00+00:00,70.0,70.308,67.767,68.236,26842
2025-08-01 17:00:00+00:00,68.231,68.433,67.804,67.962,7352
2025-08-03 21:00:00+00:00,67.362,67.751,67.256,67.741,2782
2025-08-04 01:00:00+00:00,67.746,67.906,67.463,67.785,3747
2025-08-04 05:00:00+00:00,67.79,68.356,66.931,67.052,7081
2025-08-04 09:00:00+00:00,67.042,67.269,66.088,66.118,10303
2025-08-04 13:00:00+00:00,66.123,67.628,66.047,66.859,17319
2025-08-04 17:00:00+00:00,66.869,67.018,66.516,66.817,3870
2025-08-04 21:00:00+00:00,66.831,66.934,66.776,66.791,826
2025-08-05 01:00:00+00:00,66.786,66.957,66.591,66.76,2517
2025-08-05 05:00:00+00:00,66.75,66.95,66.333,66.441,6744
2025-08-05 09:00:00+00:00,66.446,66.532,65.65,65.85,10639
2025-08-05 13:00:00+00:00,65.861,66.329,65.563,65.85,16201
2025-08-05 17:00:00+00:00,65.845,66.146,65.598,65.708,5863
2025-08-05 21:00:00+00:00,65.681,65.894,65.651,65.873,790
2025-08-06 01:00:00+00:00,65.863,66.151,65.863,66.109,1481
2025-08-06 05:00:00+00:00,66.104,66.708,65.956,66.587,4966
2025-08-06 09:00:00+00:00,66.597,66.856,66.33,66.681,7472
2025-08-06 13:00:00+00:00,66.676,67.244,65.13,65.809,26117
2025-08-06 17:00:00+00:00,65.819,65.849,64.128,64.785,12370
2025-08-06 21:00:00+00:00,64.879,65.182,64.752,65.182,1249
2025-08-07 01:00:00+00:00,65.172,65.561,65.152,65.307,2292
2025-08-07 05:00:00+00:00,65.297,65.445,64.598,65.035,8963
2025-08-07 09:00:00+00:00,65.04,65.581,64.999,65.165,9075
2025-08-07 13:00:00+00:00,65.175,65.195,64.325,64.675,13103
2025-08-07 17:00:00+00:00,64.68,64.746,64.158,64.267,4263
2025-08-07 21:00:00+00:00,64.26,64.345,64.232,64.311,1018
2025-08-08 01:00:00+00:00,64.306,64.41,64.152,64.175,2132
2025-08-08 05:00:00+00:00,64.185,64.572,63.628,64.551,7237
2025-08-08 09:00:00+00:00,64.541,64.911,64.319,64.576,7627
2025-08-08 13:00:00+00:00,64.566,65.007,63.21,64.57,24335
2025-08-08 17:00:00+00:00,64.56,64.902,63.719,63.789,7951
2025-08-10 21:00:00+00:00,63.688,64.04,63.362,63.438,2133
2025-08-11 01:00:00+00:00,63.448,63.922,63.448,63.749,3116
2025-08-11 05:00:00+00:00,63.744,64.018,63.423,63.818,7801
2025-08-11 09:00:00+00:00,63.813,64.633,63.773,64.551,6475
2025-08-11 13:00:00+00:00,64.541,64.771,63.985,64.415,13965
2025-08-11 17:00:00+00:00,64.405,64.535,64.182,64.318,4642
2025-08-11 21:00:00+00:00,64.352,64.535,64.307,64.373,933
2025-08-12 01:00:00+00:00,64.378,64.618,64.201,64.588,2127
2025-08-12 05:00:00+00:00,64.593,64.598,64.055,64.12,5997
2025-08-12 09:00:00+00:00,64.13,64.641,63.597,63.718,7878
2025-08-12 13:00:00+00:00,63.723,64.091,63.346,63.461,12098
2025-08-12 17:00:00+00:00,63.456,63.707,63.339,63.36,5237
2025-08-12 21:00:00+00:00,63.278,63.446,63.273,63.419,907
2025-08-13 01:00:00+00:00,63.414,63.529,63.205,63.479,2247
2025-08-13 05:00:00+00:00,63.489,63.597,62.8,63.101,5951
2025-08-13 09:00:00+00:00,63.091,63.628,62.858,63.427,6138
2025-08-13 13:00:00+00:00,63.437,63.457,62.188,62.464,14067
2025-08-13 17:00:00+00:00,62.469,63.029,62.433,62.947,5363
2025-08-13 21:00:00+00:00,62.961,63.086,62.92,63.075,743
2025-08-14 01:00:00+00:00,63.07,63.175,62.943,63.077,2091
2025-08-14 05:00:00+00:00,63.071,63.258,62.906,62.997,5979
2025-08-14 09:00:00+00:00,62.991,63.414,62.746,63.256,7190
2025-08-14 13:00:00+00:00,63.251,63.989,63.211,63.806,12347
2025-08-14 17:00:00+00:00,63.8,64.082,63.572,63.954,5128
2025-08-14 21:00:00+00:00,63.907,64.184,63.848,63.879,827
2025-08-15 01:00:00+00:00,63.884,63.989,63.713,63.763,2012
2025-08-15 05:00:00+00:00,63.753,63.915,63.232,63.242,5165
2025-08-15 09:00:00+00:00,63.237,63.701,63.232,63.385,5844
2025-08-15 13:00:00+00:00,63.38,63.572,62.914,63.27,12612
2025-08-15 17:00:00+00:00,63.275,63.366,62.736,63.175,5115
2025-08-17 21:00:00+00:00,62.59,62.816,62.474,62.795,1976
2025-08-18 01:00:00+00:00,62.79,62.944,62.512,62.862,4149
2025-08-18 05:00:00+00:00,62.873,63.256,62.657,62.909,6183
2025-08-18 09:00:00+00:00,62.914,63.374,62.848,62.936,6197
2025-08-18 13:00:00+00:00,62.931,63.227,62.256,63.185,12446
2025-08-18 17:00:00+00:00,63.195,63.828,63.145,63.404,6720
2025-08-18 21:00:00+00:00,63.363,63.479,63.054,63.36,1041
2025-08-19 01:00:00+00:00,63.35,63.355,63.012,63.032,2195
2025-08-19 05:00:00+00:00,63.022,63.263,62.755,62.765,6297
2025-08-19 09:00:00+00:00,62.755,63.035,62.621,62.73,6504
2025-08-19 13:00:00+00:00,62.725,63.044,62.487,62.575,8472
2025-08-19 17:00:00+00:00,62.57,62.824,62.423,62.768,3381
2025-08-19 21:00:00+00:00,62.732,62.923,62.712,62.891,587
2025-08-20 01:00:00+00:00,62.886,62.972,62.595,62.766,2445
2025-08-20 05:00:00+00:00,62.771,63.501,62.75,63.42,5425
2025-08-20 09:00:00+00:00,63.41,63.463,62.908,63.315,5029
2025-08-20 13:00:00+00:00,63.305,63.777,62.878,63.574,11756
2025-08-20 17:00:00+00:00,63.569,63.733,63.31,63.621,3643
2025-08-20 21:00:00+00:00,63.66,63.711,63.588,63.602,532
2025-08-21 01:00:00+00:00,63.597,63.95,63.546,63.805,2241
2025-08-21 05:00:00+00:00,63.8,64.162,63.744,64.095,4051
2025-08-21 09:00:00+00:00,64.1,64.235,63.596,63.641,5048
2025-08-21 13:00:00+00:00,63.636,64.295,63.271,64.219,11388
2025-08-21 17:00:00+00:00,64.224,64.43,64.107,64.235,3723
2025-08-21 21:00:00+00:00,64.214,64.292,64.203,64.251,471
2025-08-22 01:00:00+00:00,64.256,64.278,64.067,64.247,1922
2025-08-22 05:00:00+00:00,64.242,64.568,64.092,64.183,4680
2025-08-22 09:00:00+00:00,64.178,64.605,64.04,64.411,4372
2025-08-22 13:00:00+00:00,64.401,64.663,64.115,64.327,10800
2025-08-22 17:00:00+00:00,64.332,64.582,64.276,64.469,4297
2025-08-24 21:00:00+00:00,64.487,64.497,64.405,64.469,544
2025-08-25 01:00:00+00:00,64.474,64.553,64.21,64.409,2132
2025-08-25 05:00:00+00:00,64.419,64.699,64.275,64.648,3524
2025-08-25 09:00:00+00:00,64.653,64.878,64.476,64.725,3103
2025-08-25 13:00:00+00:00,64.714,65.771,64.634,65.721,6423
2025-08-25 17:00:00+00:00,65.726,65.741,65.314,65.414,2927
2025-08-25 21:00:00+00:00,65.377,65.428,65.036,65.086,933
2025-08-26 01:00:00+00:00,65.097,65.216,65.066,65.113,1734
2025-08-26 05:00:00+00:00,65.103,65.177,64.644,64.685,4301
2025-08-26 09:00:00+00:00,64.674,64.73,64.223,64.357,4438
2025-08-26 13:00:00+00:00,64.362,64.891,63.91,63.97,9210
2025-08-26 17:00:00+00:00,63.98,64.06,63.776,63.925,3124
2025-08-26 21:00:00+00:00,63.96,64.085,63.945,63.962,481
2025-08-27 01:00:00+00:00,63.972,63.995,63.769,63.877,2151
2025-08-27 05:00:00+00:00,63.887,63.936,63.581,63.631,5094
2025-08-27 09:00:00+00:00,63.621,64.273,63.58,64.248,4852
2025-08-27 13:00:00+00:00,64.253,64.645,63.97,64.522,9885
2025-08-27 17:00:00+00:00,64.512,64.843,64.407,64.447,3166
2025-08-27 21:00:00+00:00,64.431,64.444,64.313,64.398,723
2025-08-28 01:00:00+00:00,64.403,64.423,64.157,64.167,1710
2025-08-28 05:00:00+00:00,64.157,64.598,64.086,64.269,4731
2025-08-28 09:00:00+00:00,64.264,64.776,64.263,64.704,4523
2025-08-28 13:00:00+00:00,64.709,64.714,63.954,64.16,8766
2025-08-28 17:00:00+00:00,64.155,65.294,64.119,64.908,6008
2025-08-28 21:00:00+00:00,64.872,64.886,64.708,64.803,712
2025-08-29 01:00:00+00:00,64.793,64.84,64.62,64.789,1454
2025-08-29 05:00:00+00:00,64.779,64.997,64.615,64.745,4674
2025-08-29 09:00:00+00:00,64.75,65.134,64.583,65.074,5027
2025-08-29 13:00:00+00:00,65.069,65.104,64.455,64.575,8905
2025-08-29 17:00:00+00:00,64.565,64.726,64.494,64.591,3341
2025-08-31 21:00:00+00:00,64.498,64.523,64.369,64.424,646
2025-09-01 01:00:00+00:00,64.419,64.424,64.176,64.244,1809
2025-09-01 05:00:00+00:00,64.249,65.006,64.203,65.006,3371
2025-09-01 09:00:00+00:00,65.001,65.366,65.001,65.325,3597
2025-09-01 13:00:00+00:00,65.319,65.383,65.104,65.184,4684
2025-09-01 17:00:00+00:00,65.179,65.22,65.117,65.117,583
2025-09-01 21:00:00+00:00,65.033,65.343,65.033,65.328,814
2025-09-02 01:00:00+00:00,65.323,65.584,65.323,65.374,2146
2025-09-02 05:00:00+00:00,65.379,66.312,65.349,66.277,5139
2025-09-02 09:00:00+00:00,66.272,66.523,64.998,65.029,7186
2025-09-02 13:00:00+00:00,65.023,66.254,64.978,66.173,12741
2025-09-02 17:00:00+00:00,66.163,66.243,65.98,66.109,4098
2025-09-02 21:00:00+00:00,66.052,66.145,65.956,66.12,594
2025-09-03 01:00:00+00:00,66.125,66.205,65.82,65.899,1839
2025-09-03 05:00:00+00:00,65.889,66.006,65.644,65.875,4341
2025-09-03 09:00:00+00:00,65.87,65.875,64.493,64.894,11228
2025-09-03 13:00:00+00:00,64.904,65.274,64.257,64.447,15916
2025-09-03 17:00:00+00:00,64.437,64.537,64.174,64.211,4338
2025-09-03 21:00:00+00:00,64.261,64.281,64.097,64.177,737
2025-09-04 01:00:00+00:00,64.167,64.167,63.892,63.972,2112
2025-09-04 05:00:00+00:00,63.977,64.16,63.476,63.777,7459
2025-09-04 09:00:00+00:00,63.767,63.905,63.327,63.662,6162
2025-09-04 13:00:00+00:00,63.657,64.123,63.179,64.021,12437
2025-09-04 17:00:00+00:00,64.031,64.111,63.676,63.745,3919
2025-09-04 21:00:00+00:00,63.729,63.789,63.641,63.711,618
2025-09-05 01:00:00+00:00,63.716,63.808,63.539,63.737,1686
2025-09-05 05:00:00+00:00,63.747,63.832,63.443,63.783,4761
2025-09-05 09:00:00+00:00,63.794,63.904,62.179,62.587,10109
2025-09-05 13:00:00+00:00,62.582,62.823,61.844,62.236,13349
2025-09-05 17:00:00+00:00,62.226,62.476,61.994,62.358,3767
2025-09-07 21:00:00+00:00,62.693,62.693,62.195,62.545,2786
2025-09-08 01:00:00+00:00,62.54,63.037,62.454,62.923,3272
2025-09-08 05:00:00+00:00,62.933,63.414,62.913,63.241,5195
2025-09-08 09:00:00+00:00,63.251,63.67,63.236,63.327,5627
2025-09-08 13:00:00+00:00,63.332,63.388,62.281,62.56,10109
2025-09-08 17:00:00+00:00,62.549,62.787,62.493,62.767,2952
2025-09-08 21:00:00+00:00,62.751,62.814,62.713,62.753,562
2025-09-09 01:00:00+00:00,62.758,63.041,62.692,63.041,1468
2025-09-09 05:00:00+00:00,63.046,63.479,62.909,63.308,4776
2025-09-09 09:00:00+00:00,63.298,63.344,62.894,63.158,5491
2025-09-09 13:00:00+00:00,63.153,63.955,62.999,63.089,15344
2025-09-09 17:00:00+00:00,63.099,63.24,62.842,63.07,3557
2025-09-09 21:00:00+00:00,63.029,63.45,63.024,63.383,1422
2025-09-10 01:00:00+00:00,63.373,63.58,63.312,63.58,1730
2025-09-10 05:00:00+00:00,63.57,63.724,63.346,63.561,5013
2025-09-10 09:00:00+00:00,63.556,63.774,63.223,63.532,4930
2025-09-10 13:00:00+00:00,63.537,64.363,63.249,64.271,12417
2025-09-10 17:00:00+00:00,64.266,64.271,63.908,64.021,2879
2025-09-10 21:00:00+00:00,63.99,64.069,63.965,64.002,397
2025-09-11 01:00:00+00:00,63.992,63.997,63.778,63.798,1033
2025-09-11 05:00:00+00:00,63.808,63.93,63.443,63.643,3888
2025-09-11 09:00:00+00:00,63.633,63.834,62.956,63.027,5512
2025-09-11 13:00:00+00:00,63.017,63.027,62.545,62.742,9243
2025-09-11 17:00:00+00:00,62.732,62.852,62.468,62.507,2827
2025-09-11 21:00:00+00:00,62.511,62.566,62.292,62.302,748
2025-09-12 01:00:00+00:00,62.312,62.343,61.999,62.068,1986
2025-09-12 05:00:00+00:00,62.058,62.686,61.935,62.596,4715
2025-09-12 09:00:00+00:00,62.586,64.219,62.576,63.762,11392
2025-09-12 13:00:00+00:00,63.767,63.797,62.789,62.799,9919
2025-09-12 17:00:00+00:00,62.794,62.978,62.693,62.825,3358
2025-09-14 21:00:00+00:00,62.773,63.046,62.708,63.036,1266
2025-09-15 01:00:00+00:00,63.046,63.31,63.036,63.213,2023
2025-09-15 05:00:00+00:00,63.208,63.412,63.0,63.179,4134
2025-09-15 09:00:00+00:00,63.169,63.278,62.906,63.115,4534
2025-09-15 13:00:00+00:00,63.125,63.83,63.095,63.392,8473
2025-09-15 17:00:00+00:00,63.402,63.642,63.37,63.438,2397
2025-09-15 21:00:00+00:00,63.447,63.545,63.447,63.504,513
2025-09-16 01:00:00+00:00,63.514,63.674,63.494,63.626,1535
2025-09-16 05:00:00+00:00,63.621,63.71,63.066,63.136,4623
2025-09-16 09:00:00+00:00,63.126,64.365,63.045,64.269,6369
2025-09-16 13:00:00+00:00,64.274,64.722,63.963,64.661,8461
2025-09-16 17:00:00+00:00,64.671,64.901,64.559,64.687,3063
2025-09-16 21:00:00+00:00,64.611,64.806,64.611,64.658,673
2025-09-17 01:00:00+00:00,64.663,64.674,64.51,64.579,1982
2025-09-17 05:00:00+00:00,64.569,64.688,64.105,64.24,4579
2025-09-17 09:00:00+00:00,64.235,64.452,63.963,64.341,3732
2025-09-17 13:00:00+00:00,64.331,64.73,64.118,64.397,8748
2025-09-17 17:00:00+00:00,64.407,64.498,63.812,64.093,6778
2025-09-17 21:00:00+00:00,64.062,64.263,63.95,63.95,718
2025-09-18 01:00:00+00:00,63.945,64.099,63.697,63.927,2552
2025-09-18 05:00:00+00:00,63.917,64.368,63.689,64.308,4511
2025-09-18 09:00:00+00:00,64.298,64.588,63.562,64.275,5994
2025-09-18 13:00:00+00:00,64.285,64.657,63.629,63.689,11436
2025-09-18 17:00:00+00:00,63.679,63.879,63.467,63.767,3532
2025-09-18 21:00:00+00:00,63.726,63.76,63.625,63.7,641
2025-09-19 01:00:00+00:00,63.694,63.795,63.451,63.511,2039
2025-09-19 05:00:00+00:00,63.521,63.691,63.116,63.166,4506
2025-09-19 09:00:00+00:00,63.161,63.648,62.964,63.416,5692
2025-09-19 13:00:00+00:00,63.426,63.627,62.639,62.86,9508
2025-09-19 17:00:00+00:00,62.87,62.99,62.748,62.797,3282
2025-09-21 21:00:00+00:00,62.876,63.0,62.816,62.99,961
2025-09-22 01:00:00+00:00,62.98,63.23,62.95,63.189,1572
2025-09-22 05:00:00+00:00,63.199,63.389,62.845,62.865,4208
2025-09-22 09:00:00+00:00,62.885,62.925,62.088,62.158,4429
2025-09-22 13:00:00+00:00,62.148,62.64,62.007,62.533,6927
2025-09-22 17:00:00+00:00,62.538,62.815,62.457,62.727,2579
2025-09-22 21:00:00+00:00,62.702,62.776,62.606,62.65,401
2025-09-23 01:00:00+00:00,62.645,62.645,62.261,62.321,1707
2025-09-23 05:00:00+00:00,62.331,62.721,62.22,62.58,3567
2025-09-23 09:00:00+00:00,62.57,63.564,62.53,63.473,4640
2025-09-23 13:00:00+00:00,63.463,64.266,63.352,63.732,8605
2025-09-23 17:00:00+00:00,63.737,64.184,63.561,64.022,3562
2025-09-23 21:00:00+00:00,64.001,64.212,64.001,64.1,658
2025-09-24 01:00:00+00:00,64.095,64.115,63.897,63.897,1195
2025-09-24 05:00:00+00:00,63.892,64.222,63.623,63.784,3470
2025-09-24 09:00:00+00:00,63.774,64.828,63.734,64.611,5009
2025-09-24 13:00:00+00:00,64.606,65.218,64.465,65.177,8207
2025-09-24 17:00:00+00:00,65.187,65.418,65.155,65.19,3036
2025-09-24 21:00:00+00:00,65.104,65.304,65.048,65.263,827
2025-09-25 01:00:00+00:00,65.268,65.283,65.021,65.05,1356
2025-09-25 05:00:00+00:00,65.04,65.27,64.625,64.675,4585
2025-09-25 09:00:00+00:00,64.67,65.207,64.635,64.925,7375
2025-09-25 13:00:00+00:00,64.93,65.325,64.421,65.043,10000
2025-09-25 17:00:00+00:00,65.038,65.7,64.962,65.579,5549
2025-09-25 21:00:00+00:00,65.583,65.708,65.558,65.611,855
2025-09-26 01:00:00+00:00,65.601,65.752,65.505,65.519,1711
2025-09-26 05:00:00+00:00,65.524,65.749,65.346,65.496,5193
2025-09-26 09:00:00+00:00,65.486,65.695,65.003,65.564,4949
2025-09-26 13:00:00+00:00,65.574,66.769,65.574,66.205,10526
2025-09-26 17:00:00+00:00,66.2,66.266,65.459,65.52,5544
2025-09-28 21:00:00+00:00,65.315,65.5,65.185,65.459,2068
2025-09-29 01:00:00+00:00,65.449,65.688,65.338,65.638,2194
2025-09-29 05:00:00+00:00,65.648,65.717,65.023,65.304,5126
2025-09-29 09:00:00+00:00,65.294,65.294,64.478,64.81,6354
2025-09-29 13:00:00+00:00,64.794,64.794,63.412,63.612,10133
2025-09-29 17:00:00+00:00,63.602,63.792,63.28,63.449,3521
2025-09-29 21:00:00+00:00,63.413,63.488,63.316,63.356,675
2025-09-30 01:00:00+00:00,63.346,63.506,63.204,63.369,2330
2025-09-30 05:00:00+00:00,63.364,63.544,62.729,63.241,5847
2025-09-30 09:00:00+00:00,63.231,63.421,62.305,62.636,11369
2025-09-30 13:00:00+00:00,62.641,63.308,62.494,62.996,14028
2025-09-30 17:00:00+00:00,63.001,63.036,62.613,62.717,3785
2025-09-30 21:00:00+00:00,62.732,62.861,62.484,62.489,960
2025-10-01 01:00:00+00:00,62.494,62.899,62.489,62.889,1691
2025-10-01 05:00:00+00:00,62.878,63.168,62.284,62.465,5988
2025-10-01 09:00:00+00:00,62.454,62.654,61.902,62.151,8213
2025-10-01 13:00:00+00:00,62.141,62.561,61.659,62.078,15169
2025-10-01 17:00:00+00:00,62.089,62.358,61.957,62.051,4112
2025-10-01 21:00:00+00:00,62.026,62.778,61.839,62.21,2140
2025-10-02 01:00:00+00:00,62.215,62.535,62.144,62.303,2178
2025-10-02 05:00:00+00:00,62.313,62.504,61.95,62.12,6331
2025-10-02 09:00:00+00:00,62.11,62.14,61.472,61.686,8122
2025-10-02 13:00:00+00:00,61.676,62.087,60.66,60.861,13247
2025-10-02 17:00:00+00:00,60.856,61.019,60.639,60.924,3337
2025-10-02 21:00:00+00:00,60.948,61.008,60.836,60.881,891
2025-10-03 01:00:00+00:00,60.886,61.13,60.886,61.115,1412
2025-10-03 05:00:00+00:00,61.105,61.625,61.085,61.605,5695
2025-10-03 09:00:00+00:00,61.61,61.625,60.79,61.101,6917
2025-10-03 13:00:00+00:00,61.096,61.521,60.905,61.38,11863
2025-10-03 17:00:00+00:00,61.39,61.44,60.856,60.926,3843
2025-10-05 21:00:00+00:00,61.637,62.042,61.561,61.992,3955
2025-10-06 01:00:00+00:00,61.987,62.12,61.881,62.07,1120
2025-10-06 05:00:00+00:00,62.075,62.239,61.668,62.118,6800
2025-10-06 09:00:00+00:00,62.123,62.318,61.243,61.584,6588
2025-10-06 13:00:00+00:00,61.594,62.194,61.387,61.853,11513
2025-10-06 17:00:00+00:00,61.848,62.053,61.692,61.921,2932
2025-10-06 21:00:00+00:00,61.95,62.02,61.849,61.888,458
2025-10-07 01:00:00+00:00,61.893,62.138,61.886,61.906,916
2025-10-07 05:00:00+00:00,61.911,62.231,61.673,61.683,4826
2025-10-07 09:00:00+00:00,61.693,62.023,61.462,61.531,5803
2025-10-07 13:00:00+00:00,61.526,62.052,60.909,61.649,13847
2025-10-07 17:00:00+00:00,61.654,62.289,61.589,62.219,3641
2025-10-07 21:00:00+00:00,62.363,62.402,62.257,62.362,616
2025-10-08 01:00:00+00:00,62.357,62.531,62.337,62.415,1148
2025-10-08 05:00:00+00:00,62.405,62.634,62.303,62.453,4717
2025-10-08 09:00:00+00:00,62.463,62.982,62.412,62.791,5406
2025-10-08 13:00:00+00:00,62.781,63.091,62.28,62.804,9894
2025-10-08 17:00:00+00:00,62.809,62.969,62.446,62.466,2963
2025-10-08 21:00:00+00:00,62.42,62.43,62.023,62.118,1502
2025-10-09 01:00:00+00:00,62.113,62.377,61.963,62.351,3969
2025-10-09 05:00:00+00:00,62.361,62.991,62.351,62.881,5837
2025-10-09 09:00:00+00:00,62.891,63.041,62.228,62.738,6661
2025-10-09 13:00:00+00:00,62.748,63.019,61.553,61.603,12129
2025-10-09 17:00:00+00:00,61.608,61.722,61.411,61.686,4149
2025-10-09 21:00:00+00:00,61.675,61.819,61.6,61.809,835
2025-10-10 01:00:00+00:00,61.814,61.829,61.376,61.396,1780
2025-10-10 05:00:00+00:00,61.386,61.655,61.184,61.419,6123
2025-10-10 09:00:00+00:00,61.414,61.464,60.309,60.419,7129
2025-10-10 13:00:00+00:00,60.409,60.659,58.839,59.054,25619
2025-10-10 17:00:00+00:00,59.074,59.244,58.36,58.435,8177
2025-10-12 21:00:00+00:00,59.497,59.933,59.326,59.826,5697
2025-10-13 01:00:00+00:00,59.816,60.116,59.716,59.764,4234
2025-10-13 05:00:00+00:00,59.754,60.153,59.703,60.128,7799
2025-10-13 09:00:00+00:00,60.123,60.283,59.44,59.5,8038
2025-10-13 13:00:00+00:00,59.51,60.205,59.319,59.763,13402
2025-10-13 17:00:00+00:00,59.768,59.918,59.537,59.651,3797
2025-10-13 21:00:00+00:00,59.7,59.894,59.695,59.874,576
2025-10-14 01:00:00+00:00,59.884,59.919,59.532,59.596,3049
2025-10-14 05:00:00+00:00,59.601,59.601,58.177,58.387,10726
2025-10-14 09:00:00+00:00,58.377,58.517,57.765,58.185,10659
2025-10-14 13:00:00+00:00,58.175,58.954,58.114,58.784,17478
2025-10-14 17:00:00+00:00,58.789,59.074,58.462,58.682,5515
2025-10-14 21:00:00+00:00,58.761,58.876,58.64,58.72,897
2025-10-15 01:00:00+00:00,58.71,58.819,58.458,58.607,2802
2025-10-15 05:00:00+00:00,58.617,58.976,58.556,58.751,5744
2025-10-15 09:00:00+00:00,58.756,59.505,58.645,59.424,6685
2025-10-15 13:00:00+00:00,59.414,59.434,58.305,58.617,13531
2025-10-15 17:00:00+00:00,58.627,58.893,58.314,58.832,5878
2025-10-15 21:00:00+00:00,58.846,59.057,58.623,58.87,1261
2025-10-16 01:00:00+00:00,58.865,58.933,58.717,58.882,2619
2025-10-16 05:00:00+00:00,58.887,59.148,58.658,58.734,6604
2025-10-16 09:00:00+00:00,58.739,58.989,58.516,58.615,6686
2025-10-16 13:00:00+00:00,58.605,58.726,57.553,57.826,17435
2025-10-16 17:00:00+00:00,57.821,57.957,57.29,57.45,10523
2025-10-16 21:00:00+00:00,57.54,57.591,57.357,57.483,1157
2025-10-17 01:00:00+00:00,57.488,57.516,57.023,57.304,4404
2025-10-17 05:00:00+00:00,57.309,57.459,56.762,56.827,8637
2025-10-17 09:00:00+00:00,56.817,57.783,56.635,57.662,12050
2025-10-17 13:00:00+00:00,57.657,57.742,57.203,57.347,17710
2025-10-17 17:00:00+00:00,57.337,57.81,57.246,57.708,6072
2025-10-19 21:00:00+00:00,57.724,57.9,57.354,57.445,2013
2025-10-20 01:00:00+00:00,57.434,57.525,57.222,57.437,2186
2025-10-20 05:00:00+00:00,57.432,57.442,57.018,57.399,4656
2025-10-20 09:00:00+00:00,57.409,57.53,56.974,57.024,5151
2025-10-20 13:00:00+00:00,57.034,57.335,56.409,57.062,11701
2025-10-20 17:00:00+00:00,57.067,57.525,56.991,57.377,3845
2025-10-20 21:00:00+00:00,57.361,57.461,57.309,57.42,494
2025-10-21 01:00:00+00:00,57.41,57.43,57.047,57.317,1479
2025-10-21 05:00:00+00:00,57.312,57.728,57.114,57.617,4870
2025-10-21 09:00:00+00:00,57.627,58.209,57.405,57.906,5813
2025-10-21 13:00:00+00:00,57.901,58.509,56.777,57.637,15240
2025-10-21 17:00:00+00:00,57.632,58.053,57.41,58.012,4252
2025-10-21 21:00:00+00:00,58.007,58.067,57.839,57.869,758
2025-10-22 01:00:00+00:00,57.859,58.825,57.768,58.642,4642
2025-10-22 05:00:00+00:00,58.632,58.933,58.48,58.68,7322
2025-10-22 09:00:00+00:00,58.69,59.036,58.357,58.637,7012
2025-10-22 13:00:00+00:00,58.627,59.351,58.577,59.108,15150
2025-10-22 17:00:00+00:00,59.103,60.275,58.816,59.736,14258
2025-10-22 21:00:00+00:00,60.4,60.695,60.077,60.393,3602
2025-10-23 01:00:00+00:00,60.383,61.045,60.161,60.894,7042
2025-10-23 05:00:00+00:00,60.884,61.788,60.822,61.788,13698
2025-10-23 09:00:00+00:00,61.783,62.522,61.554,62.173,15631
2025-10-23 13:00:00+00:00,62.168,62.649,61.563,62.467,24158
2025-10-23 17:00:00+00:00,62.457,62.538,61.913,62.193,7440
2025-10-23 21:00:00+00:00,62.177,62.202,61.889,62.039,1150
2025-10-24 01:00:00+00:00,62.029,62.039,61.656,61.951,3208
2025-10-24 05:00:00+00:00,61.956,62.558,61.784,62.115,6661
2025-10-24 09:00:00+00:00,62.105,63.029,62.043,62.228,9191
2025-10-24 13:00:00+00:00,62.233,62.835,62.193,62.341,12354
2025-10-24 17:00:00+00:00,62.331,62.361,61.805,61.86,5652
2025-10-26 21:00:00+00:00,62.251,62.557,62.143,62.143,2716
2025-10-27 01:00:00+00:00,62.153,62.173,61.88,62.141,3307
2025-10-27 05:00:00+00:00,62.151,62.341,61.082,61.082,7285
2025-10-27 09:00:00+00:00,61.092,61.954,61.051,61.939,9853
2025-10-27 13:00:00+00:00,61.944,62.416,61.723,61.977,14042
2025-10-27 17:00:00+00:00,61.972,62.087,61.498,61.909,4944
2025-10-27 21:00:00+00:00,61.848,61.858,61.474,61.494,755
2025-10-28 01:00:00+00:00,61.504,61.765,61.484,61.542,2422
2025-10-28 05:00:00+00:00,61.532,61.701,60.287,60.593,9705
2025-10-28 09:00:00+00:00,60.603,61.034,60.44,60.621,10240
2025-10-28 13:00:00+00:00,60.631,61.123,60.116,60.427,16623
2025-10-28 17:00:00+00:00,60.432,60.658,60.234,60.53,5886
2025-10-28 21:00:00+00:00,60.57,60.664,60.484,60.543,593
2025-10-29 01:00:00+00:00,60.533,60.754,60.301,60.349,2255
2025-10-29 05:00:00+00:00,60.339,60.871,60.045,60.075,6578
2025-10-29 09:00:00+00:00,60.085,60.868,60.055,60.515,7554
2025-10-29 13:00:00+00:00,60.52,61.368,60.395,60.965,12696
2025-10-29 17:00:00+00:00,60.97,61.045,60.622,60.691,7838
2025-10-29 21:00:00+00:00,60.706,60.77,60.463,60.719,1150
2025-10-30 01:00:00+00:00,60.709,60.757,60.314,60.5,4627
2025-10-30 05:00:00+00:00,60.495,60.625,60.171,60.452,6342
2025-10-30 09:00:00+00:00,60.442,60.623,60.138,60.289,7119
2025-10-30 13:00:00+00:00,60.284,61.04,59.962,61.01,13571
2025-10-30 17:00:00+00:00,61.02,61.11,60.536,60.641,4175
2025-10-30 21:00:00+00:00,60.59,60.624,60.493,60.583,602
2025-10-31 01:00:00+00:00,60.578,60.713,60.42,60.47,1709
2025-10-31 05:00:00+00:00,60.465,60.839,60.369,60.497,4724
2025-10-31 09:00:00+00:00,60.492,61.209,60.295,61.148,9343
2025-10-31 13:00:00+00:00,61.143,61.701,60.785,61.095,16967
2025-10-31 17:00:00+00:00,61.085,61.346,61.075,61.188,4298
2025-11-02 22:00:00+00:00,61.699,61.722,61.391,61.441,2818
2025-11-03 02:00:00+00:00,61.451,61.719,61.378,61.699,1482
2025-11-03 06:00:00+00:00,61.694,61.779,60.964,61.24,5789
2025-11-03 10:00:00+00:00,61.234,61.49,60.852,61.111,6372
2025-11-03 14:00:00+00:00,61.121,61.743,60.779,61.541,12386
2025-11-03 18:00:00+00:00,61.536,61.581,61.008,61.287,3196
2025-11-03 22:00:00+00:00,61.241,61.276,61.114,61.194,766
2025-11-04 02:00:00+00:00,61.189,61.213,61.043,61.121,1628
2025-11-04 06:00:00+00:00,61.126,61.141,60.306,60.386,5989
2025-11-04 10:00:00+00:00,60.376,60.605,60.195,60.248,5613
2025-11-04 14:00:00+00:00,60.253,61.144,60.253,61.033,11183
2025-11-04 18:00:00+00:00,61.028,61.108,60.569,60.664,4745
2025-11-04 22:00:00+00:00,60.643,60.643,60.255,60.355,1497
2025-11-05 02:00:00+00:00,60.36,60.895,60.345,60.89,1904
2025-11-05 06:00:00+00:00,60.885,61.234,60.617,61.113,6135
2025-11-05 10:00:00+00:00,61.123,61.319,60.343,60.458,6407
2025-11-05 14:00:00+00:00,60.448,61.079,59.844,59.994,15267
2025-11-05 18:00:00+00:00,59.984,60.074,59.752,59.871,4190
2025-11-05 22:00:00+00:00,59.931,59.941,59.779,59.848,1184
2025-11-06 02:00:00+00:00,59.838,60.098,59.798,60.087,1384
2025-11-06 06:00:00+00:00,60.077,60.727,59.684,60.335,7235
2025-11-06 10:00:00+00:00,60.34,60.405,59.931,59.991,8348
2025-11-06 14:00:00+00:00,59.981,60.072,59.042,59.487,18505
2025-11-06 18:00:00+00:00,59.482,59.882,59.266,59.725,5086
2025-11-06 22:00:00+00:00,59.875,60.006,59.803,59.883,1581
2025-11-07 02:00:00+00:00,59.893,60.052,59.802,60.052,2265
2025-11-07 06:00:00+00:00,60.041,60.551,60.031,60.521,6423
2025-11-07 10:00:00+00:00,60.511,60.661,60.007,60.087,7673
2025-11-07 14:00:00+00:00,60.082,60.307,59.512,59.713,18008
2025-11-07 18:00:00+00:00,59.723,60.102,59.713,60.016,5056
2025-11-09 22:00:00+00:00,60.091,60.42,59.91,60.239,1824
2025-11-10 02:00:00+00:00,60.229,60.528,60.194,60.497,1974
2025-11-10 06:00:00+00:00,60.492,60.636,60.165,60.52,6460
2025-11-10 10:00:00+00:00,60.525,60.555,59.942,60.131,6234
2025-11-10 14:00:00+00:00,60.121,60.382,59.558,60.139,11043
2025-11-10 18:00:00+00:00,60.149,60.359,60.058,60.192,3515
2025-11-10 22:00:00+00:00,60.186,60.2,60.034,60.054,713
2025-11-11 02:00:00+00:00,60.049,60.263,59.941,59.961,941
2025-11-11 06:00:00+00:00,59.956,60.631,59.804,60.52,5180
2025-11-11 10:00:00+00:00,60.53,60.953,60.339,60.918,5222
2025-11-11 14:00:00+00:00,60.928,61.428,60.708,61.126,10009
2025-11-11 18:00:00+00:00,61.121,61.285,61.044,61.174,3416
2025-11-11 22:00:00+00:00,61.168,61.203,60.991,61.056,890
2025-11-12 02:00:00+00:00,61.061,61.091,60.888,60.938,1097
2025-11-12 06:00:00+00:00,60.933,61.008,60.545,60.555,4365
2025-11-12 10:00:00+00:00,60.55,60.81,60.141,60.171,6083
2025-11-12 14:00:00+00:00,60.176,60.191,58.551,58.706,12701
2025-11-12 18:00:00+00:00,58.711,58.736,58.425,58.603,3726
2025-11-12 22:00:00+00:00,58.502,58.522,58.235,58.42,2360
2025-11-13 02:00:00+00:00,58.415,58.619,58.4,58.508,1615
2025-11-13 06:00:00+00:00,58.498,58.673,58.255,58.476,5647
2025-11-13 10:00:00+00:00,58.486,59.325,58.486,59.224,6170
2025-11-13 14:00:00+00:00,59.229,59.244,58.872,58.961,11336
2025-11-13 18:00:00+00:00,58.951,59.001,58.64,58.717,5384
2025-11-13 22:00:00+00:00,58.827,60.636,58.827,60.245,4651
2025-11-14 02:00:00+00:00,60.25,60.341,59.588,59.678,5340
2025-11-14 06:00:00+00:00,59.693,60.053,59.316,59.898,9279
2025-11-14 10:00:00+00:00,59.888,60.399,59.426,59.807,13006
2025-11-14 14:00:00+00:00,59.802,60.418,59.706,60.222,15033
2025-11-14 18:00:00+00:00,60.217,60.287,59.86,59.971,5400
2025-11-16 22:00:00+00:00,59.54,59.781,59.4,59.485,2780
2025-11-17 02:00:00+00:00,59.49,59.579,59.379,59.489,1802
2025-11-17 06:00:00+00:00,59.494,59.804,59.363,59.754,5914
2025-11-17 10:00:00+00:00,59.744,60.445,59.734,60.314,6859
2025-11-17 14:00:00+00:00,60.324,60.324,59.913,60.083,10558
2025-11-17 18:00:00+00:00,60.073,60.193,59.792,59.827,4146
2025-11-17 22:00:00+00:00,59.811,59.952,59.615,59.64,1389
2025-11-18 02:00:00+00:00,59.63,59.751,59.52,59.59,1646
2025-11-18 06:00:00+00:00,59.595,59.875,59.409,59.709,6309
2025-11-18 10:00:00+00:00,59.704,60.25,59.699,59.939,6377
2025-11-18 14:00:00+00:00,59.929,60.459,59.498,60.439,16535
2025-11-18 18:00:00+00:00,60.449,60.981,60.449,60.734,7663
2025-11-18 22:00:00+00:00,60.674,60.834,60.448,60.538,1857
2025-11-19 02:00:00+00:00,60.528,60.758,60.528,60.668,1982
2025-11-19 06:00:00+00:00,60.673,60.698,60.146,60.476,6743
2025-11-19 10:00:00+00:00,60.466,60.486,58.822,59.278,11110
2025-11-19 14:00:00+00:00,59.283,59.488,58.801,59.282,12654
2025-11-19 18:00:00+00:00,59.272,59.562,59.182,59.552,4519
2025-11-19 22:00:00+00:00,59.481,59.777,59.481,59.611,1515
2025-11-20 02:00:00+00:00,59.601,59.701,59.481,59.53,2050
2025-11-20 06:00:00+00:00,59.535,59.91,59.4,59.82,6811
2025-11-20 10:00:00+00:00,59.83,60.096,59.689,59.759,6284
2025-11-20 14:00:00+00:00,59.754,60.22,58.716,59.202,18628
2025-11-20 18:00:00+00:00,59.197,59.378,58.776,58.896,7285
2025-11-20 22:00:00+00:00,58.861,58.866,58.464,58.484,1934
2025-11-21 02:00:00+00:00,58.464,58.484,58.143,58.413,2802
2025-11-21 06:00:00+00:00,58.418,58.533,57.861,57.866,9035
2025-11-21 10:00:00+00:00,57.861,58.733,57.541,58.412,12280
2025-11-21 14:00:00+00:00,58.402,58.402,57.5,57.96,20832
2025-11-21 18:00:00+00:00,57.97,58.311,57.83,58.11,5659
2025-11-23 22:00:00+00:00,58.176,58.176,57.755,58.08,2578
2025-11-24 02:00:00+00:00,58.085,58.245,58.01,58.199,1508
2025-11-24 06:00:00+00:00,58.204,58.375,57.537,57.577,6331
2025-11-24 10:00:00+00:00,57.588,58.348,57.577,58.298,6520
2025-11-24 14:00:00+00:00,58.288,58.708,57.697,58.673,11915
2025-11-24 18:00:00+00:00,58.668,59.169,58.648,59.028,3310
2025-11-24 22:00:00+00:00,58.978,59.068,58.807,58.847,1419
2025-11-25 02:00:00+00:00,58.852,58.927,58.651,58.706,1318
2025-11-25 06:00:00+00:00,58.711,58.786,58.415,58.765,5506
2025-11-25 10:00:00+00:00,58.755,58.905,57.437,57.823,14264
2025-11-25 14:00:00+00:00,57.813,58.023,57.211,57.822,13728
2025-11-25 18:00:00+00:00,57.812,58.252,57.772,58.212,4527
2025-11-25 22:00:00+00:00,58.127,58.252,58.096,58.181,1122
2025-11-26 02:00:00+00:00,58.186,58.351,58.111,58.261,1402
2025-11-26 06:00:00+00:00,58.256,58.401,57.779,58.055,6524
2025-11-26 10:00:00+00:00,58.05,58.31,57.769,58.069,6316
2025-11-26 14:00:00+00:00,58.079,58.529,57.858,58.148,9663
2025-11-26 18:00:00+00:00,58.138,58.829,58.038,58.658,3822
2025-11-26 22:00:00+00:00,58.628,58.638,58.397,58.427,939
2025-11-27 02:00:00+00:00,58.437,58.552,58.387,58.467,1104
2025-11-27 06:00:00+00:00,58.477,58.887,58.431,58.877,4374
2025-11-27 10:00:00+00:00,58.872,59.057,58.615,58.796,4498
2025-11-27 14:00:00+00:00,58.806,59.176,58.766,59.16,3880
2025-11-27 18:00:00+00:00,59.155,59.255,59.135,59.205,590
2025-11-27 22:00:00+00:00,59.114,59.159,58.994,59.059,670
2025-11-28 02:00:00+00:00,59.064,59.169,59.049,59.139,287
2025-11-28 10:00:00+00:00,58.916,59.067,58.911,58.926,323
2025-11-28 14:00:00+00:00,58.931,59.732,58.866,59.532,6368
2025-11-28 18:00:00+00:00,59.537,59.662,58.364,58.545,3666
2025-11-30 22:00:00+00:00,59.361,59.702,59.151,59.431,3712
2025-12-01 02:00:00+00:00,59.436,59.881,59.391,59.871,1704
2025-12-01 06:00:00+00:00,59.866,60.056,59.63,59.83,5665
2025-12-01 10:00:00+00:00,59.82,59.87,58.928,59.028,5895
2025-12-01 14:00:00+00:00,59.018,59.719,58.978,59.308,9448
2025-12-01 18:00:00+00:00,59.318,59.658,59.278,59.602,3224
2025-12-01 22:00:00+00:00,59.617,59.742,59.436,59.436,877
2025-12-02 02:00:00+00:00,59.426,59.526,59.406,59.476,973
2025-12-02 06:00:00+00:00,59.481,59.615,59.165,59.29,5164
2025-12-02 10:00:00+00:00,59.285,59.515,58.923,59.013,5369
2025-12-02 14:00:00+00:00,58.993,59.469,58.362,58.983,13974
2025-12-02 18:00:00+00:00,58.978,59.238,58.571,58.696,4651
2025-12-02 22:00:00+00:00,58.731,58.801,58.611,58.611,971
2025-12-03 02:00:00+00:00,58.616,58.82,58.45,58.735,1375
2025-12-03 06:00:00+00:00,58.73,59.56,58.7,59.55,4713
2025-12-03 10:00:00+00:00,59.56,59.69,59.139,59.439,5342
2025-12-03 14:00:00+00:00,59.429,59.704,58.938,59.309,10209
2025-12-03 18:00:00+00:00,59.298,59.409,58.908,59.168,2769
2025-12-03 22:00:00+00:00,59.137,59.257,59.057,59.187,676
2025-12-04 02:00:00+00:00,59.177,59.426,59.117,59.286,1126
2025-12-04 06:00:00+00:00,59.296,59.516,59.165,59.285,3779
2025-12-04 10:00:00+00:00,59.295,59.565,59.195,59.455,4289
2025-12-04 14:00:00+00:00,59.445,60.095,58.884,59.855,10447
2025-12-04 18:00:00+00:00,59.845,60.035,59.684,59.794,2957
2025-12-04 22:00:00+00:00,59.703,59.793,59.653,59.673,849
2025-12-05 02:00:00+00:00,59.663,59.693,59.492,59.642,985
2025-12-05 06:00:00+00:00,59.637,59.852,59.537,59.761,3637
2025-12-05 10:00:00+00:00,59.751,59.841,59.501,59.681,3958
2025-12-05 14:00:00+00:00,59.676,60.561,59.56,60.331,8958
2025-12-05 18:00:00+00:00,60.321,60.361,60.06,60.195,2763
2025-12-07 22:00:00+00:00,60.245,60.35,60.03,60.135,1468
2025-12-08 02:00:00+00:00,60.14,60.319,60.079,60.249,1190
2025-12-08 06:00:00+00:00,60.259,60.359,59.558,59.668,3677
2025-12-08 10:00:00+00:00,59.663,59.698,59.237,59.527,4892
2025-12-08 14:00:00+00:00,59.537,59.587,59.066,59.136,7785
2025-12-08 18:00:00+00:00,59.131,59.156,58.735,58.9,3052
2025-12-08 22:00:00+00:00,58.905,58.944,58.784,58.814,914
2025-12-09 02:00:00+00:00,58.824,58.874,58.633,58.733,1109
2025-12-09 06:00:00+00:00,58.723,58.933,58.633,58.832,3804
2025-12-09 10:00:00+00:00,58.842,59.222,58.712,58.852,4221
2025-12-09 14:00:00+00:00,58.862,58.922,58.171,58.22,7511
2025-12-09 18:00:00+00:00,58.21,58.49,58.19,58.435,2293
2025-12-09 22:00:00+00:00,58.425,58.47,58.369,58.439,646
2025-12-10 02:00:00+00:00,58.449,58.484,58.319,58.413,966
2025-12-10 06:00:00+00:00,58.418,58.528,58.127,58.292,4287
2025-12-10 10:00:00+00:00,58.287,58.708,58.287,58.357,5116
2025-12-10 14:00:00+00:00,58.347,58.357,57.696,58.136,8646
2025-12-10 18:00:00+00:00,58.141,59.076,58.111,58.996,7540
2025-12-10 22:00:00+00:00,58.956,58.986,58.765,58.865,1455
2025-12-11 02:00:00+00:00,58.87,58.895,58.294,58.314,1804
2025-12-11 06:00:00+00:00,58.319,58.319,57.683,57.743,5182
2025-12-11 10:00:00+00:00,57.733,57.902,57.552,57.642,5646
2025-12-11 14:00:00+00:00,57.632,57.652,57.041,57.351,11631
2025-12-11 18:00:00+00:00,57.346,57.971,57.286,57.936,3598
2025-12-11 22:00:00+00:00,57.985,58.12,57.92,58.01,1188
2025-12-12 02:00:00+00:00,58.02,58.22,57.999,58.124,1759
2025-12-12 06:00:00+00:00,58.129,58.169,57.598,57.628,4660
2025-12-12 10:00:00+00:00,57.638,57.718,57.388,57.647,5661
2025-12-12 14:00:00+00:00,57.657,57.757,57.177,57.672,12222
2025-12-12 18:00:00+00:00,57.677,57.707,57.366,57.556,3323
2025-12-14 22:00:00+00:00,57.427,57.737,57.397,57.691,1457
2025-12-15 02:00:00+00:00,57.696,57.821,57.686,57.701,812
2025-12-15 06:00:00+00:00,57.706,57.806,57.455,57.575,4165
2025-12-15 10:00:00+00:00,57.585,57.625,56.974,57.084,5875
2025-12-15 14:00:00+00:00,57.094,57.214,56.413,56.643,10932
2025-12-15 18:00:00+00:00,56.648,56.893,56.413,56.702,3870
2025-12-15 22:00:00+00:00,56.672,56.702,56.502,56.507,1488
2025-12-16 02:00:00+00:00,56.512,56.607,56.341,56.361,1777
2025-12-16 06:00:00+00:00,56.371,56.576,55.84,55.85,5584
2025-12-16 10:00:00+00:00,55.845,56.0,55.599,55.699,6335
2025-12-16 14:00:00+00:00,55.694,55.694,54.999,55.405,12108
2025-12-16 18:00:00+00:00,55.4,55.635,55.123,55.234,4869
2025-12-16 22:00:00+00:00,55.304,56.156,55.289,55.744,3675
2025-12-17 02:00:00+00:00,55.754,56.235,55.744,56.125,2696
2025-12-17 06:00:00+00:00,56.12,56.686,55.903,56.535,7907
2025-12-17 10:00:00+00:00,56.525,56.736,56.198,56.364,5659
2025-12-17 14:00:00+00:00,56.374,56.374,55.747,56.142,11734
2025-12-17 18:00:00+00:00,56.132,56.974,55.921,56.899,5320
2025-12-17 22:00:00+00:00,56.944,57.004,56.823,56.858,1407
2025-12-18 02:00:00+00:00,56.863,56.913,56.071,56.461,3650
2025-12-18 06:00:00+00:00,56.471,56.601,56.044,56.159,4656
2025-12-18 10:00:00+00:00,56.169,56.389,55.888,56.199,4547
2025-12-18 14:00:00+00:00,56.189,56.669,56.068,56.348,8102
2025-12-18 18:00:00+00:00,56.338,56.428,55.957,56.057,3390
2025-12-18 22:00:00+00:00,56.037,56.132,55.896,55.966,1016
2025-12-19 02:00:00+00:00,55.971,56.146,55.935,55.965,1193
2025-12-19 06:00:00+00:00,55.97,56.145,55.794,55.984,4769
2025-12-19 10:00:00+00:00,55.994,56.71,55.764,56.64,5467
2025-12-19 14:00:00+00:00,56.635,56.695,56.234,56.624,6716
2025-12-19 18:00:00+00:00,56.614,56.875,56.564,56.694,3170
2025-12-21 22:00:00+00:00,56.995,57.135,56.925,57.045,1949
2025-12-22 02:00:00+00:00,57.055,57.405,57.044,57.294,1809
2025-12-22 06:00:00+00:00,57.284,57.394,57.043,57.193,3631
2025-12-22 10:00:00+00:00,57.198,58.275,57.153,58.125,5025
2025-12-22 14:00:00+00:00,58.115,58.195,57.693,57.944,6406
2025-12-22 18:00:00+00:00,57.954,58.234,57.934,58.093,2314
2025-12-22 22:00:00+00:00,58.083,58.113,57.928,58.012,996
2025-12-23 02:00:00+00:00,58.017,58.122,57.891,57.931,1021
2025-12-23 06:00:00+00:00,57.926,58.231,57.891,58.161,3234
2025-12-23 10:00:00+00:00,58.151,58.371,58.066,58.311,4086
2025-12-23 14:00:00+00:00,58.301,58.4,57.879,58.37,6085
2025-12-23 18:00:00+00:00,58.38,58.69,58.35,58.605,2481
2025-12-23 22:00:00+00:00,58.549,58.76,58.409,58.509,1333
2025-12-24 02:00:00+00:00,58.519,58.668,58.363,58.598,1780
2025-12-24 06:00:00+00:00,58.588,58.888,58.507,58.627,3175
2025-12-24 10:00:00+00:00,58.637,58.857,58.526,58.647,4080
2025-12-24 14:00:00+00:00,58.652,58.827,58.275,58.485,5038
2025-12-24 18:00:00+00:00,58.495,58.54,58.41,58.51,1291
2025-12-25 22:00:00+00:00,58.56,58.715,58.524,58.584,1634
2025-12-26 02:00:00+00:00,58.579,58.669,58.428,58.553,1607
2025-12-26 06:00:00+00:00,58.558,58.778,58.448,58.568,3657
2025-12-26 10:00:00+00:00,58.563,58.998,58.126,58.156,5648
2025-12-26 14:00:00+00:00,58.146,58.156,57.263,57.353,7247
2025-12-26 18:00:00+00:00,57.343,57.424,56.772,57.042,3319
2025-12-28 22:00:00+00:00,57.158,57.403,57.083,57.242,2106
2025-12-29 02:00:00+00:00,57.232,57.622,57.197,57.502,1220
2025-12-29 06:00:00+00:00,57.492,58.193,57.371,58.087,4984
2025-12-29 10:00:00+00:00,58.092,58.372,57.832,58.202,4923
2025-12-29 14:00:00+00:00,58.192,58.402,57.971,58.121,8184
2025-12-29 18:00:00+00:00,58.131,58.301,57.89,57.94,3144
2025-12-29 22:00:00+00:00,57.949,58.039,57.714,58.009,1030
2025-12-30 02:00:00+00:00,58.014,58.309,57.939,58.229,1820
2025-12-30 06:00:00+00:00,58.224,58.548,58.033,58.468,4580
2025-12-30 10:00:00+00:00,58.458,58.578,58.258,58.477,4485
2025-12-30 14:00:00+00:00,58.467,58.578,58.036,58.116,5532
2025-12-30 18:00:00+00:00,58.126,58.176,57.985,58.07,1807
2025-12-30 22:00:00+00:00,58.04,58.065,57.914,57.924,714
