{
  "total_trades": 1671,
  "winners": 929,
  "losers": 742,
  "win_rate": 55.59545182525434,
  "total_r": 207.08822132649246,
  "gross_pnl": 458509.9379218729,
  "total_commissions": 9599.840000000002,
  "net_pnl": 448910.09792187286,
  "daily_dd_breaches": 46,
  "total_dd_breached": false,
  "safety_close_count": 853,
  "safety_close_pnl": 392954.7229968731,
  "final_balance": 508910.0979218727,
  "return_pct": 748.1834965364545
}