{
  "total_trades": 2679,
  "winners": 1950,
  "losers": 729,
  "win_rate": 72.78835386338186,
  "total_r": 367.22605414951016,
  "gross_pnl": 822603.0685160649,
  "total_commissions": 15132.360000000033,
  "net_pnl": 807470.7085160649,
  "daily_dd_breaches": 15,
  "total_dd_breached": false,
  "safety_close_count": 293,
  "safety_close_pnl": 38602.16842606509,
  "final_balance": 867470.7085160656,
  "return_pct": 1345.7845141934426
}