{
  "initial_balance": 60000,
  "final_balance": 948629.2936052202,
  "net_pnl": 888629.2936052202,
  "return_pct": 1481.0488226753669,
  "total_trades": 943,
  "winners": 623,
  "losers": 320,
  "win_rate": 66.06574761399789,
  "total_r": 76.91580520893109,
  "gross_pnl": 213416.04221930247,
  "total_commissions": 9390.92,
  "max_tdd_pct": 2.172492963976862,
  "max_ddd_pct": 4.156522536565873,
  "safety_events": 2,
  "trades_in_entry_queue": 0,
  "pending_orders": 1
}