symbol,direction,confluence,quality_factors,regime,signal_time,fill_time,fill_price,exit_time,exit_price,exit_reason,lot_size,risk_usd,commission,realized_pnl
GBP_NZD,bullish,14,4,False,2017-01-03 00:00:00,2017-01-03 04:00:00,1.7669205622,2017-01-03 17:45:00,1.7669205622,SL,0.18,180.0,0.72,20.880000000000003
CAD_JPY,bullish,14,4,False,2017-01-03 00:00:00,2017-01-03 00:00:00,87.36,2017-01-05 06:30:00,87.36,SL,0.15,180.0,0.6,21.0
XAU_USD,bearish,15,5,True,2017-01-03 00:00:00,2017-01-03 00:00:00,1150.96,2017-01-05 15:15:00,1181.4061085083315,SL,0.06,180.0,0.24,-181.57874617671538
AUD_NZD,bearish,15,5,True,2017-01-03 00:00:00,2017-01-03 00:00:00,1.03834,2017-01-10 11:45:00,1.0522343280630684,SL,0.22,180.0,0.88,-181.4257566385663
AUD_CHF,bearish,14,4,False,2017-01-03 00:00:00,2017-01-03 02:30:00,0.7380711,2017-01-11 06:45:00,0.7513076064207578,SL,0.14,180.0,0.56,-180.56
EUR_GBP,bullish,15,5,True,2017-01-03 00:00:00,2017-01-03 09:30:00,0.8479395245999999,2017-01-11 15:00:00,0.865125457593084,SL,0.09,180.0,0.36,206.63999999999987
GBP_CAD,bearish,15,5,True,2017-01-03 00:00:00,2017-01-03 00:00:00,1.6466774589,2017-01-11 16:15:00,1.5976813476923855,TP3,0.1,180.0,0.4,296.6
NZD_CAD,bearish,15,5,True,2017-01-03 00:00:00,2017-01-03 01:15:00,0.9334326835,2017-01-12 14:45:00,0.9334326835,SL,0.14,180.0,0.56,21.040000000000003
AUD_CAD,bearish,15,5,True,2017-01-03 00:00:00,2017-01-04 01:30:00,0.9721772671,2017-01-12 16:15:00,0.9862116787574713,SL,0.17,180.18791999999996,0.68,-180.86791999999997
GBP_JPY,bearish,15,5,True,2017-01-03 00:00:00,2017-01-03 07:30:00,144.89000751,2017-01-16 00:00:00,138.0873080863658,TP3,0.08,180.0,0.32,296.68000000000023
GBP_AUD,bearish,15,5,True,2017-01-03 00:00:00,2017-01-03 18:30:00,1.6833179763,2017-01-16 00:00:00,1.6187512846882866,TP3,0.09,180.18791999999996,0.36,296.95006799999993
USD_JPY,bullish,15,5,True,2017-01-13 00:00:00,2017-01-13 00:00:00,114.898,2017-01-17 09:15:00,113.04957337906755,SL,0.15,180.9088448988495,0.6,-184.17062028296763
EUR_USD,bearish,15,5,True,2017-01-11 00:00:00,2017-01-11 00:00:00,1.0529488,2017-01-17 11:00:00,1.0689682987751832,SL,0.11,179.83116436444956,0.44,-180.27116436444956
USD_CHF,bullish,15,5,True,2017-01-03 00:00:00,2017-01-03 00:00:00,1.0248523278,2017-01-17 11:15:00,1.0024287620026455,SL,0.08,180.0,0.32,-180.32
AUD_USD,bearish,15,5,True,2017-01-03 00:00:00,2017-01-05 16:00:00,0.735452459,2017-01-17 11:30:00,0.7556846023886533,SL,0.09,179.52031128440947,0.36,-179.8803112844095
GBP_USD,bearish,15,5,True,2017-01-03 00:00:00,2017-01-05 15:30:00,1.2371722340999998,2017-01-17 14:15:00,1.2371722340999998,SL,0.07,179.52031128440947,0.28,21.262437354129137
CAD_JPY,bullish,15,5,True,2017-01-11 00:00:00,2017-01-11 18:00:00,87.27817778999999,2017-01-18 17:15:00,85.84853137255794,SL,0.19,180.9856843644495,0.76,-181.7456843644495
GBP_USD,bearish,15,5,True,2017-01-18 00:00:00,2017-01-18 00:00:00,1.2383577437999997,2017-01-23 00:00:00,1.2383577437999997,SL,0.15,177.7822018794631,0.6,20.73386422553557
NZD_JPY,bullish,15,5,True,2017-01-03 00:00:00,2017-01-03 00:00:00,81.58076242,2017-01-23 10:00:00,81.58076242,SL,0.22,180.0,0.88,20.720000000000002
USD_JPY,bullish,15,5,True,2017-01-18 00:00:00,2017-01-18 21:00:00,115.03722350000001,2017-01-23 15:30:00,113.03833303592526,SL,0.13,176.33849549821286,0.52,-176.85849549821287
EUR_USD,bearish,15,5,True,2017-01-18 00:00:00,2017-01-18 20:00:00,1.0603487871,2017-01-23 21:30:00,1.0760791914559023,SL,0.11,176.33849549821286,0.44,-176.77849549821286
NZD_USD,bearish,15,5,True,2017-01-03 00:00:00,2017-01-11 18:00:00,0.7067027897,2017-01-24 15:00:00,0.7272572334885566,SL,0.09,180.9856843644495,0.36,-181.3456843644495
AUD_NZD,bullish,14,4,False,2017-01-11 00:00:00,2017-01-11 09:45:00,1.0529459369999998,2017-01-25 08:15:00,1.0400975051302683,SL,0.23,178.40052436444952,0.92,-179.3205243644495
CAD_CHF,bullish,15,5,True,2017-01-03 00:00:00,2017-01-19 09:30:00,0.7569852156,2017-01-31 15:45:00,0.7569852156,SL,0.12,176.73194651901514,0.48,20.727833582281818
EUR_USD,bearish,15,5,True,2017-01-24 00:00:00,2017-01-26 15:15:00,1.0627571891999998,2017-01-31 15:45:00,1.0810621154248048,SL,0.09,170.85884753905634,0.36,-171.21884753905636
NZD_JPY,bullish,15,5,True,2017-01-24 00:00:00,2017-01-24 00:00:00,81.96159713999998,2017-02-03 02:45:00,81.96159713999998,SL,0.18,173.5358936000473,0.72,20.10430723200568
EUR_JPY,bullish,14,4,False,2017-01-10 00:00:00,2017-01-17 07:00:00,120.67972262999999,2017-02-06 12:30:00,120.67972262999999,SL,0.1,184.30650074284952,0.4,21.716780089141945
AUD_NZD,bearish,15,5,True,2017-01-26 00:00:00,2017-02-01 17:00:00,1.0437397566,2017-02-09 03:45:00,1.059083688534022,SL,0.18,169.31355791120484,0.72,-170.03355791120484
GBP_JPY,bearish,15,5,True,2017-01-23 00:00:00,2017-01-23 14:30:00,141.88371252000002,2017-02-10 00:00:00,141.88371252000002,SL,0.08,176.71862651901515,0.32,20.886235182281816
CAD_JPY,bearish,15,5,True,2017-01-20 00:00:00,2017-01-25 14:00:00,86.72407264,2017-02-10 13:30:00,86.72407264,SL,0.19,170.28989772148722,0.76,19.674787726578465
AUD_JPY,bearish,15,5,True,2017-01-03 00:00:00,2017-01-03 15:00:00,85.46966818,2017-02-13 00:00:00,87.40355330844028,SL,0.14,180.19439999999997,0.56,-180.75439999999998
EUR_GBP,bullish,15,5,True,2017-01-12 00:00:00,2017-01-19 14:00:00,0.8617405463999999,2017-02-13 19:45:00,0.8460734691270901,SL,0.09,176.73194651901514,0.36,-177.09194651901515
EUR_AUD,bearish,15,5,True,2017-01-03 00:00:00,2017-01-03 00:00:00,1.4462913044999999,2017-02-14 22:15:00,1.3790692358543601,TP3,0.09,180.0,0.36,296.6400000000002
AUD_CHF,bullish,15,5,True,2017-01-24 00:00:00,2017-01-27 09:30:00,0.7516557408,2017-02-16 16:00:00,0.7677577888182217,SL,0.12,170.85884753905634,0.48,196.0076746699149
NZD_JPY,bullish,15,5,True,2017-02-13 00:00:00,2017-02-13 13:00:00,81.640745,2017-02-17 03:45:00,81.640745,SL,0.2,167.84054092375166,0.8,19.340864910850197
GBP_JPY,bullish,14,4,False,2017-02-13 00:00:00,2017-02-14 09:30:00,141.87944991,2017-02-27 00:00:00,139.1195791781368,SL,0.09,166.43036405049511,0.36,-166.79036405049513
EUR_GBP,bearish,15,5,True,2017-02-14 00:00:00,2017-02-16 15:00:00,0.8531273877,2017-02-27 08:00:00,0.8531273877,SL,0.09,169.2287698402591,0.36,19.947452380831095
CAD_CHF,bullish,15,5,True,2017-02-01 00:00:00,2017-02-01 03:00:00,0.7569852156,2017-02-28 15:45:00,0.7569852156,SL,0.12,169.31355791120484,0.48,19.837626949344582
AUD_CHF,bullish,15,5,True,2017-02-17 00:00:00,2017-02-17 00:00:00,0.7690527329999999,2017-02-28 23:45:00,0.7690527329999999,SL,0.13,170.07020113557746,0.52,19.888424136269297
USD_JPY,bearish,15,5,True,2017-02-07 00:00:00,2017-02-09 16:30:00,113.24560859,2017-03-01 01:00:00,113.24560859,SL,0.1,169.29419188120755,0.4,19.915303025744908
CAD_CHF,bullish,14,4,False,2017-03-01 00:00:00,2017-03-01 00:00:00,0.75624,2017-03-01 15:30:00,0.75624,SL,0.36,169.09892847500862,1.44,18.851871417001032
AUD_USD,bullish,15,5,True,2017-02-13 00:00:00,2017-02-13 15:30:00,0.7631806185,2017-03-02 09:15:00,0.7631806185,SL,0.15,167.84054092375166,0.6,19.540864910850196
NZD_USD,bullish,15,5,True,2017-02-13 00:00:00,2017-02-13 00:00:00,0.7212985499999999,2017-03-02 17:45:00,0.7054982042692145,SL,0.11,169.46733052375166,0.44,-169.90733052375165
NZD_JPY,bullish,15,5,True,2017-02-27 00:00:00,2017-02-27 18:30:00,81.39133432,2017-03-03 01:00:00,80.57009029193566,SL,0.31,168.9250907477769,1.24,-170.1650907477769
XAG_USD,bullish,15,5,True,2017-03-03 00:00:00,2017-03-03 00:00:00,17.83027,2017-03-03 08:00:00,17.69263858389147,SL,0.24,167.91286844105548,0.96,-166.27992480862662
EUR_CAD,bearish,15,5,True,2017-01-03 00:00:00,2017-01-19 09:00:00,1.4145108851000001,2017-03-03 11:00:00,1.4145108851000001,SL,0.08,176.53754651901514,0.32,20.864505582281815
USD_CHF,bearish,15,5,True,2017-01-31 00:00:00,2017-02-03 13:30:00,0.9985212452999999,2017-03-07 13:45:00,1.0163540214266769,SL,0.1,169.67572469622863,0.4,-170.07572469622863
EUR_NZD,bearish,15,5,True,2017-01-12 00:00:00,2017-03-03 11:30:00,1.5020445972,2017-03-08 15:15:00,1.525214420549499,SL,0.12,164.88198330104782,0.48,-165.36198330104781
CAD_CHF,bullish,14,4,False,2017-03-02 00:00:00,2017-03-02 01:00:00,0.7562897688999999,2017-03-08 18:30:00,0.7516029586024398,SL,0.36,169.4474344157692,1.44,-170.8874344157692
AUD_USD,bullish,15,5,True,2017-03-06 00:00:00,2017-03-06 09:00:00,0.7640413761,2017-03-09 02:30:00,0.7518144864036208,SL,0.13,164.88198330104782,0.52,-165.40198330104784
AUD_CHF,bullish,15,5,True,2017-03-01 00:00:00,2017-03-01 00:00:00,0.7731159078,2017-03-09 09:30:00,0.760811185694492,SL,0.14,169.09892847500862,0.56,-169.65892847500862
EUR_GBP,bullish,14,4,False,2017-02-28 00:00:00,2017-02-28 00:00:00,0.85089,2017-03-10 16:15:00,0.8770539759034695,TP3,0.12,168.9250907477769,0.48,282.0584445730964
EUR_CHF,bearish,15,5,True,2017-01-03 00:00:00,2017-01-03 01:45:00,1.0674937100000002,2017-03-10 16:45:00,1.0779780754411987,SL,0.17,180.0,0.68,-180.68
EUR_USD,bearish,15,5,True,2017-02-07 00:00:00,2017-02-07 00:00:00,1.0695257388000001,2017-03-10 20:00:00,1.0695257388000001,SL,0.1,170.04689390240836,0.4,20.005627268289004
USD_CHF,bullish,15,5,True,2017-03-08 00:00:00,2017-03-09 18:00:00,1.0117927749,2017-03-15 19:00:00,0.9995028051000722,SL,0.13,158.03926520537635,0.52,-158.55926520537636
AUD_CHF,bullish,15,5,True,2017-03-10 00:00:00,2017-03-10 13:15:00,0.7654232122,2017-03-21 16:15:00,0.7654232122,SL,0.15,158.03926520537635,0.6,18.36471182464516
GBP_CAD,bearish,15,5,True,2017-01-18 00:00:00,2017-01-19 08:00:00,1.6307059776,2017-03-21 18:00:00,1.6676939101808215,SL,0.06,176.33849549821286,0.24,-176.57849549821287
AUD_JPY,bullish,15,5,True,2017-02-14 00:00:00,2017-02-17 09:00:00,86.75733653999998,2017-03-22 08:45:00,85.15112038197968,SL,0.16,170.06300113557745,0.64,-170.70300113557744
AUD_USD,bullish,15,5,True,2017-03-10 00:00:00,2017-03-13 15:30:00,0.7640413761,2017-03-22 09:00:00,0.7640413761,SL,0.09,158.03587571649618,0.36,18.604305085979544
USD_JPY,bullish,15,5,True,2017-03-02 00:00:00,2017-03-15 19:45:00,113.28990737999999,2017-03-22 13:00:00,111.13376448432919,SL,0.11,156.95106442972482,0.44,-157.39106442972482
AUD_CHF,bullish,15,5,True,2017-03-22 00:00:00,2017-03-22 08:00:00,0.7602727340000001,2017-03-24 08:00:00,0.7560640632946912,SL,0.37,156.55553589395254,1.48,-158.03553589395253
XAU_USD,bullish,15,5,True,2017-02-03 00:00:00,2017-03-09 04:00:00,1204.8961044177245,2017-03-27 00:30:00,1254.5691476350296,TP3,0.07,158.836439169621,0.28,261.80012462987463
EUR_AUD,bearish,15,5,True,2017-02-15 00:00:00,2017-03-03 11:45:00,1.3960099546,2017-03-27 07:00:00,1.4256556479374203,SL,0.09,164.88198330104782,0.36,-165.24198330104784
CAD_CHF,bearish,15,5,True,2017-03-22 00:00:00,2017-03-22 00:00:00,0.7426990639000001,2017-03-28 18:00:00,0.7426990639000001,SL,0.19,156.55553589395254,0.76,18.026664307274302
GBP_CAD,bullish,15,5,True,2017-03-22 00:00:00,2017-03-22 14:30:00,1.6621349480999998,2017-03-28 23:45:00,1.6621349480999998,SL,0.09,153.770992658168,0.36,18.09251911898016
EUR_USD,bullish,14,4,False,2017-03-13 00:00:00,2017-03-14 17:45:00,1.062324597,2017-03-29 06:30:00,1.0793711842397586,SL,0.1,158.03587571649618,0.4,181.34125707397072
CAD_CHF,bearish,15,5,True,2017-03-29 00:00:00,2017-03-29 00:00:00,0.7400270312,2017-03-30 15:30:00,0.7508052842623291,SL,0.14,153.55038992425048,0.56,-154.11038992425048
NZD_CAD,bullish,15,5,True,2017-01-13 00:00:00,2017-03-09 06:00:00,0.9302594564999999,2017-03-31 12:30:00,0.9302594564999999,SL,0.16,158.836439169621,0.64,18.42037270035452
AUD_CHF,bullish,15,5,True,2017-03-27 00:00:00,2017-03-28 18:00:00,0.7602727340000001,2017-04-03 08:45:00,0.7602727340000001,SL,0.26,153.56046992425047,1.04,17.387256390910057
AUD_CHF,bullish,15,5,True,2017-04-04 00:00:00,2017-04-04 00:30:00,0.7602727340000001,2017-04-04 12:45:00,0.7560748245456891,SL,0.37,153.42416938239188,1.48,-154.90416938239187
EUR_CAD,bullish,14,4,False,2017-03-14 00:00:00,2017-03-31 19:15:00,1.4185379024999998,2017-04-07 13:00:00,1.4185379024999998,SL,0.07,153.26799372836527,0.28,18.11215924740383
XAG_USD,bearish,14,4,False,2017-03-06 00:00:00,2017-03-27 13:00:00,18.070279038906097,2017-04-11 13:00:00,18.070279038906097,SL,0.06,153.56046992425047,0.24,18.187256390910058
EUR_JPY,bearish,15,5,True,2017-02-07 00:00:00,2017-03-09 09:30:00,121.37577946,2017-04-11 14:45:00,116.57316963359413,TP3,0.1,158.836439169621,0.4,261.6801246298745
GBP_AUD,bearish,15,5,True,2017-01-24 00:00:00,2017-01-25 19:15:00,1.6719521504,2017-04-12 14:30:00,1.6719521504,SL,0.05,170.48076822372775,0.2,20.257692186847333
AUD_USD,bullish,15,5,True,2017-03-23 00:00:00,2017-03-23 08:00:00,0.7628751185999998,2017-04-12 17:30:00,0.7473479798175084,SL,0.1,153.770992658168,0.4,-154.17099265816802
EUR_NZD,bullish,15,5,True,2017-03-28 00:00:00,2017-03-29 07:15:00,1.5379822329,2017-04-13 12:15:00,1.5170925414586003,SL,0.12,154.32906750904712,0.48,-154.8090675090471
NZD_CHF,bearish,15,5,True,2017-03-30 00:00:00,2017-04-13 10:15:00,0.7041029999999999,2017-04-14 20:30:00,0.7041029999999999,SL,0.52,154.3621657436775,2.08,16.443459889241304
EUR_GBP,bullish,15,5,True,2017-03-13 00:00:00,2017-03-23 09:30:00,0.8627639178,2017-04-18 10:30:00,0.843414655912454,SL,0.06,153.770992658168,0.24,-154.01099265816802
USD_CAD,bearish,14,4,False,2017-01-05 00:00:00,2017-03-02 15:15:00,1.3388254339999999,2017-04-18 15:30:00,1.3388254339999999,SL,0.09,169.44203441576923,0.36,19.97304412989231
GBP_NZD,bullish,15,5,True,2017-03-28 00:00:00,2017-03-29 00:00:00,1.7674760733,2017-04-18 17:30:00,1.832654552329089,TP3,0.08,153.55038992425048,0.32,253.03814337501353
GBP_CAD,bullish,15,5,True,2017-03-29 00:00:00,2017-03-29 00:00:00,1.6653553499999998,2017-04-18 17:30:00,1.7198725009864297,TP3,0.08,153.55038992425048,0.32,253.0381433750136
AUD_JPY,bearish,15,5,True,2017-03-23 00:00:00,2017-03-31 00:45:00,85.6545949,2017-04-19 01:30:00,81.65314860486042,TP3,0.12,153.27375372836525,0.48,252.42169365180294
AUD_CHF,bullish,15,5,True,2017-04-10 00:00:00,2017-04-10 00:15:00,0.7602727340000001,2017-04-19 01:30:00,0.7516017348449662,SL,0.18,153.2452750066543,0.72,-153.9652750066543
NZD_CAD,bearish,15,5,True,2017-04-10 00:00:00,2017-04-13 19:00:00,0.9327647797999999,2017-04-19 22:45:00,0.9466566065521035,SL,0.15,152.96888413609608,0.6,-153.56888413609607
EUR_AUD,bearish,15,5,True,2017-04-05 00:00:00,2017-04-05 00:00:00,1.4079826702,2017-04-20 08:45:00,1.4318930555888647,SL,0.1,153.0822655734277,0.4,-153.4822655734277
XAG_USD,bullish,15,5,True,2017-04-18 00:00:00,2017-04-18 13:45:00,18.302576281642914,2017-04-20 15:45:00,17.945969911456622,SL,0.09,151.89661076229393,0.36,-152.25661076229395
EUR_CHF,bearish,15,5,True,2017-03-14 00:00:00,2017-03-14 00:00:00,1.07324,2017-04-24 00:00:00,1.07324,SL,0.14,158.03587571649618,0.56,18.404305085979544
EUR_NZD,bearish,15,5,True,2017-04-14 00:00:00,2017-04-14 00:00:00,1.51782,2017-04-24 00:00:00,1.5400083210952054,SL,0.11,152.96888413609608,0.44,-153.88548980166468
EUR_JPY,bearish,15,5,True,2017-04-18 00:00:00,2017-04-20 07:30:00,117.02271615000001,2017-04-24 00:00:00,119.50907694647427,SL,0.09,155.52318986026813,0.36,-155.88318986026815
NZD_CHF,bullish,15,5,True,2017-04-17 00:00:00,2017-04-17 06:30:00,0.7041675813,2017-04-25 07:00:00,0.6936769379632374,SL,0.15,153.11687527509923,0.6,-153.71687527509923
CHF_JPY,bearish,15,5,True,2017-01-13 00:00:00,2017-01-13 19:00:00,112.33694829,2017-04-26 15:15:00,112.33694829,SL,0.07,180.9088448988495,0.28,21.42906138786194
GBP_JPY,bearish,15,5,True,2017-02-28 00:00:00,2017-04-24 00:00:00,141.04298925999998,2017-04-27 07:00:00,143.60897218926954,SL,0.09,152.94093460399205,0.36,-153.30093460399206
AUD_USD,bullish,15,5,True,2017-04-13 00:00:00,2017-04-13 00:00:00,0.7552843213999999,2017-04-27 13:30:00,0.7453184341802791,SL,0.15,154.17916834650845,0.6,-154.77916834650844
GBP_CHF,bearish,15,5,True,2017-01-03 00:00:00,2017-04-18 10:45:00,1.2672251146,2017-04-28 14:45:00,1.2878139204293408,SL,0.07,151.89661076229393,0.28,-152.17661076229393
EUR_AUD,bullish,15,5,True,2017-04-21 00:00:00,2017-04-21 16:30:00,1.4170016595,2017-05-03 18:45:00,1.4676119368932712,TP3,0.1,152.94093460399205,0.4,251.95254209658663
USD_JPY,bearish,15,5,True,2017-04-12 00:00:00,2017-04-25 08:00:00,110.43116352999999,2017-05-03 19:15:00,112.6778681745266,SL,0.1,149.0948770283034,0.4,-149.4948770283034
XAU_USD,bullish,15,5,True,2017-04-25 00:00:00,2017-04-25 16:15:00,1263.0140310461425,2017-05-04 11:00:00,1232.6123665867983,SL,0.05,149.7555818657926,0.2,-149.9555818657926
EUR_USD,bullish,14,4,False,2017-04-19 00:00:00,2017-04-21 16:30:00,1.06840746,2017-05-05 14:15:00,1.0992060799927454,TP3,0.1,152.94093460399205,0.4,251.95254209658654
AUD_USD,bearish,15,5,True,2017-04-28 00:00:00,2017-05-01 08:00:00,0.7507912595999999,2017-05-10 11:15:00,0.7388134316017827,SL,0.13,146.27145627986675,0.52,167.69217472184644
NZD_CAD,bullish,15,5,True,2017-04-26 00:00:00,2017-04-26 12:00:00,0.9359282393999999,2017-05-10 21:00:00,0.9359282393999999,SL,0.12,150.41628670328186,0.48,17.569954404393823
NZD_CAD,bullish,14,4,False,2017-05-11 00:00:00,2017-05-11 00:00:00,0.9377441578,2017-05-11 09:30:00,0.9377441578,SL,0.43,149.45501976975007,1.72,16.21460237237001
USD_CAD,bullish,15,5,True,2017-04-19 00:00:00,2017-04-19 00:00:00,1.33844,2017-05-15 09:45:00,1.361700487537626,SL,0.1,156.84688031981983,0.4,181.94392374620637
USD_CHF,bullish,14,4,False,2017-04-03 00:00:00,2017-04-18 17:00:00,0.9972035114999999,2017-05-15 12:15:00,0.9972035114999999,SL,0.1,153.22004613123943,0.4,17.986405535748734
GBP_CHF,bullish,15,5,True,2017-05-01 00:00:00,2017-05-01 00:00:00,1.28608,2017-05-15 13:45:00,1.28608,SL,0.09,146.27145627986675,0.36,17.19257475358401
NZD_CAD,bullish,14,4,False,2017-05-12 00:00:00,2017-05-12 00:45:00,0.93612585,2017-05-16 11:45:00,0.93612585,SL,0.31,149.6009511911014,1.24,16.71211414293217
EUR_GBP,bearish,15,5,True,2017-04-19 00:00:00,2017-04-24 00:00:00,0.8438247347000001,2017-05-16 12:45:00,0.8590562262498971,SL,0.08,152.94093460399205,0.32,-153.26093460399204
USD_JPY,bullish,14,4,False,2017-05-10 00:00:00,2017-05-16 23:00:00,112.74916712999999,2017-05-17 21:30:00,110.62883912943771,SL,0.11,149.63835343340435,0.44,-150.07835343340435
NZD_CAD,bullish,14,4,False,2017-05-17 00:00:00,2017-05-17 00:00:00,0.9393397,2017-05-18 14:45:00,0.9393397,SL,0.25,149.63835343340435,1.0,16.95660241200852
GBP_CAD,bullish,15,5,True,2017-05-02 00:00:00,2017-05-16 11:45:00,1.7539501400999997,2017-05-22 07:15:00,1.7539501400999997,SL,0.06,150.70666283666085,0.24,17.844799540399304
NZD_CAD,bearish,15,5,True,2017-05-19 00:00:00,2017-05-19 00:00:00,0.93738,2017-05-24 11:30:00,0.9500059871726618,SL,0.16,148.60302087007537,0.64,-152.82250009986637
USD_CAD,bullish,15,5,True,2017-05-16 00:00:00,2017-05-16 00:00:00,1.36306,2017-05-24 18:00:00,1.3422681440118729,SL,0.1,150.70666283666085,0.4,-153.3464538196893
EUR_USD,bullish,15,5,True,2017-05-08 00:00:00,2017-05-08 00:00:00,1.0978418999999997,2017-05-29 22:00:00,1.1141670854311236,SL,0.1,147.62575214428784,0.4,169.36961496593094
EUR_JPY,bullish,15,5,True,2017-05-16 00:00:00,2017-05-17 13:15:00,124.10367722999997,2017-05-29 22:00:00,124.10367722999997,SL,0.1,149.63835343340435,0.4,17.556602412008523
NZD_CHF,bearish,15,5,True,2017-04-26 00:00:00,2017-05-09 12:00:00,0.6933127563,2017-05-31 01:00:00,0.6933127563,SL,0.11,148.574498411343,0.44,17.38893980936116
GBP_JPY,bullish,14,4,False,2017-05-10 00:00:00,2017-05-17 06:30:00,145.01090528999998,2017-05-31 08:30:00,141.67872581406672,SL,0.07,149.63835343340435,0.28,-149.91835343340435
AUD_NZD,bullish,15,5,True,2017-02-22 00:00:00,2017-05-25 14:45:00,1.0591755098999998,2017-06-02 13:45:00,1.0398270567467809,SL,0.13,146.64469295577078,0.52,-147.1646929557708
XAG_USD,bearish,14,4,False,2017-05-16 00:00:00,2017-05-16 18:30:00,16.82695777738571,2017-06-05 00:15:00,17.587315858559332,SL,0.04,149.63835343340435,0.16,-149.79835343340434
NZD_CAD,bullish,15,5,True,2017-05-25 00:00:00,2017-05-25 00:00:00,0.9463788122999999,2017-06-05 03:45:00,0.9599452436357415,SL,0.16,146.4830835340627,0.64,167.8155460641719
USD_CAD,bullish,15,5,True,2017-05-30 00:00:00,2017-05-30 17:45:00,1.3456661784,2017-06-06 06:00:00,1.3456661784,SL,0.19,147.68761985155066,0.76,16.96251438218608
AUD_USD,bearish,15,5,True,2017-05-11 00:00:00,2017-05-12 08:00:00,0.7396119968,2017-06-06 13:30:00,0.7517503173269097,SL,0.12,149.6009511911014,0.48,-150.08095119110138
AUD_CHF,bearish,15,5,True,2017-04-20 00:00:00,2017-04-20 00:00:00,0.74816,2017-06-07 07:15:00,0.7286085265708446,SL,0.09,155.52318986026813,0.36,179.2806930378791
GBP_CAD,bearish,15,5,True,2017-05-23 00:00:00,2017-05-23 00:00:00,1.7486647599,2017-06-07 14:30:00,1.7486647599,SL,0.05,149.23860411933867,0.2,17.70863249432064
GBP_USD,bullish,14,4,False,2017-02-07 00:00:00,2017-03-01 11:15:00,1.2338371934999999,2017-06-08 21:00:00,1.2726965780772816,SL,0.05,169.09532847500859,0.2,194.2596277462601
GBP_AUD,bullish,15,5,True,2017-05-09 00:00:00,2017-05-23 06:00:00,1.7313670866,2017-06-08 21:00:00,1.6914130864874355,SL,0.06,149.23860411933867,0.24,-149.47860411933868
GBP_CAD,bullish,14,4,False,2017-06-08 00:00:00,2017-06-08 00:00:00,1.75247,2017-06-08 21:00:00,1.726411753420003,SL,0.07,145.91061348197417,0.28,-150.70442336944672
XAG_USD,bullish,14,4,False,2017-06-06 00:00:00,2017-06-08 14:00:00,17.36021327545166,2017-06-12 15:15:00,16.915412455739087,SL,0.07,145.91061348197417,0.28,-146.19061348197417
AUD_CHF,bearish,15,5,True,2017-06-08 00:00:00,2017-06-08 00:00:00,0.7267698303,2017-06-14 08:15:00,0.7341117843923736,SL,0.2,145.91061348197417,0.8,-146.71061348197418
NZD_CHF,bearish,15,5,True,2017-06-01 00:00:00,2017-06-01 09:00:00,0.6871183042000001,2017-06-14 10:00:00,0.7038375577474458,SL,0.09,147.81681026374045,0.36,-148.17681026374046
USD_CAD,bullish,15,5,True,2017-06-07 00:00:00,2017-06-07 00:00:00,1.3508067917999997,2017-06-14 12:30:00,1.3184434436198027,SL,0.06,145.1387124698787,0.24,-145.3787124698787
NZD_CAD,bullish,15,5,True,2017-06-06 00:00:00,2017-06-13 12:30:00,0.9559203224999999,2017-06-15 03:00:00,0.9559203224999999,SL,0.1,142.7284725891886,0.4,16.727416710702634
USD_CHF,bearish,15,5,True,2017-05-16 00:00:00,2017-05-16 00:00:00,0.99605,2017-06-15 14:00:00,0.976376590223425,SL,0.09,150.70666283666085,0.36,174.01032555892797
XAU_USD,bullish,15,5,True,2017-06-06 00:00:00,2017-06-09 12:30:00,1271.1009340722655,2017-06-19 07:00:00,1250.37024175126,SL,0.07,144.0441881105264,0.28,-144.3241881105264
XAG_USD,bearish,15,5,True,2017-06-13 00:00:00,2017-06-14 13:00:00,17.298606189956665,2017-06-23 08:00:00,16.75319606620105,SL,0.06,138.7660773632483,0.24,159.34098896773557
NZD_JPY,bearish,15,5,True,2017-03-06 00:00:00,2017-06-16 06:30:00,80.33685322,2017-06-27 08:00:00,81.78080211960386,SL,0.15,139.81876842790928,0.6,-140.41876842790927
NZD_CHF,bearish,15,5,True,2017-06-27 00:00:00,2017-06-27 04:30:00,0.7093839332999999,2017-06-27 08:00:00,0.7138686193826452,SL,0.31,139.80405227207186,1.24,-141.04405227207187
USD_CHF,bullish,14,4,False,2017-06-16 00:00:00,2017-06-19 08:15:00,0.9718988375999998,2017-06-28 06:15:00,0.9589290473773547,SL,0.11,138.51985073491457,0.44,-138.95985073491457
EUR_JPY,bullish,14,4,False,2017-05-30 00:00:00,2017-05-30 00:00:00,124.10367722999997,2017-06-28 12:15:00,126.65142983613973,SL,0.1,147.52941812133386,0.4,169.25883083953372
GBP_JPY,bearish,15,5,True,2017-06-01 00:00:00,2017-06-27 19:00:00,144.00200185,2017-07-03 07:30:00,146.75081314302602,SL,0.07,137.4302186573431,0.28,-137.7102186573431
NZD_CAD,bullish,15,5,True,2017-06-16 00:00:00,2017-06-28 09:45:00,0.9533194500000001,2017-07-05 07:30:00,0.9409270568125147,SL,0.15,136.9667744505653,0.6,-137.5667744505653
CAD_JPY,bearish,14,4,False,2017-02-23 00:00:00,2017-06-28 18:00:00,86.27458537000001,2017-07-07 12:30:00,87.9042713823053,SL,0.13,137.85596166548416,0.52,-138.37596166548417
CAD_CHF,bearish,15,5,True,2017-04-19 00:00:00,2017-07-04 13:30:00,0.7455466743,2017-07-12 16:15:00,0.7577318188150096,SL,0.11,136.61656969756805,0.44,-137.05656969756805
AUD_CAD,bullish,14,4,False,2017-01-13 00:00:00,2017-07-07 15:15:00,0.9776009261999998,2017-07-12 16:15:00,0.9776009261999998,SL,0.12,134.13308507252364,0.48,15.615970208702837
AUD_CHF,bearish,15,5,True,2017-06-27 00:00:00,2017-06-27 00:00:00,0.7337425116999999,2017-07-13 09:30:00,0.7461509565533302,SL,0.11,139.80405227207186,0.44,-140.24405227207185
NZD_CAD,bearish,15,5,True,2017-07-12 00:00:00,2017-07-12 11:15:00,0.9365312329,2017-07-13 11:15:00,0.9365312329,SL,0.1,134.9134704169775,0.4,15.789616450037302
GBP_USD,bearish,15,5,True,2017-06-09 00:00:00,2017-06-27 19:00:00,1.2824075012,2017-07-14 13:45:00,1.3030317677287753,SL,0.07,137.4302186573431,0.28,-137.7102186573431
NZD_JPY,bullish,15,5,True,2017-07-11 00:00:00,2017-07-11 23:30:00,82.11411192,2017-07-17 22:45:00,82.11411192,SL,0.13,134.9134704169775,0.52,15.669616450037303
AUD_JPY,bullish,14,4,False,2017-04-25 00:00:00,2017-04-25 06:45:00,84.05211755,2017-07-18 09:15:00,89.12926459308379,TP3,0.09,150.47832890577925,0.36,247.92924269453593
AUD_NZD,bearish,15,5,True,2017-06-05 00:00:00,2017-07-11 23:30:00,1.0580282153,2017-07-19 15:30:00,1.0802494931549702,SL,0.1,134.9134704169775,0.4,-135.3134704169775
AUD_CAD,bearish,15,5,True,2017-07-13 00:00:00,2017-07-14 07:00:00,0.9874375821000001,2017-07-20 01:30:00,1.0047626322613195,SL,0.1,133.49703084427472,0.4,-133.89703084427472
NZD_CAD,bearish,15,5,True,2017-07-14 00:00:00,2017-07-14 12:45:00,0.9365312329,2017-07-21 10:30:00,0.9365312329,SL,0.09,133.64545548042466,0.36,15.677454657650959
GBP_AUD,bearish,15,5,True,2017-06-21 00:00:00,2017-06-27 19:00:00,1.6921662321,2017-07-26 01:30:00,1.6498695554380547,SL,0.05,137.4302186573431,0.2,157.84475145594462
EUR_CHF,bullish,15,5,True,2017-04-25 00:00:00,2017-05-03 09:45:00,1.0796575304999998,2017-07-26 07:45:00,1.1102008236099805,TP3,0.1,147.1114843924879,0.4,242.3339492476056
USD_CHF,bearish,15,5,True,2017-06-29 00:00:00,2017-07-03 15:15:00,0.9639012352,2017-07-27 15:15:00,0.9639012352,SL,0.09,136.61656969756805,0.36,16.03398836370817
NZD_CHF,bullish,14,4,False,2017-06-28 00:00:00,2017-07-11 23:30:00,0.6955346915999999,2017-07-28 00:45:00,0.7279895399510651,TP3,0.09,134.9134704169775,0.36,222.24722618801292
XAU_USD,bearish,14,4,False,2017-07-11 00:00:00,2017-07-17 11:30:00,1234.2863166955567,2017-07-28 12:30:00,1265.544481319415,SL,0.04,132.40606351250858,0.16,-132.56606351250858
CAD_JPY,bullish,15,5,True,2017-07-25 00:00:00,2017-07-27 17:30:00,88.58320228000001,2017-07-31 00:15:00,88.58320228000001,SL,0.28,135.64521215079992,1.12,15.15742545809599
CAD_JPY,bullish,15,5,True,2017-08-01 00:00:00,2017-08-01 08:00:00,88.58320228000001,2017-08-01 14:15:00,87.99726305441136,SL,0.35,136.1490923329614,1.4,-137.5490923329614
NZD_JPY,bullish,15,5,True,2017-07-18 00:00:00,2017-07-18 00:00:00,82.11411192,2017-08-01 22:45:00,82.11411192,SL,0.13,132.54572060442743,0.52,15.385486472531293
NZD_JPY,bullish,15,5,True,2017-08-02 00:00:00,2017-08-02 04:30:00,82.40391597,2017-08-02 23:30:00,82.01005493938763,SL,0.51,134.90647050196475,2.04,-136.94647050196474
USD_CHF,bearish,15,5,True,2017-07-28 00:00:00,2017-07-28 00:45:00,0.9654114621,2017-08-04 12:45:00,0.9738680988802438,SL,0.16,135.7909284017579,0.64,-136.43092840175788
NZD_JPY,bullish,15,5,True,2017-08-03 00:00:00,2017-08-04 12:30:00,82.40391597,2017-08-07 08:30:00,81.62529840880158,SL,0.26,134.85628672548822,1.04,-135.8962867254882
GBP_USD,bullish,15,5,True,2017-07-17 00:00:00,2017-07-20 07:30:00,1.2985494651,2017-08-08 14:00:00,1.2985494651,SL,0.06,132.28285074110886,0.24,15.633942088933063
EUR_JPY,bullish,15,5,True,2017-07-11 00:00:00,2017-07-13 09:45:00,128.72297079,2017-08-09 02:00:00,128.72297079,SL,0.07,132.70485791535143,0.28,15.644582949842171
EUR_CHF,bullish,15,5,True,2017-07-27 00:00:00,2017-07-27 00:00:00,1.11626,2017-08-09 03:45:00,1.136316978734264,SL,0.07,134.9224545907234,0.28,153.98767558631826
EUR_NZD,bullish,15,5,True,2017-04-25 00:00:00,2017-06-14 14:45:00,1.5412615076999998,2017-08-11 01:15:00,1.6214306022957188,TP3,0.06,138.7660773632483,0.24,228.72402764935944
NZD_CHF,bullish,15,5,True,2017-07-31 00:00:00,2017-08-07 13:00:00,0.7151549246999999,2017-08-11 01:15:00,0.6983794627244428,SL,0.08,132.55098657900652,0.32,-132.8709865790065
AUD_JPY,bullish,15,5,True,2017-07-19 00:00:00,2017-08-03 19:45:00,87.38125259999998,2017-08-11 03:30:00,85.48212292089075,SL,0.11,134.85628672548822,0.44,-135.29628672548822
GBP_USD,bullish,14,4,False,2017-08-09 00:00:00,2017-08-09 00:00:00,1.2998752834,2017-08-15 08:30:00,1.2925273766888035,SL,0.18,132.54882657900652,0.72,-133.26882657900651
XAG_USD,bearish,15,5,True,2017-06-26 00:00:00,2017-08-10 06:00:00,17.041862044525146,2017-08-16 18:15:00,17.041862044525146,SL,0.04,133.34917636073436,0.16,15.84190116328812
EUR_JPY,bullish,15,5,True,2017-08-10 00:00:00,2017-08-10 00:00:00,129.494,2017-08-16 23:45:00,129.494,SL,0.14,133.20361440449346,0.56,15.424433728539215
USD_CHF,bullish,14,4,False,2017-08-07 00:00:00,2017-08-11 03:15:00,0.9609590507999999,2017-08-17 17:00:00,0.9609590507999999,SL,0.07,133.462516912606,0.28,15.735502029512718
AUD_JPY,bullish,15,5,True,2017-08-14 00:00:00,2017-08-14 00:00:00,86.51178739999999,2017-08-17 19:30:00,86.51178739999999,SL,0.15,132.2448503320766,0.6,15.269382039849193
EUR_JPY,bullish,15,5,True,2017-08-17 00:00:00,2017-08-17 00:00:00,129.44053505,2017-08-17 19:45:00,128.51267750471644,SL,0.21,131.61379186351627,0.84,-132.45379186351627
AUD_CAD,bullish,15,5,True,2017-07-21 00:00:00,2017-07-21 14:45:00,0.9918200279999999,2017-08-22 12:30:00,0.9918200279999999,SL,0.1,132.5660813659102,0.4,15.507929763909223
USD_JPY,bearish,15,5,True,2017-05-24 00:00:00,2017-06-27 15:45:00,112.39620495,2017-08-23 00:00:00,109.81250846139577,SL,0.09,137.4302186573431,0.36,157.6847514559443
NZD_CHF,bullish,15,5,True,2017-08-14 00:00:00,2017-08-14 00:00:00,0.7080389552999999,2017-08-24 06:15:00,0.6947525493842278,SL,0.1,132.2448503320766,0.4,-132.6448503320766
AUD_JPY,bullish,15,5,True,2017-08-18 00:00:00,2017-08-18 16:30:00,87.15006398,2017-08-24 06:15:00,86.01525667090372,SL,0.17,131.0074862813443,0.68,-131.68748628134432
AUD_CAD,bearish,15,5,True,2017-08-23 00:00:00,2017-08-23 12:30:00,0.9949700306,2017-08-28 17:00:00,0.9949700306,SL,0.15,132.26317368866168,0.6,15.271580842639402
CAD_JPY,bullish,15,5,True,2017-08-22 00:00:00,2017-08-23 12:15:00,86.61313914,2017-08-28 22:15:00,86.61313914,SL,0.13,132.26317368866168,0.52,15.351580842639402
USD_JPY,bearish,15,5,True,2017-08-24 00:00:00,2017-08-24 19:45:00,109.55328896,2017-08-29 18:30:00,109.55328896,SL,0.13,130.02702688672463,0.52,15.083243226406955
NZD_CAD,bearish,14,4,False,2017-07-24 00:00:00,2017-07-26 19:00:00,0.9365312329,2017-08-31 12:45:00,0.8971878147274429,TP3,0.1,134.779589111923,0.4,221.986322034673
EUR_AUD,bullish,15,5,True,2017-05-04 00:00:00,2017-07-18 03:15:00,1.4607786354,2017-09-01 12:30:00,1.4955604258535857,SL,0.06,132.54572060442743,0.24,152.1875786950917
EUR_JPY,bullish,15,5,True,2017-08-21 00:00:00,2017-08-21 20:30:00,129.44053505,2017-09-05 16:45:00,129.44053505,SL,0.09,131.0074862813443,0.36,15.360898353761318
GBP_USD,bearish,15,5,True,2017-08-22 00:00:00,2017-08-22 00:00:00,1.2877910283,2017-09-06 14:00:00,1.3058816547817398,SL,0.07,131.0074862813443,0.28,-131.28748628134431
USD_JPY,bullish,14,4,False,2017-08-30 00:00:00,2017-09-01 12:30:00,109.56747179999999,2017-09-08 05:00:00,107.83175601442834,SL,0.11,132.70307002499754,0.44,-133.14307002499754
GBP_NZD,bearish,15,5,True,2017-06-06 00:00:00,2017-09-07 06:00:00,1.8166145636,2017-09-08 19:00:00,1.8166145636,SL,0.06,133.02206935555142,0.24,15.722648322666169
CAD_JPY,bullish,15,5,True,2017-08-29 00:00:00,2017-08-29 00:00:00,87.07648434,2017-09-08 19:15:00,88.65199167377997,SL,0.14,131.15515279229672,0.56,150.268425711141
NZD_JPY,bearish,15,5,True,2017-08-29 00:00:00,2017-08-29 12:00:00,79.185085,2017-09-11 17:15:00,79.185085,SL,0.18,131.15515279229672,0.72,15.018618335075606
USD_JPY,bearish,15,5,True,2017-09-11 00:00:00,2017-09-11 13:15:00,108.84902,2017-09-13 14:15:00,110.48397331808195,SL,0.12,132.75312740145628,0.48,-133.23312740145627
GBP_AUD,bearish,15,5,True,2017-08-02 00:00:00,2017-08-03 08:30:00,1.6726659236,2017-09-14 12:30:00,1.6726659236,SL,0.04,134.85628672548822,0.16,16.022754407058585
GBP_USD,bullish,15,5,True,2017-09-07 00:00:00,2017-09-07 00:00:00,1.30463,2017-09-15 06:30:00,1.3421596120694543,TP3,0.08,133.02206935555142,0.32,221.61392991124595
USD_JPY,bearish,15,5,True,2017-09-14 00:00:00,2017-09-14 22:30:00,109.71646304999999,2017-09-15 06:45:00,110.68211913673062,SL,0.21,132.9716225818939,0.84,-133.81162258189391
AUD_JPY,bullish,15,5,True,2017-08-25 00:00:00,2017-08-28 21:45:00,86.31426,2017-09-15 09:00:00,88.91954635155184,TP3,0.16,130.44680609024792,0.64,214.59723004890947
NZD_CHF,bearish,15,5,True,2017-08-25 00:00:00,2017-09-12 07:15:00,0.6976576427,2017-09-20 11:15:00,0.709822014053663,SL,0.11,132.74664740145627,0.44,-133.18664740145627
AUD_CAD,bearish,15,5,True,2017-08-29 00:00:00,2017-08-29 00:00:00,0.9900051,2017-09-20 15:45:00,0.9900051,SL,0.13,131.15515279229672,0.52,15.218618335075607
GBP_JPY,bullish,15,5,True,2017-07-18 00:00:00,2017-08-08 22:00:00,143.17903349999997,2017-09-20 18:00:00,151.60980187917153,TP3,0.05,132.54882657900652,0.2,218.50556385536055
GBP_CHF,bearish,15,5,True,2017-05-16 00:00:00,2017-09-14 11:15:00,1.2867018415999998,2017-09-20 18:00:00,1.310001386507454,SL,0.06,132.39840724227793,0.24,-132.63840724227794
XAG_USD,bullish,15,5,True,2017-09-13 00:00:00,2017-09-18 11:45:00,17.445240318546293,2017-09-21 12:45:00,16.844175147961682,SL,0.04,134.98646380090585,0.16,-135.14646380090585
GBP_NZD,bullish,15,5,True,2017-09-19 00:00:00,2017-09-20 01:30:00,1.8421815221999998,2017-09-22 13:45:00,1.8421815221999998,SL,0.06,135.5631640105841,0.24,16.027579681270094
EUR_AUD,bullish,15,5,True,2017-09-04 00:00:00,2017-09-04 00:00:00,1.4976640850999998,2017-09-25 00:00:00,1.4976640850999998,SL,0.1,133.35701134198945,0.4,15.602841361038733
EUR_JPY,bullish,15,5,True,2017-09-06 00:00:00,2017-09-06 00:00:00,129.67373093999998,2017-09-25 15:00:00,132.5471930232044,SL,0.08,133.49541890700513,0.32,153.19973174305602
NZD_JPY,bullish,15,5,True,2017-09-12 00:00:00,2017-09-12 00:00:00,79.384,2017-09-25 15:30:00,81.20884417572988,SL,0.13,132.74664740145627,0.52,155.268144030633
NZD_CAD,bearish,15,5,True,2017-09-01 00:00:00,2017-09-20 06:00:00,0.9032776164999999,2017-09-29 14:45:00,0.9032776164999999,SL,0.09,135.5631640105841,0.36,15.907579681270093
XAG_USD,bearish,14,4,False,2017-10-04 00:00:00,2017-10-04 05:00:00,16.748039027328492,2017-10-06 15:30:00,16.748039027328492,SL,0.08,135.82697442897614,0.32,15.979236931477136
XAG_USD,bearish,14,4,False,2017-10-09 00:00:00,2017-10-09 00:00:00,16.748039027328492,2017-10-10 08:00:00,17.09616292341338,SL,0.08,136.26311145297322,0.32,-136.5831114529732
NZD_CHF,bullish,15,5,True,2017-09-21 00:00:00,2017-09-22 02:45:00,0.704874036,2017-10-10 11:30:00,0.6902311426517034,SL,0.09,134.3510624879472,0.36,-134.7110624879472
AUD_CAD,bearish,15,5,True,2017-09-21 00:00:00,2017-09-21 00:00:00,0.9852953869,2017-10-13 15:45:00,0.9852953869,SL,0.11,134.9903104467364,0.44,15.758837253608371
EUR_AUD,bullish,15,5,True,2017-09-26 00:00:00,2017-09-26 00:00:00,1.4975531129999997,2017-10-16 06:00:00,1.4975531129999997,SL,0.09,135.6838062118447,0.36,15.922056745421369
GBP_NZD,bullish,15,5,True,2017-09-25 00:00:00,2017-10-02 13:00:00,1.8421815221999998,2017-10-16 12:30:00,1.8421815221999998,SL,0.06,135.82697442897614,0.24,16.059236931477137
NZD_USD,bullish,15,5,True,2017-06-06 00:00:00,2017-10-05 15:45:00,0.7116843984,2017-10-19 04:15:00,0.7116843984,SL,0.11,135.82697442897614,0.44,15.859236931477136
GBP_NZD,bearish,15,5,True,2017-10-17 00:00:00,2017-10-17 02:15:00,1.8487750729999999,2017-10-19 11:45:00,1.8775756604479998,SL,0.08,134.10549015227153,0.32,-134.42549015227152
NZD_CAD,bullish,14,4,False,2017-10-02 00:00:00,2017-10-03 16:45:00,0.8937253145999999,2017-10-20 00:30:00,0.8740356602411218,SL,0.09,135.82697442897614,0.36,-136.18697442897616
GBP_AUD,bearish,15,5,True,2017-10-17 00:00:00,2017-10-17 06:45:00,1.6917272381,2017-10-23 17:00:00,1.6917272381,SL,0.08,134.10549015227153,0.32,15.772658818272582
EUR_NZD,bullish,15,5,True,2017-09-12 00:00:00,2017-09-18 02:00:00,1.6320468560999997,2017-10-24 08:00:00,1.6995183522056836,TP3,0.07,134.98646380090585,0.28,222.44766527149469
EUR_AUD,bullish,14,4,False,2017-10-17 00:00:00,2017-10-17 07:30:00,1.4982253295,2017-10-25 00:30:00,1.5148319988481205,TP3,0.26,134.10549015227153,1.04,220.23405875124783
GBP_AUD,bearish,15,5,True,2017-10-24 00:00:00,2017-10-25 01:00:00,1.6977867,2017-10-25 08:30:00,1.7041175350205724,SL,0.33,136.64810098978666,1.32,-137.96810098978665
NZD_JPY,bullish,15,5,True,2017-09-26 00:00:00,2017-10-05 12:45:00,80.32472148,2017-10-26 17:00:00,77.85912352859285,SL,0.08,135.82697442897614,0.32,-136.14697442897614
USD_CHF,bullish,14,4,False,2017-08-18 00:00:00,2017-08-18 08:45:00,0.9609590507999999,2017-10-27 10:15:00,1.0008375656043678,TP3,0.07,130.4137877367446,0.28,214.90274976562847
EUR_JPY,bullish,15,5,True,2017-09-26 00:00:00,2017-09-26 05:00:00,132.17490056999998,2017-10-27 13:30:00,132.17490056999998,SL,0.07,135.6838062118447,0.28,16.002056745421367
EUR_JPY,bullish,15,5,True,2017-10-30 00:00:00,2017-10-30 06:30:00,132.24866186,2017-10-30 16:00:00,131.55991442183668,SL,0.29,135.40843560513002,1.16,-136.56843560513002
NZD_CHF,bearish,15,5,True,2017-10-11 00:00:00,2017-10-12 09:45:00,0.6939519642,2017-11-02 01:30:00,0.6939519642,SL,0.12,133.96815701988822,0.48,15.596178842386585
XAG_USD,bullish,15,5,True,2017-10-17 00:00:00,2017-10-23 15:30:00,16.867266763801574,2017-11-03 14:45:00,16.867266763801574,SL,0.05,132.97721874444858,0.2,15.757266249333831
EUR_JPY,bullish,15,5,True,2017-10-31 00:00:00,2017-10-31 13:00:00,132.24866186,2017-11-06 11:45:00,132.24866186,SL,0.23,134.17931968468383,0.92,15.18151836216206
EUR_JPY,bullish,15,5,True,2017-11-07 00:00:00,2017-11-07 00:00:00,132.24866186,2017-11-08 12:30:00,131.59026598514407,SL,0.31,134.4534487461873,1.24,-135.6934487461873
NZD_CHF,bullish,14,4,False,2017-11-03 00:00:00,2017-11-07 15:30:00,0.6886145027999999,2017-11-10 02:15:00,0.6886145027999999,SL,0.14,134.4534487461873,0.56,15.574413849542475
AUD_JPY,bullish,15,5,True,2017-09-26 00:00:00,2017-09-26 00:30:00,88.53502877999999,2017-11-14 15:00:00,86.39921652044926,SL,0.1,135.6838062118447,0.4,-136.08380621184472
AUD_CAD,bullish,14,4,False,2017-10-16 00:00:00,2017-10-16 00:00:00,0.9836,2017-11-15 00:45:00,0.9673588933440586,SL,0.11,134.11089015227154,0.44,-134.362007845586
EUR_JPY,bullish,15,5,True,2017-11-09 00:00:00,2017-11-09 00:00:00,132.24866186,2017-11-17 15:45:00,132.24866186,SL,0.17,133.3774174321175,0.68,15.325290091854104
XAG_USD,bearish,14,4,False,2017-11-06 00:00:00,2017-11-06 08:45:00,16.90366526535034,2017-11-17 18:15:00,17.32084434295198,SL,0.06,134.4617287461873,0.24,-134.7017287461873
EUR_JPY,bullish,15,5,True,2017-11-20 00:00:00,2017-11-20 08:15:00,132.06664452,2017-11-20 10:00:00,132.06664452,SL,0.41,132.3075245284985,1.64,14.23690294341982
EUR_AUD,bullish,15,5,True,2017-10-26 00:00:00,2017-10-26 17:15:00,1.5202089887999997,2017-11-21 10:15:00,1.548332184675694,SL,0.08,134.1810653110178,0.32,153.98822510767076
NZD_CAD,bearish,15,5,True,2017-10-23 00:00:00,2017-10-31 21:45:00,0.8858589077,2017-11-28 05:45:00,0.8858589077,SL,0.11,134.17931968468383,0.44,15.661518362162061
CAD_JPY,bullish,15,5,True,2017-09-11 00:00:00,2017-10-25 14:30:00,88.93416653999999,2017-11-28 13:30:00,86.86484827825441,SL,0.1,135.40638808087857,0.4,-135.80638808087858
NZD_JPY,bearish,15,5,True,2017-11-02 00:00:00,2017-11-08 21:15:00,79.36475812,2017-11-28 14:15:00,77.24176589493061,SL,0.1,133.3774174321175,0.4,152.98403004693498
EUR_JPY,bullish,15,5,True,2017-11-21 00:00:00,2017-11-21 01:15:00,132.06664452,2017-11-28 15:45:00,132.06664452,SL,0.16,132.4356566549893,0.64,15.252278798598713
XAG_USD,bullish,15,5,True,2017-11-20 00:00:00,2017-11-20 08:00:00,17.123065398616788,2017-11-29 13:15:00,16.741481759310208,SL,0.07,132.3075245284985,0.28,-132.5875245284985
GBP_AUD,bullish,15,5,True,2017-11-01 00:00:00,2017-11-02 12:00:00,1.7024865624,2017-11-30 18:15:00,1.7888797733968684,TP3,0.05,134.4635287461873,0.2,221.66482243120913
NZD_CAD,bearish,15,5,True,2017-11-29 00:00:00,2017-11-29 06:30:00,0.8846919323999999,2017-12-01 16:00:00,0.87741471987188,SL,0.27,132.66464416102733,1.08,151.48434078518196
GBP_CAD,bearish,15,5,True,2017-06-09 00:00:00,2017-11-30 01:30:00,1.7305455313,2017-12-07 19:15:00,1.7305455313,SL,0.06,132.19551670014826,0.24,15.62346200401779
GBP_CHF,bullish,15,5,True,2017-10-03 00:00:00,2017-10-06 15:15:00,1.2755886923999997,2017-12-11 10:00:00,1.3226667900385862,SL,0.03,136.26599145297322,0.12,156.58589017091919
NZD_CAD,bearish,15,5,True,2017-12-04 00:00:00,2017-12-05 04:15:00,0.8746223527999999,2017-12-12 07:15:00,0.8916560573797407,SL,0.11,135.26045847739064,0.44,-135.70045847739064
GBP_AUD,bullish,15,5,True,2017-12-01 00:00:00,2017-12-04 10:15:00,1.7649009015,2017-12-12 09:00:00,1.7649009015,SL,0.06,135.26045847739064,0.24,15.991255017286877
AUD_CAD,bearish,15,5,True,2017-11-28 00:00:00,2017-11-30 01:15:00,0.9757734558,2017-12-13 13:45:00,0.9757734558,SL,0.12,132.19551670014826,0.48,15.38346200401779
EUR_AUD,bullish,15,5,True,2017-12-05 00:00:00,2017-12-05 00:00:00,1.5660630584999997,2017-12-14 00:45:00,1.5432797073612923,SL,0.09,135.26045847739064,0.36,-135.62045847739066
EUR_NZD,bullish,15,5,True,2017-10-25 00:00:00,2017-11-06 17:00:00,1.6775833859999998,2017-12-15 05:45:00,1.6775833859999998,SL,0.05,134.4534487461873,0.2,15.934413849542477
USD_CHF,bullish,15,5,True,2017-10-30 00:00:00,2017-11-14 17:45:00,0.9897342308999999,2017-12-25 22:00:00,0.9731710010218855,SL,0.08,132.8707573383055,0.32,-133.1907573383055
NZD_CHF,bearish,15,5,True,2017-11-14 00:00:00,2017-12-13 12:45:00,0.6896470397999999,2017-12-25 22:15:00,0.6896470397999999,SL,0.13,135.44302138701875,0.52,15.73316256644225
GBP_AUD,bullish,15,5,True,2017-12-13 00:00:00,2017-12-13 00:00:00,1.7657950499999997,2017-12-27 02:30:00,1.7278204372730002,SL,0.05,135.44302138701875,0.2,-135.64302138701873
NZD_JPY,bearish,15,5,True,2017-11-29 00:00:00,2017-12-11 01:00:00,77.91106113000001,2017-12-27 03:00:00,79.76677226906557,SL,0.11,135.99304885562307,0.44,-136.43304885562307
EUR_AUD,bullish,15,5,True,2017-12-15 00:00:00,2017-12-19 16:30:00,1.5504803415,2017-12-27 08:00:00,1.5303358374069702,SL,0.1,134.21631726072224,0.4,-134.61631726072224
CAD_JPY,bearish,14,4,False,2017-11-29 00:00:00,2017-12-01 13:30:00,87.86546699000002,2017-12-27 08:15:00,89.41487320099232,SL,0.13,133.75483490994557,0.52,-134.27483490994558
USD_CHF,bearish,15,5,True,2017-12-26 00:00:00,2017-12-26 10:15:00,0.9904549364999999,2017-12-28 07:30:00,0.9814464215548935,TP3,0.31,133.30543797072983,1.24,218.7139726517044
XAU_USD,bullish,15,5,True,2017-07-31 00:00:00,2017-12-07 18:30:00,1250.8300595361327,2017-12-29 14:15:00,1303.8508693373146,TP3,0.05,135.4065397725462,0.2,223.2207906247015
XAG_USD,bearish,15,5,True,2017-12-19 00:00:00,2017-12-22 15:30:00,16.29301930516243,2017-12-29 14:15:00,16.970197543798815,SL,0.04,134.36255632367659,0.16,-134.52255632367658
NZD_CHF,bearish,15,5,True,2017-12-26 00:00:00,2017-12-28 11:30:00,0.6909588863999999,2018-01-02 00:00:00,0.6909588863999999,SL,0.13,130.99011497469277,0.52,15.198813796963133
AUD_JPY,bearish,15,5,True,2017-11-15 00:00:00,2017-12-20 07:30:00,86.66965012,2018-01-02 04:45:00,88.31061204549262,SL,0.12,134.21631726072224,0.48,-134.69631726072222
NZD_JPY,bullish,15,5,True,2017-12-28 00:00:00,2018-01-01 23:00:00,79.55132373,2018-01-03 02:00:00,79.55132373,SL,0.17,131.05720376863025,0.68,15.04686445223563
GBP_CAD,bullish,15,5,True,2017-12-08 00:00:00,2017-12-11 07:45:00,1.7176390076999999,2018-01-05 13:30:00,1.678497857446638,SL,0.05,135.99304885562307,0.2,-136.19304885562306
EUR_NZD,bullish,15,5,True,2017-12-18 00:00:00,2017-12-20 15:15:00,1.7175046832,2018-01-08 11:15:00,1.6699318447457978,SL,0.05,134.36255632367659,0.2,-134.56255632367657
EUR_AUD,bullish,15,5,True,2018-01-03 00:00:00,2018-01-03 02:45:00,1.5490107066,2018-01-09 00:30:00,1.524808097902514,SL,0.08,130.11714801752652,0.32,-130.4371480175265
NZD_USD,bearish,15,5,True,2017-10-20 00:00:00,2017-12-27 06:00:00,0.7053910812,2018-01-10 08:30:00,0.7204823961898018,SL,0.09,130.85675333854604,0.36,-131.21675333854606
USD_JPY,bullish,15,5,True,2017-10-10 00:00:00,2017-11-22 19:00:00,111.35700897,2018-01-10 10:45:00,111.35700897,SL,0.09,133.09697292827886,0.36,15.611636751393462
EUR_AUD,bullish,15,5,True,2018-01-10 00:00:00,2018-01-10 13:45:00,1.5361860521,2018-01-11 00:45:00,1.5178884011834333,SL,0.11,125.6042907586372,0.44,-126.0442907586372
USD_CHF,bearish,15,5,True,2017-12-29 00:00:00,2018-01-09 08:00:00,0.9805996634999999,2018-01-17 12:00:00,0.9650775369088422,SL,0.09,126.646939758614,0.36,145.28398072240603
GBP_CAD,bearish,15,5,True,2018-01-08 00:00:00,2018-01-10 19:00:00,1.6969341327999998,2018-01-17 14:45:00,1.7250574868264887,SL,0.06,125.6042907586372,0.24,-125.8442907586372
AUD_CAD,bullish,14,4,False,2017-12-14 00:00:00,2018-01-05 13:30:00,0.9760559798999999,2018-01-17 15:00:00,0.991489178514384,SL,0.12,130.25767453738544,0.48,149.31632571799318
AUD_JPY,bullish,15,5,True,2018-01-09 00:00:00,2018-01-09 15:15:00,87.98555507999998,2018-01-23 11:15:00,87.98555507999998,SL,0.12,126.646939758614,0.48,14.71763277103368
GBP_USD,bullish,15,5,True,2017-09-26 00:00:00,2017-10-03 01:15:00,1.3234669326,2018-01-24 04:00:00,1.4044792318214292,TP3,0.04,135.82697442897614,0.16,223.95450780781053
NZD_CAD,bullish,15,5,True,2017-12-13 00:00:00,2018-01-01 23:00:00,0.8853957137999999,2018-01-24 21:45:00,0.9073266109276362,SL,0.09,131.05720376863025,0.36,150.35578433392493
NZD_USD,bullish,15,5,True,2018-01-11 00:00:00,2018-01-11 01:45:00,0.7193703770999998,2018-01-24 21:45:00,0.7335461079934142,SL,0.1,124.61057043030985,0.4,142.90215599485649
NZD_CHF,bullish,15,5,True,2018-01-03 00:00:00,2018-01-25 15:00:00,0.6873370848,2018-01-25 22:45:00,0.6873370848,SL,0.24,131.57792622799732,0.96,14.82935114735968
NZD_JPY,bullish,15,5,True,2018-01-04 00:00:00,2018-01-04 00:00:00,79.814,2018-01-26 15:15:00,79.814,SL,0.12,130.11714801752652,0.48,15.13405776210318
GBP_CHF,bullish,15,5,True,2017-12-12 00:00:00,2017-12-12 00:00:00,1.32284,2018-01-26 16:15:00,1.32284,SL,0.05,136.66648551331528,0.2,16.199978261597835
EUR_AUD,bullish,15,5,True,2018-01-12 00:00:00,2018-01-12 00:00:00,1.5328276883999998,2018-01-26 16:30:00,1.5328276883999998,SL,0.08,124.74514984637459,0.32,14.649417981564952
CAD_JPY,bullish,15,5,True,2018-01-09 00:00:00,2018-01-10 07:00:00,89.78333927999999,2018-01-26 16:45:00,87.93061259518907,SL,0.1,126.646939758614,0.4,-127.046939758614
EUR_CHF,bullish,15,5,True,2017-08-10 00:00:00,2017-08-18 13:30:00,1.1262478430999998,2018-01-29 13:00:00,1.1574641584590557,SL,0.05,130.4137877367446,0.2,149.77585589725624
GBP_NZD,bullish,15,5,True,2017-10-20 00:00:00,2018-01-11 08:30:00,1.8695406171,2018-01-30 04:00:00,1.9156707308083014,SL,0.05,124.61057043030985,0.2,143.10215599485622
NZD_CAD,bullish,15,5,True,2018-01-26 00:00:00,2018-01-29 16:00:00,0.9018282000000001,2018-01-30 04:45:00,0.9044971203732688,SL,0.72,131.3449738126123,2.88,148.16671988450474
NZD_USD,bullish,15,5,True,2018-01-25 00:00:00,2018-01-25 22:45:00,0.7293436151999999,2018-01-30 07:45:00,0.7293436151999999,SL,0.1,131.72003038832355,0.4,15.406403646598827
EUR_NZD,bullish,15,5,True,2018-01-09 00:00:00,2018-01-12 13:30:00,1.6811563979,2018-01-31 10:00:00,1.6811563979,SL,0.1,124.8819285413139,0.4,14.585831424957666
GBP_AUD,bearish,14,4,False,2018-01-03 00:00:00,2018-01-12 13:45:00,1.7425095705,2018-02-01 08:00:00,1.7742024576252282,SL,0.06,124.8819285413139,0.24,-125.12192854131389
EUR_AUD,bullish,15,5,True,2018-01-29 00:00:00,2018-01-29 00:00:00,1.5340112806000001,2018-02-01 11:30:00,1.5560257132700492,TP3,0.19,130.70122556331543,0.76,214.89702217947075
AUD_JPY,bullish,15,5,True,2018-01-24 00:00:00,2018-01-24 00:00:00,88.49426999999999,2018-02-05 00:00:00,87.05917721152922,SL,0.13,127.69085326418215,0.52,-128.21085326418216
NZD_JPY,bullish,15,5,True,2018-01-29 00:00:00,2018-01-31 01:00:00,80.21282845999998,2018-02-05 00:00:00,80.21282845999998,SL,0.35,133.43105393881126,1.4,14.61172647265735
EUR_NZD,bullish,15,5,True,2018-02-02 00:00:00,2018-02-06 21:45:00,1.6871492232,2018-02-07 15:30:00,1.6871492232,SL,0.15,133.21388608931764,0.6,15.385666330718117
GBP_NZD,bullish,15,5,True,2018-01-31 00:00:00,2018-01-31 07:45:00,1.9186830669,2018-02-09 11:45:00,1.9186830669,SL,0.06,133.43105393881126,0.24,15.77172647265735
XAU_USD,bullish,15,5,True,2018-01-16 00:00:00,2018-02-06 20:15:00,1320.7511406994627,2018-02-14 13:30:00,1320.7511406994627,SL,0.06,133.21388608931764,0.24,15.745666330718116
EUR_JPY,bullish,15,5,True,2017-11-29 00:00:00,2018-02-14 13:30:00,131.945955,2018-02-14 13:45:00,131.945955,SL,0.55,133.78204461850095,2.2,13.853845354220113
CAD_CHF,bullish,14,4,False,2017-07-19 00:00:00,2018-02-02 13:30:00,0.7524179528999999,2018-02-15 15:45:00,0.7372514823197175,SL,0.09,134.2383779962002,0.36,-134.5983779962002
EUR_NZD,bullish,15,5,True,2018-02-08 00:00:00,2018-02-08 00:00:00,1.7049724499999999,2018-02-19 02:30:00,1.6782042347930617,SL,0.08,133.35235708629412,0.32,-133.6723570862941
NZD_CAD,bullish,15,5,True,2018-02-06 00:00:00,2018-02-06 00:00:00,0.9133964207999999,2018-02-23 04:15:00,0.9281150090656225,SL,0.13,133.21388608931764,0.52,152.6759690027154
NZD_USD,bullish,15,5,True,2018-01-31 00:00:00,2018-02-05 00:00:00,0.7293436151999999,2018-02-23 04:45:00,0.7293436151999999,SL,0.1,134.38038376869528,0.4,15.725646052243436
GBP_USD,bullish,15,5,True,2018-02-06 00:00:00,2018-02-09 11:45:00,1.3826931504,2018-02-28 12:00:00,1.3826931504,SL,0.03,133.49646262454803,0.12,15.899575514945765
XAU_USD,bullish,15,5,True,2018-02-21 00:00:00,2018-02-21 00:00:00,1335.4440490722654,2018-03-01 13:00:00,1305.912726216772,SL,0.04,131.92309050377898,0.16,-132.08309050377898
AUD_CHF,bullish,15,5,True,2017-07-20 00:00:00,2018-02-02 01:45:00,0.7422725984999998,2018-03-02 12:45:00,0.7245750267518345,SL,0.08,134.2383779962002,0.32,-134.5583779962002
EUR_NZD,bearish,15,5,True,2018-02-20 00:00:00,2018-02-20 00:00:00,1.68397,2018-03-05 02:30:00,1.7093646088852261,SL,0.09,131.92309050377898,0.36,-137.97720366689225
AUD_JPY,bearish,15,5,True,2018-02-27 00:00:00,2018-02-27 00:00:00,84.025,2018-03-06 00:15:00,82.62559058103558,SL,0.17,133.43635401240553,0.68,154.81836978319035
CAD_CHF,bearish,15,5,True,2018-02-16 00:00:00,2018-02-20 10:00:00,0.7418946063999999,2018-03-06 15:45:00,0.7294963585415548,SL,0.12,131.92309050377898,0.48,151.23155407934578
GBP_USD,bullish,15,5,True,2018-03-01 00:00:00,2018-03-05 10:00:00,1.3851765339,2018-03-07 09:30:00,1.3851765339,SL,0.12,130.80248479923748,0.48,15.216298175908495
XAU_USD,bullish,15,5,True,2018-03-02 00:00:00,2018-03-02 05:45:00,1322.650300987549,2018-03-07 19:45:00,1322.650300987549,SL,0.08,132.6788599848717,0.32,15.601463198184605
AUD_CHF,bearish,15,5,True,2018-03-05 00:00:00,2018-03-05 23:30:00,0.7305793072,2018-03-08 19:45:00,0.7412613696996188,SL,0.12,131.3723925502138,0.48,-131.85239255021378
AUD_CAD,bullish,15,5,True,2018-01-30 00:00:00,2018-02-01 10:45:00,0.9854944776,2018-03-09 13:30:00,1.0016430551107451,SL,0.12,133.01009141462686,0.48,152.4816051268208
GBP_AUD,bullish,15,5,True,2018-02-02 00:00:00,2018-02-12 21:00:00,1.7610475305,2018-03-12 05:00:00,1.7610475305,SL,0.06,133.49430262454803,0.24,15.779316314945765
EUR_JPY,bearish,15,5,True,2018-02-27 00:00:00,2018-02-27 08:00:00,132.15598756,2018-03-13 09:15:00,132.15598756,SL,0.1,133.43635401240553,0.4,15.612362481488661
GBP_AUD,bullish,15,5,True,2018-03-13 00:00:00,2018-03-13 00:00:00,1.76758765,2018-03-14 11:00:00,1.76758765,SL,0.15,133.15522399375112,0.6,15.378626879250136
NZD_USD,bullish,15,5,True,2018-02-26 00:00:00,2018-02-27 13:15:00,0.7267281,2018-03-16 00:00:00,0.7267281,SL,0.15,133.43635401240553,0.6,15.412362481488662
EUR_JPY,bearish,15,5,True,2018-03-14 00:00:00,2018-03-14 00:00:00,132.15950999999998,2018-03-19 01:15:00,129.791340329862,TP3,0.18,133.87187668499797,0.72,220.1685965302458
NZD_USD,bullish,15,5,True,2018-03-19 00:00:00,2018-03-19 00:00:00,0.722849391,2018-03-19 21:30:00,0.722849391,SL,0.3,134.72821746295378,1.2,14.967386095554456
NZD_CAD,bullish,15,5,True,2018-02-26 00:00:00,2018-02-26 00:00:00,0.92166,2018-03-20 12:45:00,0.9413427183264104,SL,0.1,133.43635401240553,0.4,153.41094727263246
NZD_USD,bullish,15,5,True,2018-03-20 00:00:00,2018-03-20 00:00:00,0.72298,2018-03-20 21:45:00,0.7170407920848072,SL,0.23,136.2657070193215,0.92,-140.2497036883855
EUR_NZD,bullish,15,5,True,2018-03-06 00:00:00,2018-03-06 13:00:00,1.6979497914,2018-03-26 06:15:00,1.6979497914,SL,0.09,132.76107184508987,0.36,15.571328621410785
NZD_CAD,bearish,14,4,False,2018-03-21 00:00:00,2018-03-21 00:00:00,0.93853,2018-03-26 10:45:00,0.93853,SL,0.12,135.66360189991272,0.48,15.799632227989527
EUR_JPY,bearish,15,5,True,2018-03-20 00:00:00,2018-03-20 00:00:00,130.70497309,2018-03-26 13:15:00,130.70497309,SL,0.11,136.2657070193215,0.44,15.91188484231858
EUR_JPY,bearish,15,5,True,2018-03-27 00:00:00,2018-03-27 06:30:00,131.69418696,2018-03-28 12:15:00,131.69418696,SL,0.21,136.52349894233762,0.84,15.542819873080518
NZD_USD,bullish,15,5,True,2018-03-21 00:00:00,2018-03-21 18:45:00,0.722849391,2018-03-28 14:30:00,0.722849391,SL,0.23,136.09663807617767,0.92,15.411596569141322
NZD_USD,bullish,15,5,True,2018-03-29 00:00:00,2018-03-29 00:15:00,0.7198228,2018-03-30 17:30:00,0.7228473468124158,SL,0.5,136.65510432119535,2.0,155.15336996937467
EUR_JPY,bullish,14,4,False,2018-03-29 00:00:00,2018-03-29 00:15:00,132.06020594999998,2018-04-02 17:30:00,130.1013543816684,SL,0.1,136.65510432119535,0.4,-137.05510432119536
CAD_CHF,bearish,15,5,True,2018-03-07 00:00:00,2018-03-07 19:45:00,0.7309509397,2018-04-03 12:00:00,0.7437539777123047,SL,0.1,133.54874431186724,0.4,-133.94874431186724
EUR_NZD,bullish,15,5,True,2018-04-02 00:00:00,2018-04-02 00:00:00,1.70244,2018-04-04 07:15:00,1.681775618396069,SL,0.11,138.05148465091975,0.44,-144.88793988540493
XAU_USD,bullish,15,5,True,2018-03-08 00:00:00,2018-03-08 15:00:00,1321.2005427905274,2018-04-06 07:15:00,1321.2005427905274,SL,0.05,133.54586431186723,0.2,15.82550371742407
GBP_CHF,bearish,14,4,False,2018-01-29 00:00:00,2018-03-19 09:15:00,1.3311942815000002,2018-04-09 06:15:00,1.3542956732371154,SL,0.06,136.1310005444615,0.24,-136.3710005444615
AUD_JPY,bearish,15,5,True,2018-03-07 00:00:00,2018-03-07 14:30:00,82.91399874,2018-04-10 02:15:00,82.91399874,SL,0.12,133.54874431186724,0.48,15.545849317424068
EUR_JPY,bearish,15,5,True,2018-04-03 00:00:00,2018-04-03 00:00:00,130.146,2018-04-10 15:15:00,132.62126771178708,SL,0.08,136.81798871202898,0.32,-136.91835128230267
EUR_CHF,bearish,15,5,True,2018-01-30 00:00:00,2018-03-07 13:00:00,1.1675594073,2018-04-11 07:15:00,1.1846849420329664,SL,0.08,133.54874431186724,0.32,-133.86874431186723
NZD_CHF,bearish,15,5,True,2018-02-07 00:00:00,2018-03-09 03:45:00,0.6917608946,2018-04-12 10:00:00,0.7102488727777023,SL,0.07,132.35919277891531,0.28,-132.63919277891532
EUR_NZD,bearish,15,5,True,2018-04-09 00:00:00,2018-04-09 00:00:00,1.6864,2018-04-17 04:30:00,1.6864,SL,0.09,134.5994585966727,0.36,15.791935031600726
XAG_USD,bearish,15,5,True,2018-01-30 00:00:00,2018-01-30 00:00:00,17.10913566095352,2018-04-18 12:15:00,17.10913566095352,SL,0.04,131.48682638432993,0.16,15.61841916611959
AUD_NZD,bearish,15,5,True,2018-03-27 00:00:00,2018-03-29 05:00:00,1.0647848622999998,2018-04-19 00:45:00,1.0647848622999998,SL,0.13,136.65510432119535,0.52,15.878612518543441
NZD_USD,bullish,15,5,True,2018-04-04 00:00:00,2018-04-04 00:00:00,0.7285705892999998,2018-04-19 15:30:00,0.7285705892999998,SL,0.12,135.61245001322217,0.48,15.793494001586662
GBP_CHF,bullish,15,5,True,2018-04-10 00:00:00,2018-04-10 00:00:00,1.35126,2018-04-19 17:30:00,1.371289217289085,SL,0.07,133.37211959177256,0.28,152.2476806125836
NZD_CAD,bullish,14,4,False,2018-03-27 00:00:00,2018-03-27 00:00:00,0.93696,2018-04-20 05:15:00,0.916814135993097,SL,0.09,136.52349894233762,0.36,-141.78943454368968
XAU_USD,bullish,15,5,True,2018-04-10 00:00:00,2018-04-10 05:15:00,1331.9187006994628,2018-04-23 07:15:00,1331.9187006994628,SL,0.04,133.36779959177255,0.16,15.844135951012706
USD_CHF,bearish,15,5,True,2018-01-18 00:00:00,2018-04-19 10:15:00,0.9701671481999999,2018-04-26 14:45:00,0.9883978233686289,SL,0.07,131.75175382647524,0.28,-132.03175382647524
GBP_NZD,bullish,14,4,False,2018-02-12 00:00:00,2018-02-12 00:00:00,1.9143038999999997,2018-04-27 10:30:00,1.952625255111593,SL,0.06,133.49430262454803,0.24,153.2784480182303
GBP_USD,bullish,15,5,True,2018-03-12 00:00:00,2018-04-27 08:30:00,1.3835674,2018-04-30 08:45:00,1.3734827164904708,SL,0.13,130.5083181981995,0.52,-131.0283181981995
XAU_USD,bullish,15,5,True,2018-04-24 00:00:00,2018-04-24 00:00:00,1326.658375,2018-04-30 12:00:00,1312.585326129241,SL,0.09,131.11990859529973,0.36,-131.47990859529975
CAD_CHF,bullish,14,4,False,2018-04-04 00:00:00,2018-04-04 08:00:00,0.7450630010999999,2018-05-01 13:15:00,0.774240305898763,TP3,0.1,134.45604606692044,0.4,221.4524760104187
XAG_USD,bullish,15,5,True,2018-04-19 00:00:00,2018-04-23 14:00:00,16.670600987319943,2018-05-01 14:30:00,16.08869254398039,SL,0.05,131.11990859529973,0.2,-131.31990859529972
GBP_AUD,bullish,15,5,True,2018-05-01 00:00:00,2018-05-01 09:15:00,1.8197213914,2018-05-02 06:15:00,1.8103620311994475,SL,0.21,128.8043809550495,0.84,-129.6443809550495
CHF_JPY,bullish,14,4,False,2017-05-09 00:00:00,2018-03-07 18:00:00,112.17879746999999,2018-05-03 11:15:00,109.594946054197,SL,0.08,133.54874431186724,0.32,-133.86874431186723
EUR_JPY,bullish,15,5,True,2018-04-11 00:00:00,2018-05-01 14:00:00,131.76445052999998,2018-05-08 07:30:00,129.77018399198903,SL,0.1,130.21228978978988,0.4,-130.61228978978988
AUD_USD,bullish,14,4,False,2017-06-07 00:00:00,2018-05-01 14:15:00,0.7477731243,2018-05-08 08:15:00,0.7477731243,SL,0.1,130.21228978978988,0.4,15.225474774774785
NZD_CHF,bullish,15,5,True,2018-04-13 00:00:00,2018-04-16 10:15:00,0.7046887541999999,2018-05-14 11:15:00,0.6931736622073877,SL,0.11,130.46222167403636,0.44,-130.90222167403635
EUR_CHF,bullish,15,5,True,2018-04-12 00:00:00,2018-04-12 00:00:00,1.18474,2018-05-15 22:15:00,1.18474,SL,0.11,131.36525629015753,0.44,15.323830754818905
AUD_JPY,bearish,15,5,True,2018-04-11 00:00:00,2018-04-12 13:30:00,83.24917499999998,2018-05-17 06:00:00,83.24917499999998,SL,0.11,130.46222167403636,0.44,15.215466600884362
EUR_CHF,bullish,15,5,True,2018-05-16 00:00:00,2018-05-16 11:30:00,1.1792493638000001,2018-05-18 09:15:00,1.1792493638000001,SL,0.25,124.70971755044319,1.0,13.965166106053182
GBP_CHF,bullish,15,5,True,2018-04-20 00:00:00,2018-04-20 00:00:00,1.36782,2018-05-18 14:30:00,1.344628306900505,SL,0.06,132.39745350619293,0.24,-131.4182634697097
GBP_AUD,bullish,15,5,True,2018-05-09 00:00:00,2018-05-09 00:00:00,1.8247181999999997,2018-05-21 01:45:00,1.7874734684285662,SL,0.05,125.6203111498948,0.2,-125.8203111498948
EUR_JPY,bearish,15,5,True,2018-05-09 00:00:00,2018-05-14 07:45:00,131.20387206,2018-05-22 07:30:00,131.20387206,SL,0.07,125.7559810859367,0.28,14.810717730312405
CHF_JPY,bearish,15,5,True,2018-05-10 00:00:00,2018-05-15 13:00:00,110.03865592999999,2018-05-22 07:45:00,111.61697896518626,SL,0.12,124.71367755044318,0.48,-125.19367755044318
CAD_CHF,bullish,15,5,True,2018-05-08 00:00:00,2018-05-08 15:00:00,0.7716388392,2018-05-23 06:30:00,0.7716388392,SL,0.1,125.6203111498948,0.4,14.674437337987376
GBP_JPY,bullish,15,5,True,2017-10-03 00:00:00,2018-03-01 18:00:00,146.44235693999997,2018-05-23 09:30:00,146.44235693999997,SL,0.03,132.53474872253832,0.12,15.7841698467046
CHF_JPY,bearish,15,5,True,2018-05-23 00:00:00,2018-05-23 01:30:00,111.08667,2018-05-24 17:00:00,110.31832082732285,SL,0.26,121.65653749126446,1.04,138.86501811495364
XAG_USD,bearish,15,5,True,2018-05-02 00:00:00,2018-05-10 12:30:00,16.686243436870576,2018-05-24 17:15:00,16.686243436870576,SL,0.04,125.7559810859367,0.16,14.930717730312404
CAD_CHF,bullish,15,5,True,2018-05-24 00:00:00,2018-05-24 09:15:00,0.770608993,2018-05-25 13:30:00,0.7641377292435123,SL,0.19,122.05068947230046,0.76,-122.81068947230047
GBP_NZD,bullish,15,5,True,2018-04-30 00:00:00,2018-04-30 00:00:00,1.9479430589999998,2018-05-29 08:15:00,1.9095770771231846,SL,0.06,131.166954996191,0.24,-131.40695499619102
GBP_CHF,bearish,15,5,True,2018-05-21 00:00:00,2018-05-21 00:00:00,1.3428785466,2018-05-29 18:30:00,1.3058563423163045,TP3,0.07,123.78449613374308,0.28,203.964418620676
NZD_CHF,bearish,15,5,True,2018-05-15 00:00:00,2018-05-17 02:00:00,0.6926721554,2018-05-30 15:30:00,0.6926721554,SL,0.11,124.98022050497046,0.44,14.557626460596458
CAD_CHF,bullish,15,5,True,2018-05-28 00:00:00,2018-05-30 14:15:00,0.770608993,2018-05-31 13:00:00,0.7626352897275839,SL,0.15,122.71470034361053,0.6,-123.31470034361053
EUR_NZD,bullish,15,5,True,2018-04-18 00:00:00,2018-05-25 14:15:00,1.6846058837999998,2018-05-31 13:15:00,1.6620554284986984,SL,0.09,122.06234936959378,0.36,-122.42234936959377
AUD_USD,bearish,15,5,True,2018-05-09 00:00:00,2018-05-10 12:30:00,0.7495049435,2018-06-04 03:00:00,0.7612162564457698,SL,0.11,125.7559810859367,0.44,-126.1959810859367
GBP_USD,bearish,15,5,True,2018-05-22 00:00:00,2018-05-22 00:00:00,1.34324,2018-06-06 09:30:00,1.34324,SL,0.07,122.65211333339401,0.28,14.438253600007283
XAG_USD,bearish,15,5,True,2018-05-25 00:00:00,2018-05-25 00:00:00,16.60476912065506,2018-06-06 12:15:00,16.60476912065506,SL,0.12,123.16764557484449,0.48,14.300117468981338
CHF_JPY,bearish,15,5,True,2018-05-25 00:00:00,2018-05-25 00:00:00,109.996255,2018-06-07 12:15:00,112.19620273776178,SL,0.08,123.16764557484449,0.32,-123.48764557484448
AUD_JPY,bullish,14,4,False,2018-05-24 00:00:00,2018-05-24 01:30:00,82.71644459999999,2018-06-08 09:00:00,82.71644459999999,SL,0.09,122.05068947230046,0.36,14.286082736676057
CHF_JPY,bullish,14,4,False,2018-06-08 00:00:00,2018-06-08 10:45:00,111.02433788999998,2018-06-14 14:15:00,111.02433788999998,SL,0.1,118.50622087724584,0.4,13.8207465052695
AUD_USD,bullish,14,4,False,2018-06-05 00:00:00,2018-06-05 02:15:00,0.7635597446999999,2018-06-14 17:45:00,0.7489267451181375,SL,0.08,119.62768968741945,0.32,-119.94768968741944
AUD_CHF,bullish,14,4,False,2018-03-09 00:00:00,2018-03-16 10:45:00,0.7383780426,2018-06-18 14:45:00,0.7383780426,SL,0.09,134.58398481909694,0.36,15.790078178291633
AUD_JPY,bullish,14,4,False,2018-06-11 00:00:00,2018-06-11 00:00:00,83.57642912999998,2018-06-18 16:00:00,81.89935075691382,SL,0.11,118.50622087724584,0.44,-118.94622087724584
GBP_NZD,bearish,15,5,True,2018-05-30 00:00:00,2018-05-30 00:00:00,1.9189753279000001,2018-06-19 06:15:00,1.9189753279000001,SL,0.06,122.71470034361053,0.24,14.485764041233262
GBP_USD,bullish,15,5,True,2018-06-07 00:00:00,2018-06-07 11:30:00,1.3377326462999999,2018-06-19 07:45:00,1.319896328166065,SL,0.07,119.62084968741945,0.28,-119.90084968741945
XAG_USD,bullish,15,5,True,2018-06-07 00:00:00,2018-06-15 15:45:00,16.576148741512295,2018-06-19 11:00:00,16.30530683444113,SL,0.09,117.68689484817928,0.36,-118.04689484817928
CAD_CHF,bearish,15,5,True,2018-06-19 00:00:00,2018-06-19 09:00:00,0.7531006148,2018-06-28 15:15:00,0.7531006148,SL,0.08,115.92381557023414,0.32,13.590857868428095
EUR_NZD,bullish,14,4,False,2018-06-19 00:00:00,2018-06-19 08:15:00,1.6755530849999998,2018-06-29 11:15:00,1.7248390625143801,TP3,0.08,115.92381557023414,0.32,190.95429569088628
NZD_CHF,bearish,15,5,True,2018-05-31 00:00:00,2018-05-31 13:30:00,0.6926721554,2018-07-02 14:45:00,0.6668940305336747,TP3,0.1,120.6316387725628,0.4,198.64220397472863
NZD_CAD,bearish,15,5,True,2018-05-08 00:00:00,2018-06-05 09:30:00,0.9109836527,2018-07-05 09:45:00,0.8922596222963198,SL,0.09,119.62768968741945,0.36,137.21184314053244
GBP_USD,bearish,15,5,True,2018-06-20 00:00:00,2018-06-21 14:30:00,1.3262480171,2018-07-05 09:45:00,1.3262480171,SL,0.06,115.23983672567671,0.24,13.588780407081206
EUR_CHF,bearish,15,5,True,2018-05-29 00:00:00,2018-06-06 11:30:00,1.1638808326000003,2018-07-06 12:30:00,1.1638808326000003,SL,0.05,119.62516968741944,0.2,14.155020362490335
GBP_NZD,bullish,15,5,True,2018-06-20 00:00:00,2018-06-20 00:00:00,1.90856,2018-07-06 12:30:00,1.9383942166077814,SL,0.08,114.86139351660053,0.32,133.8584380239247
GBP_JPY,bearish,15,5,True,2018-05-30 00:00:00,2018-06-05 20:15:00,147.0374185,2018-07-09 06:00:00,147.0374185,SL,0.05,119.62768968741945,0.2,14.155322762490336
GBP_USD,bullish,15,5,True,2018-07-06 00:00:00,2018-07-06 00:00:00,1.32208,2018-07-09 15:45:00,1.32208,SL,0.06,120.59104412191535,0.24,14.230925294629843
EUR_JPY,bearish,15,5,True,2018-05-23 00:00:00,2018-07-10 17:15:00,130.6563918,2018-07-11 12:45:00,130.6563918,SL,0.17,121.42610017798167,0.68,13.891132021357802
CHF_JPY,bearish,15,5,True,2018-06-15 00:00:00,2018-06-15 00:00:00,110.378335,2018-07-11 16:45:00,112.49304276410767,SL,0.08,117.55107838860647,0.32,-117.87107838860646
AUD_CHF,bullish,14,4,False,2018-07-10 00:00:00,2018-07-10 22:15:00,0.7369489727999998,2018-07-17 10:15:00,0.7369489727999998,SL,0.11,121.42610017798167,0.44,14.131132021357802
GBP_CAD,bullish,15,5,True,2018-01-30 00:00:00,2018-05-10 11:30:00,1.7260096727999998,2018-07-18 08:15:00,1.7260096727999998,SL,0.04,125.7559810859367,0.16,14.930717730312404
GBP_USD,bullish,14,4,False,2018-07-10 00:00:00,2018-07-11 16:45:00,1.3220973587999998,2018-07-18 08:15:00,1.302586821789644,SL,0.06,121.68072499619647,0.24,-121.92072499619647
EUR_CHF,bullish,15,5,True,2018-07-09 00:00:00,2018-07-09 00:00:00,1.16268,2018-07-18 10:00:00,1.16268,SL,0.09,121.29982185032999,0.36,14.195978622039599
USD_CHF,bullish,15,5,True,2018-05-15 00:00:00,2018-05-23 06:30:00,0.9915669689999999,2018-07-20 18:00:00,0.9915669689999999,SL,0.07,121.79151612940983,0.28,14.33498193552918
GBP_AUD,bearish,14,4,False,2018-05-29 00:00:00,2018-06-14 08:30:00,1.7763347746000002,2018-07-23 12:30:00,1.7763347746000002,SL,0.06,118.63420759579326,0.24,13.99610491149519
XAG_USD,bearish,15,5,True,2018-07-03 00:00:00,2018-07-04 01:30:00,16.092642108621597,2018-07-25 12:00:00,15.61196095265718,SL,0.05,120.00428705796261,0.2,137.80493011665706
AUD_USD,bearish,15,5,True,2018-06-27 00:00:00,2018-07-09 01:30:00,0.7453407292,2018-07-25 19:30:00,0.7453407292,SL,0.08,121.29982185032999,0.32,14.235978622039598
AUD_USD,bearish,15,5,True,2018-07-26 00:00:00,2018-07-26 00:00:00,0.7448443734,2018-07-27 13:45:00,0.7402919479648434,SL,0.29,121.52975730060574,1.16,138.5992208956971
USD_JPY,bearish,15,5,True,2018-01-11 00:00:00,2018-07-11 17:30:00,112.01313393,2018-08-01 06:00:00,112.01313393,SL,0.11,120.61988529069902,0.44,14.03438623488388
EUR_CHF,bullish,15,5,True,2018-07-19 00:00:00,2018-07-19 00:00:00,1.1654081304,2018-08-03 13:30:00,1.1507013074504435,SL,0.08,120.03864140654194,0.32,-120.35864140654193
GBP_JPY,bullish,15,5,True,2018-07-10 00:00:00,2018-07-19 12:30:00,146.58810002999996,2018-08-06 12:15:00,144.0719427489241,SL,0.07,120.6851848708358,0.28,-120.9651848708358
GBP_NZD,bullish,15,5,True,2018-07-09 00:00:00,2018-07-09 01:45:00,1.9426803764999998,2018-08-08 10:30:00,1.910306252136057,SL,0.06,121.29982185032999,0.24,-121.53982185032999
USD_CAD,bearish,15,5,True,2017-06-15 00:00:00,2018-06-22 12:30:00,1.3363071487,2018-08-08 12:45:00,1.3113154983492166,SL,0.07,115.36503444649257,0.28,132.3897896134664
GBP_CAD,bearish,15,5,True,2018-07-19 00:00:00,2018-07-19 17:00:00,1.7267200548,2018-08-09 07:30:00,1.6737401796893885,TP3,0.06,120.6851848708358,0.24,198.89055503687894
GBP_AUD,bearish,15,5,True,2018-07-24 00:00:00,2018-07-24 00:00:00,1.77639,2018-08-10 05:00:00,1.746320016601401,SL,0.07,120.94041607966882,0.28,140.09733701627948
USD_JPY,bullish,14,4,False,2018-08-02 00:00:00,2018-08-02 00:00:00,111.85824065999998,2018-08-13 01:00:00,110.47825182204798,SL,0.13,123.40190723713636,0.52,-123.92190723713635
GBP_USD,bearish,15,5,True,2018-07-23 00:00:00,2018-07-23 00:00:00,1.31406,2018-08-14 16:00:00,1.2720555512137264,TP3,0.06,120.81230660355486,0.24,199.8045631674856
XAG_USD,bearish,15,5,True,2018-08-07 00:00:00,2018-08-07 03:00:00,15.342132274360658,2018-08-15 12:45:00,14.768221894348397,TP3,0.09,122.27686659738819,0.36,201.39682988569058
EUR_CHF,bearish,15,5,True,2018-08-06 00:00:00,2018-08-06 13:45:00,1.1523907318,2018-08-15 14:45:00,1.1250965051735182,TP3,0.09,122.27686659738819,0.36,201.3968298856908
AUD_CHF,bearish,15,5,True,2018-07-18 00:00:00,2018-07-19 01:30:00,0.7415876688,2018-08-17 18:15:00,0.7265009766755801,SL,0.09,120.03864140654194,0.36,137.68443761752343
AUD_USD,bearish,15,5,True,2018-07-30 00:00:00,2018-07-30 00:00:00,0.7369766,2018-08-21 16:45:00,0.7369766,SL,0.1,122.90749028832752,0.4,14.348898834599302
NZD_CHF,bearish,15,5,True,2018-07-03 00:00:00,2018-07-09 15:30:00,0.6785672742,2018-08-21 22:45:00,0.6618466513134006,SL,0.08,121.42826017798166,0.32,139.32249920467885
CHF_JPY,bearish,15,5,True,2018-07-25 00:00:00,2018-07-31 01:30:00,112.45246499999999,2018-08-22 12:45:00,112.45246499999999,SL,0.16,123.40586723713636,0.64,14.168704068456362
USD_JPY,bearish,14,4,False,2018-08-14 00:00:00,2018-08-14 07:00:00,111.135132,2018-08-23 14:00:00,111.135132,SL,0.14,125.00740057807805,0.56,14.440888069369365
AUD_USD,bearish,15,5,True,2018-08-22 00:00:00,2018-08-22 00:00:00,0.7334471758,2018-08-24 14:00:00,0.7334471758,SL,0.09,130.82516011966155,0.36,15.339019214359386
CAD_CHF,bullish,15,5,True,2018-06-29 00:00:00,2018-06-29 09:00:00,0.7506859559999999,2018-08-29 13:45:00,0.7506859559999999,SL,0.1,116.76232517498181,0.4,13.611479020997818
GBP_CAD,bearish,15,5,True,2018-08-16 00:00:00,2018-08-21 18:45:00,1.6838466789,2018-08-29 14:45:00,1.6838466789,SL,0.05,130.22697023178054,0.2,15.427236427813666
GBP_AUD,bearish,15,5,True,2018-08-13 00:00:00,2018-08-13 04:45:00,1.7550081435999998,2018-08-30 01:30:00,1.7887649352625636,SL,0.06,124.87534156215287,0.24,-125.11534156215286
USD_CHF,bearish,14,4,False,2018-08-09 00:00:00,2018-08-09 00:00:00,0.990243701,2018-08-31 07:00:00,0.9653055941398182,TP3,0.1,122.27400771870951,0.4,201.3521127358708
AUD_CHF,bearish,15,5,True,2018-08-20 00:00:00,2018-08-20 08:30:00,0.728113936,2018-08-31 10:15:00,0.6990719080001564,TP3,0.09,130.23057023178055,0.36,214.52044088243764
EUR_AUD,bullish,15,5,True,2018-02-02 00:00:00,2018-05-21 14:45:00,1.5537656171999998,2018-09-03 01:30:00,1.6169151944096969,TP3,0.06,122.65211333339401,0.24,202.13598700010033
USD_CAD,bearish,14,4,False,2018-08-09 00:00:00,2018-08-10 08:15:00,1.3120488696000001,2018-09-04 07:15:00,1.3120488696000001,SL,0.09,124.9378325796175,0.36,14.6325399095541
GBP_NZD,bullish,15,5,True,2018-08-09 00:00:00,2018-08-09 05:30:00,1.9363188943000003,2018-09-05 15:15:00,1.9615797474389538,SL,0.09,122.27400771870951,0.36,140.2551088765161
CAD_CHF,bearish,15,5,True,2018-08-30 00:00:00,2018-08-30 00:00:00,0.75171,2018-09-10 09:30:00,0.7385748787880201,SL,0.12,132.69494836677845,0.48,155.20184366791554
AUD_USD,bearish,15,5,True,2018-08-27 00:00:00,2018-08-27 00:00:00,0.73376,2018-09-12 15:15:00,0.7168528663468547,SL,0.09,131.3600490959633,0.36,152.06602523119085
AUD_JPY,bearish,15,5,True,2018-06-19 00:00:00,2018-07-09 01:45:00,82.37809572,2018-09-13 12:30:00,80.40444379065524,SL,0.1,121.29982185032999,0.4,139.09479512787962
EUR_JPY,bearish,15,5,True,2018-08-02 00:00:00,2018-08-29 14:00:00,130.43110531,2018-09-13 13:30:00,130.43110531,SL,0.12,132.69674836677848,0.48,15.443609804013418
CHF_JPY,bullish,15,5,True,2018-08-23 00:00:00,2018-08-23 00:00:00,112.445,2018-09-18 05:45:00,116.47107426266177,TP3,0.11,131.08638890718373,0.44,219.04181210415814
GBP_JPY,bearish,15,5,True,2018-09-04 00:00:00,2018-09-05 13:00:00,144.31530347,2018-09-18 06:15:00,147.71871201318658,SL,0.06,137.07702251654712,0.24,-137.31702251654713
GBP_USD,bearish,15,5,True,2018-08-21 00:00:00,2018-08-21 17:45:00,1.2899098011999999,2018-09-18 22:15:00,1.3174151175108206,SL,0.05,130.22697023178054,0.2,-130.42697023178053
XAG_USD,bearish,15,5,True,2018-08-16 00:00:00,2018-08-28 09:15:00,14.984711713294983,2018-09-21 00:15:00,14.37123933524971,SL,0.05,131.50162239598305,0.2,151.02686575538053
AUD_JPY,bearish,15,5,True,2018-09-14 00:00:00,2018-09-14 00:00:00,80.18966088,2018-09-21 00:15:00,82.0445268571327,SL,0.12,142.51346934781023,0.48,-142.99346934781022
CHF_JPY,bullish,15,5,True,2018-09-19 00:00:00,2018-09-19 11:00:00,115.91254733999999,2018-09-27 15:45:00,115.91254733999999,SL,0.13,141.52119776880954,0.52,16.462543732257146
XAG_USD,bearish,15,5,True,2018-09-24 00:00:00,2018-09-25 13:30:00,14.4721693962574,2018-09-28 12:45:00,14.4721693962574,SL,0.06,141.0362324691297,0.24,16.684347896295563
CAD_CHF,bearish,15,5,True,2018-09-11 00:00:00,2018-09-11 20:00:00,0.7437220632,2018-09-28 19:15:00,0.7582194723116726,SL,0.1,140.55225925936264,0.4,-140.95225925936265
USD_CAD,bullish,14,4,False,2018-09-05 00:00:00,2018-09-11 20:00:00,1.3080699908999998,2018-10-01 00:00:00,1.2865845649772136,SL,0.09,140.55225925936264,0.36,-140.91225925936266
USD_JPY,bullish,14,4,False,2018-08-24 00:00:00,2018-08-31 00:00:00,110.90487756,2018-10-01 07:00:00,113.97863320563924,TP3,0.14,132.54889652488038,0.56,218.1456792660528
EUR_CHF,bearish,15,5,True,2018-08-16 00:00:00,2018-08-24 14:15:00,1.1421819124,2018-10-01 08:45:00,1.1421819124,SL,0.06,131.3600490959633,0.24,15.523205891515595
XAG_USD,bearish,15,5,True,2018-10-01 00:00:00,2018-10-01 00:00:00,14.617618334913251,2018-10-02 12:45:00,14.617618334913251,SL,0.09,140.63807163091624,0.36,16.516568595709952
GBP_USD,bearish,15,5,True,2018-09-19 00:00:00,2018-09-21 13:00:00,1.3067453808,2018-10-05 12:30:00,1.3067453808,SL,0.07,141.0362324691297,0.28,16.64434789629556
EUR_JPY,bullish,15,5,True,2018-09-14 00:00:00,2018-09-14 16:15:00,130.25571237,2018-10-08 08:30:00,130.25571237,SL,0.11,142.51346934781023,0.44,16.661616321737228
CHF_JPY,bullish,15,5,True,2018-09-28 00:00:00,2018-09-28 00:00:00,116.39909999999998,2018-10-08 08:45:00,114.22981262274138,SL,0.1,141.9088019642505,0.4,-142.3088019642505
EUR_JPY,bullish,15,5,True,2018-10-09 00:00:00,2018-10-09 09:45:00,129.57994251,2018-10-10 19:00:00,129.57994251,SL,0.17,141.15236081183664,0.68,16.258283297420398
USD_JPY,bullish,15,5,True,2018-10-02 00:00:00,2018-10-08 08:30:00,113.48090361,2018-10-11 01:45:00,112.01169675024786,SL,0.15,142.4371000295149,0.6,-143.0371000295149
XAG_USD,bearish,15,5,True,2018-10-03 00:00:00,2018-10-03 12:00:00,14.617618334913251,2018-10-11 16:00:00,14.617618334913251,SL,0.09,140.91621661817015,0.36,16.54994599418042
EUR_JPY,bullish,15,5,True,2018-10-11 00:00:00,2018-10-11 00:00:00,129.378,2018-10-12 16:45:00,129.378,SL,0.2,141.906241830959,0.8,16.228749019715078
GBP_CAD,bullish,15,5,True,2018-08-30 00:00:00,2018-10-01 00:00:00,1.6791483719999998,2018-10-15 00:00:00,1.7073209834103849,SL,0.07,140.63807163091624,0.28,161.45378237555352
USD_JPY,bullish,15,5,True,2018-10-12 00:00:00,2018-10-12 01:15:00,112.43058418999999,2018-10-15 07:30:00,111.71000863310951,SL,0.29,140.7689266718708,1.16,-141.92892667187078
GBP_NZD,bullish,15,5,True,2018-09-18 00:00:00,2018-09-21 14:15:00,1.9558828604999998,2018-10-15 13:45:00,2.008640042520647,SL,0.05,141.0362324691297,0.2,161.99166733949943
EUR_AUD,bullish,15,5,True,2018-09-11 00:00:00,2018-09-19 03:15:00,1.6124430848999998,2018-10-18 02:45:00,1.6124430848999998,SL,0.08,141.52119776880954,0.32,16.662543732257145
USD_CAD,bearish,15,5,True,2018-10-02 00:00:00,2018-10-04 15:30:00,1.2891017219,2018-10-19 12:30:00,1.31144738016632,SL,0.08,141.22139347186285,0.32,-141.54139347186285
EUR_JPY,bullish,15,5,True,2018-10-15 00:00:00,2018-10-15 00:00:00,129.57994251,2018-10-23 14:15:00,128.3175530777137,SL,0.17,140.7617266718708,0.68,-141.4417266718708
USD_CHF,bearish,15,5,True,2018-09-03 00:00:00,2018-09-28 19:45:00,0.9818702188,2018-10-25 13:30:00,1.0003410931165968,SL,0.08,140.63807163091624,0.32,-140.95807163091624
GBP_USD,bullish,14,4,False,2018-10-08 00:00:00,2018-10-08 06:00:00,1.3104899102999998,2018-10-25 13:30:00,1.284295657160614,SL,0.05,142.28491051556728,0.2,-142.48491051556726
EUR_CHF,bullish,15,5,True,2018-10-02 00:00:00,2018-10-02 07:00:00,1.1354137847999999,2018-10-26 14:45:00,1.1354137847999999,SL,0.11,140.7671374871035,0.44,16.452056498452418
GBP_NZD,bullish,15,5,True,2018-10-16 00:00:00,2018-10-17 08:30:00,1.9917213499999997,2018-10-29 07:45:00,1.9592680839000072,SL,0.07,140.8743341371192,0.28,-141.1543341371192
EUR_JPY,bearish,15,5,True,2018-10-24 00:00:00,2018-10-24 00:00:00,128.50550370000002,2018-10-31 01:00:00,128.50550370000002,SL,0.1,138.3246060558256,0.4,16.198952726699073
GBP_NZD,bearish,15,5,True,2018-10-30 00:00:00,2018-10-30 00:00:00,1.96184,2018-10-31 15:30:00,1.96184,SL,0.06,134.9539499657965,0.24,15.954473995895581
EUR_AUD,bullish,15,5,True,2018-10-19 00:00:00,2018-10-19 00:00:00,1.6202921549999998,2018-11-01 00:30:00,1.5934469283755077,SL,0.08,140.8714541371192,0.32,-141.1914541371192
AUD_JPY,bearish,15,5,True,2018-10-02 00:00:00,2018-10-02 08:45:00,80.99558712,2018-11-01 12:15:00,80.99558712,SL,0.13,140.7671374871035,0.52,16.37205649845242
XAG_USD,bearish,15,5,True,2018-10-12 00:00:00,2018-10-12 05:15:00,14.607674846649168,2018-11-01 13:00:00,14.607674846649168,SL,0.09,140.7689266718708,0.36,16.532271200624496
AUD_USD,bearish,15,5,True,2018-09-13 00:00:00,2018-09-13 13:45:00,0.722810387,2018-11-02 04:45:00,0.722810387,SL,0.08,141.8040233394843,0.32,16.696482800738114
AUD_CHF,bearish,15,5,True,2018-09-18 00:00:00,2018-09-27 15:30:00,0.7056169462,2018-11-02 04:45:00,0.7246572335363047,SL,0.07,141.9134819642505,0.28,-142.1934819642505
USD_CAD,bullish,14,4,False,2018-10-22 00:00:00,2018-10-24 14:00:00,1.3062035450999998,2018-11-02 06:45:00,1.3062035450999998,SL,0.11,138.3246060558256,0.44,16.15895272669907
XAG_USD,bearish,15,5,True,2018-11-02 00:00:00,2018-11-02 01:45:00,14.61006875086784,2018-11-02 14:15:00,14.886949703481484,SL,0.1,134.26379009314869,0.4,-134.6637900931487
USD_CHF,bullish,15,5,True,2018-10-26 00:00:00,2018-10-26 20:00:00,0.9967451711999998,2018-11-07 09:45:00,0.9967451711999998,SL,0.11,136.07230853222498,0.44,15.888677023866999
GBP_USD,bearish,15,5,True,2018-11-01 00:00:00,2018-11-01 08:00:00,1.2893116271,2018-11-07 10:15:00,1.3172482684654196,SL,0.05,134.2717100931487,0.2,-134.4717100931487
NZD_CHF,bearish,15,5,True,2018-08-22 00:00:00,2018-11-01 08:45:00,0.6639130137,2018-11-07 15:45:00,0.6779283245354569,SL,0.1,134.2717100931487,0.4,-134.6717100931487
GBP_CAD,bullish,14,4,False,2018-10-16 00:00:00,2018-10-24 07:00:00,1.6958773004999996,2018-11-12 10:00:00,1.6958773004999996,SL,0.05,138.3246060558256,0.2,16.398952726699072
XAG_USD,bearish,15,5,True,2018-11-05 00:00:00,2018-11-05 12:45:00,14.61006875086784,2018-11-12 14:45:00,14.036989088972563,TP3,0.1,131.7652346446321,0.4,217.01263716364278
USD_JPY,bullish,15,5,True,2018-10-16 00:00:00,2018-10-16 05:15:00,112.43058418999999,2018-11-13 00:15:00,113.60122340213216,SL,0.2,140.8743341371192,0.8,161.20548425768726
EUR_NZD,bullish,15,5,True,2018-07-10 00:00:00,2018-11-06 21:45:00,1.7028893261999998,2018-11-13 07:45:00,1.6647872217229611,SL,0.06,132.0667663896405,0.24,-132.3067663896405
GBP_NZD,bearish,15,5,True,2018-11-01 00:00:00,2018-11-01 00:15:00,1.9606626041,2018-11-14 19:15:00,1.9182914558133914,SL,0.06,135.54243318038277,0.24,155.63379815744025
GBP_CAD,bullish,14,4,False,2018-11-13 00:00:00,2018-11-13 00:00:00,1.7039442545999999,2018-11-15 08:45:00,1.7039442545999999,SL,0.06,132.48811305962244,0.24,15.658573567154692
GBP_JPY,bullish,15,5,True,2018-10-16 00:00:00,2018-10-18 17:30:00,145.88400105,2018-11-15 09:00:00,145.88400105,SL,0.05,140.8714541371192,0.2,16.704574496454306
CAD_CHF,bullish,14,4,False,2018-10-09 00:00:00,2018-10-10 23:45:00,0.7569751655999999,2018-11-19 10:15:00,0.7569751655999999,SL,0.08,141.906241830959,0.32,16.70874901971508
USD_CHF,bullish,15,5,True,2018-11-08 00:00:00,2018-11-08 00:00:00,1.0055162081999998,2018-11-19 17:45:00,0.9925682303576518,SL,0.1,129.78690143579863,0.4,-130.18690143579863
CHF_JPY,bearish,15,5,True,2018-10-23 00:00:00,2018-11-07 10:45:00,113.53400137999999,2018-11-21 02:15:00,113.53400137999999,SL,0.11,130.85256099880215,0.44,15.262307319856259
GBP_CAD,bullish,14,4,False,2018-11-16 00:00:00,2018-11-16 00:00:00,1.6869895854,2018-11-27 12:15:00,1.6869895854,SL,0.11,133.52401279588534,0.44,15.58288153550624
XAG_USD,bearish,15,5,True,2018-11-13 00:00:00,2018-11-16 13:45:00,14.368387097597122,2018-11-28 17:00:00,14.368387097597122,SL,0.06,133.66533356176407,0.24,15.799840027411689
USD_CAD,bullish,15,5,True,2018-11-05 00:00:00,2018-11-07 13:30:00,1.3062035450999998,2018-11-28 18:45:00,1.3245273028986961,SL,0.1,130.85256099880215,0.4,150.0804451486223
GBP_AUD,bullish,15,5,True,2018-08-31 00:00:00,2018-11-15 08:45:00,1.7734236432,2018-12-03 00:00:00,1.7344527819143165,SL,0.05,133.52797279588535,0.2,-133.72797279588534
XAG_USD,bearish,15,5,True,2018-11-29 00:00:00,2018-11-29 00:00:00,14.309156301221847,2018-12-03 03:45:00,14.309156301221847,SL,0.11,134.41073680760059,0.44,15.689288416912072
AUD_CHF,bearish,15,5,True,2018-11-20 00:00:00,2018-11-20 00:00:00,0.7238679924,2018-12-03 08:30:00,0.7365430124631827,SL,0.1,132.63497738266142,0.4,-133.03497738266142
AUD_NZD,bullish,14,4,False,2018-04-20 00:00:00,2018-11-20 09:45:00,1.0611034617,2018-12-03 15:45:00,1.0611034617,SL,0.17,132.63497738266142,0.68,15.23619728591937
XAG_USD,bearish,15,5,True,2018-12-04 00:00:00,2018-12-04 01:45:00,14.452904562950133,2018-12-04 09:30:00,14.567639305805322,SL,0.23,132.86133568577117,0.92,-133.78133568577115
USD_CHF,bullish,15,5,True,2018-11-29 00:00:00,2018-11-30 12:00:00,1.0002708334,2018-12-04 09:45:00,0.9931934456694,SL,0.19,134.41073680760059,0.76,-135.17073680760058
EUR_AUD,bearish,14,4,False,2018-11-20 00:00:00,2018-11-20 00:00:00,1.56824935,2018-12-04 15:00:00,1.5460678875920293,SL,0.1,132.63497738266142,0.4,152.1302239900609
NZD_CAD,bearish,15,5,True,2018-07-06 00:00:00,2018-11-15 00:30:00,0.9010485777,2018-12-05 01:00:00,0.9214119859969014,SL,0.09,133.38488563378098,0.36,-133.744885633781
AUD_CHF,bullish,14,4,False,2018-12-04 00:00:00,2018-12-05 09:45:00,0.7276738076999999,2018-12-06 10:15:00,0.718379277521692,SL,0.14,130.0334964432116,0.56,-130.5934964432116
EUR_AUD,bearish,15,5,True,2018-12-05 00:00:00,2018-12-05 00:30:00,1.552797,2018-12-06 14:15:00,1.5775635849331027,SL,0.08,131.093710171375,0.32,-131.413710171375
USD_CHF,bullish,15,5,True,2018-12-05 00:00:00,2018-12-05 00:00:00,1.0002708334,2018-12-06 14:45:00,0.9909464624663731,SL,0.14,131.093710171375,0.56,-131.653710171375
GBP_CAD,bullish,14,4,False,2018-11-28 00:00:00,2018-12-03 05:15:00,1.6869895854,2018-12-07 13:30:00,1.7037387832806026,SL,0.12,133.49178737992202,0.48,153.03555548691006
XAG_USD,bearish,15,5,True,2018-12-05 00:00:00,2018-12-05 00:30:00,14.452966917314528,2018-12-07 19:00:00,14.636370866632085,SL,0.14,131.093710171375,0.56,-131.653710171375
GBP_USD,bullish,14,4,False,2018-11-08 00:00:00,2018-11-12 04:00:00,1.2929643987,2018-12-10 12:30:00,1.2647401559139588,SL,0.05,130.63975446875833,0.2,-130.83975446875831
XAG_USD,bearish,15,5,True,2018-12-10 00:00:00,2018-12-10 19:00:00,14.452966917314528,2018-12-11 07:15:00,14.6117119277841,SL,0.16,125.93054692353141,0.64,-126.57054692353141
GBP_AUD,bearish,15,5,True,2018-12-07 00:00:00,2018-12-07 00:00:00,1.76711,2018-12-12 00:45:00,1.7292238559315256,TP3,0.11,127.49882502673312,0.44,211.61691373204403
XAG_USD,bearish,15,5,True,2018-12-12 00:00:00,2018-12-12 07:45:00,14.452966917314528,2018-12-12 18:00:00,14.789834473702758,SL,0.08,126.55826549377915,0.32,-126.87826549377914
NZD_CHF,bullish,15,5,True,2018-11-22 00:00:00,2018-11-22 03:30:00,0.6767679446999999,2018-12-14 01:30:00,0.6767679446999999,SL,0.09,132.77660345574841,0.36,15.573192414689812
AUD_USD,bullish,15,5,True,2018-11-13 00:00:00,2018-11-13 00:00:00,0.71716,2018-12-14 08:15:00,0.71716,SL,0.09,132.48811305962244,0.36,15.538573567154693
XAG_USD,bearish,15,5,True,2018-12-13 00:00:00,2018-12-14 13:30:00,14.452966917314528,2018-12-19 14:45:00,14.791530469886704,SL,0.07,125.40988110433513,0.28,-125.68988110433513
NZD_CAD,bullish,15,5,True,2018-12-06 00:00:00,2018-12-14 01:30:00,0.9089076083999998,2018-12-20 04:15:00,0.9089076083999998,SL,0.09,125.41636110433514,0.36,14.689963332520216
USD_JPY,bullish,15,5,True,2018-11-14 00:00:00,2018-11-15 13:30:00,113.27939507999997,2018-12-20 13:30:00,111.5641750659048,SL,0.12,133.52401279588534,0.48,-134.00401279588533
CHF_JPY,bullish,14,4,False,2018-11-28 00:00:00,2018-11-28 00:00:00,113.996,2018-12-20 15:45:00,112.39725541789966,SL,0.13,133.6255308550832,0.52,-140.63830330672835
AUD_JPY,bullish,15,5,True,2018-11-08 00:00:00,2018-12-06 16:00:00,81.01701372,2018-12-20 19:00:00,78.88914241939223,SL,0.09,127.49882502673312,0.36,-127.85882502673311
USD_CHF,bullish,15,5,True,2018-12-13 00:00:00,2018-12-14 08:30:00,1.0002708334,2018-12-20 19:00:00,0.9841796423954867,SL,0.08,125.40988110433513,0.32,-125.72988110433512
GBP_AUD,bearish,15,5,True,2018-12-13 00:00:00,2018-12-13 00:00:00,1.74927,2018-12-21 08:15:00,1.7850359307071177,SL,0.05,125.41636110433514,0.2,-124.8873583836652
GBP_CAD,bearish,15,5,True,2018-12-10 00:00:00,2018-12-18 11:15:00,1.6997729819999996,2018-12-24 13:45:00,1.7243348181832823,SL,0.07,125.54533077432781,0.28,-125.82533077432781
CAD_CHF,bearish,14,4,False,2018-11-20 00:00:00,2018-11-20 00:00:00,0.7541,2018-12-24 14:30:00,0.7268831238959147,TP3,0.1,132.63497738266142,0.4,215.63873982806004
USD_CHF,bullish,15,5,True,2018-12-21 00:00:00,2018-12-24 21:00:00,0.9857547386,2018-12-25 23:00:00,0.9857547386,SL,0.48,120.0496111834538,1.92,12.485953342014456
USD_CHF,bullish,14,4,False,2018-12-26 00:00:00,2018-12-26 03:45:00,0.9857547386,2018-12-26 15:15:00,0.990518113857703,SL,0.28,120.16198476353193,1.12,137.06628247806094
USD_CAD,bullish,15,5,True,2018-11-29 00:00:00,2018-12-03 01:00:00,1.3252981431,2018-12-27 09:45:00,1.3632114301802745,TP3,0.1,133.49574737992202,0.4,219.86798317687132
CHF_JPY,bearish,15,5,True,2018-12-21 00:00:00,2018-12-21 00:00:00,112.72,2018-12-28 13:45:00,112.72,SL,0.09,120.37479919347933,0.36,14.08497590321752
USD_CHF,bearish,15,5,True,2018-12-28 00:00:00,2018-12-28 00:00:00,0.98686,2018-12-31 14:45:00,0.98686,SL,0.1,122.78462334638505,0.4,14.334154801566205
EUR_JPY,bearish,14,4,False,2018-11-01 00:00:00,2018-11-01 09:00:00,128.50550370000002,2019-01-02 13:00:00,124.37690317482465,TP3,0.1,134.2717100931487,0.4,221.14832165369535
AUD_NZD,bearish,15,5,True,2018-12-04 00:00:00,2018-12-04 00:00:00,1.0605120537,2019-01-02 22:45:00,1.0347698088382482,TP3,0.18,132.86133568577117,0.72,218.5012038815223
CAD_CHF,bearish,15,5,True,2018-12-26 00:00:00,2018-12-26 21:00:00,0.7340254897,2019-01-03 16:30:00,0.7340254897,SL,0.08,121.39558130583448,0.32,14.247469756700138
GBP_USD,bearish,15,5,True,2018-12-11 00:00:00,2018-12-12 15:30:00,1.2648879591,2019-01-04 07:00:00,1.2648879591,SL,0.05,126.55826549377915,0.2,14.986991859253497
GBP_USD,bearish,15,5,True,2019-01-07 00:00:00,2019-01-07 09:45:00,1.2765464775,2019-01-07 13:30:00,1.2765464775,SL,0.23,126.71073570670812,0.92,14.285288284804974
USD_CAD,bullish,15,5,True,2019-01-03 00:00:00,2019-01-03 15:15:00,1.3512769709999999,2019-01-07 16:45:00,1.3297076692539904,SL,0.08,126.71541570670813,0.32,-127.03541570670812
GBP_USD,bearish,15,5,True,2019-01-08 00:00:00,2019-01-08 00:00:00,1.2777770999999998,2019-01-08 06:15:00,1.2777770999999998,SL,0.33,125.83072072907358,1.32,13.779686487488828
GBP_USD,bearish,15,5,True,2019-01-09 00:00:00,2019-01-09 08:30:00,1.2765464775,2019-01-09 14:30:00,1.2765464775,SL,0.16,125.95473790746098,0.64,14.474568548895318
AUD_USD,bearish,15,5,True,2019-01-02 00:00:00,2019-01-04 15:15:00,0.7071089288,2019-01-11 04:15:00,0.7210665740377558,SL,0.09,126.71073570670812,0.36,-127.07073570670812
GBP_CAD,bullish,15,5,True,2018-12-26 00:00:00,2019-01-02 16:15:00,1.7098007513999998,2019-01-11 09:00:00,1.676152798638368,SL,0.05,124.75571218758179,0.2,-124.9557121875818
GBP_USD,bearish,15,5,True,2019-01-10 00:00:00,2019-01-10 01:15:00,1.2765464775,2019-01-11 10:00:00,1.2765464775,SL,0.16,126.08500902440105,0.64,14.490201082928124
USD_CHF,bearish,14,4,False,2019-01-02 00:00:00,2019-01-02 13:15:00,0.9871866033000001,2019-01-15 16:00:00,0.9871866033000001,SL,0.11,124.75571218758179,0.44,14.530685462509815
GBP_USD,bearish,15,5,True,2019-01-14 00:00:00,2019-01-15 16:00:00,1.2765464775,2019-01-15 19:30:00,1.2765464775,SL,0.15,123.94718280309878,0.6,14.273661936371855
GBP_USD,bearish,15,5,True,2019-01-16 00:00:00,2019-01-16 01:15:00,1.2765464775,2019-01-17 18:45:00,1.2979749690383395,SL,0.06,124.07168576052612,0.24,-124.31168576052612
CAD_CHF,bearish,15,5,True,2019-01-04 00:00:00,2019-01-04 08:45:00,0.7340115,2019-01-17 19:30:00,0.7493703933895913,SL,0.08,126.71073570670812,0.32,-127.03073570670811
USD_CAD,bullish,15,5,True,2019-01-15 00:00:00,2019-01-17 13:15:00,1.337831429,2019-01-25 22:00:00,1.322,DDD_3.8%,0.07,124.20554871795348,0.28,-87.20972166798536
GBP_AUD,bullish,15,5,True,2019-01-02 00:00:00,2019-01-07 08:45:00,1.7829990017999997,2019-01-29 20:45:00,1.8271670185648108,SL,0.05,126.71073570670812,0.2,145.51734606271424
EUR_CHF,bearish,15,5,True,2018-10-29 00:00:00,2018-10-29 10:00:00,1.1391972705999998,2019-01-30 07:45:00,1.1391972705999998,SL,0.1,134.8019195249909,0.4,15.776230342998906
GBP_CAD,bullish,14,4,False,2019-01-14 00:00:00,2019-01-15 15:15:00,1.6970198849999998,2019-01-30 13:15:00,1.729455047523575,SL,0.06,123.94718280309878,0.24,142.2992602235636
AUD_USD,bearish,15,5,True,2019-01-14 00:00:00,2019-01-16 10:45:00,0.7142155511999999,2019-01-30 19:30:00,0.72620521262864,SL,0.1,124.07168576052612,0.4,-124.47168576052613
EUR_USD,bullish,14,4,False,2019-01-28 00:00:00,2019-01-28 06:00:00,1.1407061147999997,2019-02-05 15:00:00,1.1407061147999997,SL,0.08,122.78253108286283,0.32,14.413903729943542
NZD_CHF,bullish,15,5,True,2019-01-30 00:00:00,2019-01-30 00:00:00,0.6801256295999999,2019-02-06 21:45:00,0.6801256295999999,SL,0.1,123.40794922461103,0.4,14.408953906953323
USD_CAD,bearish,15,5,True,2019-01-28 00:00:00,2019-01-28 11:45:00,1.3235600445,2019-02-07 01:45:00,1.3235600445,SL,0.1,122.78253108286283,0.4,14.333903729943541
GBP_NZD,bearish,15,5,True,2018-11-15 00:00:00,2019-01-17 16:00:00,1.9192795192999998,2019-02-07 13:45:00,1.9192795192999998,SL,0.04,124.20554871795348,0.16,14.744665846154415
EUR_CAD,bearish,15,5,True,2019-02-04 00:00:00,2019-02-07 04:45:00,1.5043303908,2019-02-14 14:00:00,1.5043303908,SL,0.09,123.6830652143676,0.36,14.481967825724112
USD_CHF,bullish,15,5,True,2019-01-16 00:00:00,2019-01-16 00:00:00,0.9895760840999999,2019-02-18 02:00:00,1.0032846971956864,SL,0.1,124.07168576052612,0.4,142.28243862460502
AUD_CAD,bearish,15,5,True,2019-01-28 00:00:00,2019-01-28 00:00:00,0.947513426,2019-02-18 11:45:00,0.947513426,SL,0.14,122.64816383127089,0.56,14.157779659752507
EUR_USD,bearish,15,5,True,2019-02-07 00:00:00,2019-02-07 00:00:00,1.1354524488,2019-02-19 17:30:00,1.1354524488,SL,0.09,123.6866652143676,0.36,14.48239982572411
CHF_JPY,bearish,15,5,True,2019-02-08 00:00:00,2019-02-08 00:00:00,109.43907291000001,2019-02-20 00:45:00,110.62371245995199,SL,0.16,123.6816252143676,0.64,-124.3216252143676
AUD_CAD,bearish,15,5,True,2019-02-19 00:00:00,2019-02-19 00:00:00,0.94386,2019-02-25 14:15:00,0.94386,SL,0.12,125.21950906716847,0.48,14.546341088060215
CHF_JPY,bearish,15,5,True,2019-02-21 00:00:00,2019-02-21 00:00:00,110.53896309,2019-02-25 17:15:00,111.08801279098414,SL,0.34,124.23081686985236,1.36,-125.59081686985236
AUD_CHF,bearish,15,5,True,2019-02-25 00:00:00,2019-02-25 14:30:00,0.7182907256999999,2019-02-26 16:15:00,0.7182907256999999,SL,0.24,124.4950346063061,0.96,13.979404152756732
CAD_JPY,bearish,15,5,True,2019-01-28 00:00:00,2019-01-30 13:30:00,82.88033999999999,2019-02-28 16:15:00,84.56884279702444,SL,0.11,124.14829752435759,0.44,-124.58829752435759
EUR_AUD,bearish,14,4,False,2019-02-26 00:00:00,2019-02-26 00:00:00,1.5835330076999998,2019-03-01 16:45:00,1.6067067627441471,SL,0.08,123.36471725447744,0.32,-123.68471725447743
EUR_CAD,bearish,15,5,True,2019-02-19 00:00:00,2019-02-19 00:00:00,1.4952689258,2019-03-06 13:15:00,1.5136517742736169,SL,0.09,125.21950906716847,0.36,-125.57950906716847
EUR_JPY,bullish,15,5,True,2019-02-27 00:00:00,2019-02-27 00:00:00,125.966,2019-03-07 13:00:00,125.966,SL,0.12,123.62383255851346,0.48,14.354859907021616
CHF_JPY,bullish,14,4,False,2019-03-01 00:00:00,2019-03-01 00:00:00,111.72,2019-03-08 04:15:00,110.1190286138249,SL,0.11,122.63605161995744,0.44,-128.01311170793514
USD_JPY,bullish,14,4,False,2019-01-28 00:00:00,2019-01-28 00:00:00,109.387,2019-03-08 06:15:00,110.99327987174493,SL,0.12,122.64816383127089,0.48,137.8810288044767
GBP_AUD,bullish,14,4,False,2019-01-31 00:00:00,2019-01-31 00:00:00,1.8113717999999999,2019-03-08 14:15:00,1.8555284737667772,SL,0.05,123.42654320481444,0.2,141.74052468553657
EUR_USD,bearish,15,5,True,2019-02-20 00:00:00,2019-02-20 00:00:00,1.1330274746,2019-03-13 18:45:00,1.1330274746,SL,0.08,125.34971149678168,0.32,14.721965379613803
GBP_USD,bullish,14,4,False,2019-02-20 00:00:00,2019-03-11 00:30:00,1.2965618766,2019-03-14 10:30:00,1.3210805544271886,SL,0.05,121.62244656391888,0.2,139.66581354850666
EUR_GBP,bearish,15,5,True,2019-02-06 00:00:00,2019-02-06 00:00:00,0.88052,2019-03-18 15:00:00,0.8580626421230165,SL,0.05,123.55780519742983,0.2,140.48905135425133
USD_CHF,bullish,15,5,True,2019-03-07 00:00:00,2019-03-07 03:00:00,1.0081935684,2019-03-20 18:00:00,0.9955442876261202,SL,0.1,121.45571631745852,0.4,-121.85571631745853
CAD_CHF,bullish,14,4,False,2019-01-18 00:00:00,2019-01-23 15:30:00,0.7456365143999999,2019-03-20 19:00:00,0.7456365143999999,SL,0.1,122.74976376964237,0.4,14.329971652357086
GBP_JPY,bullish,15,5,True,2019-03-05 00:00:00,2019-03-11 00:00:00,144.29563674,2019-03-21 16:15:00,144.29563674,SL,0.05,121.62244656391888,0.2,14.394693587670268
EUR_CHF,bullish,14,4,False,2019-02-15 00:00:00,2019-02-15 00:00:00,1.1375067576,2019-03-22 08:45:00,1.1235076820465144,SL,0.09,124.61399422265386,0.36,-124.97399422265386
AUD_CHF,bearish,15,5,True,2019-03-19 00:00:00,2019-03-19 00:00:00,0.71041,2019-03-26 15:00:00,0.71041,SL,0.13,124.81377259019548,0.52,14.457652710823458
AUD_NZD,bearish,15,5,True,2019-01-03 00:00:00,2019-01-07 21:30:00,1.0585089794000002,2019-03-27 01:00:00,1.041169937606206,SL,0.13,125.83072072907358,0.52,144.18532883843503
NZD_USD,bullish,15,5,True,2019-03-04 00:00:00,2019-03-04 01:00:00,0.6808767867,2019-03-27 01:00:00,0.6808767867,SL,0.1,122.05272923241824,0.4,14.24632750789019
NZD_JPY,bullish,15,5,True,2019-02-25 00:00:00,2019-03-07 16:00:00,75.42723185999999,2019-03-27 01:00:00,75.42723185999999,SL,0.11,121.58677400587506,0.44,14.150412880705007
GBP_AUD,bullish,15,5,True,2019-03-27 00:00:00,2019-03-27 00:00:00,1.85250095,2019-03-28 08:00:00,1.85250095,SL,0.12,122.98357718646547,0.48,14.278029262375856
NZD_CAD,bullish,14,4,False,2018-12-21 00:00:00,2019-01-02 14:00:00,0.9089076083999998,2019-03-29 12:45:00,0.9089076083999998,SL,0.09,124.75571218758179,0.36,14.610685462509815
GBP_NZD,bullish,15,5,True,2019-03-22 00:00:00,2019-03-22 00:00:00,1.90645,2019-03-29 14:30:00,1.90645,SL,0.04,124.11302313446936,0.16,14.733562776136324
EUR_CAD,bullish,14,4,False,2019-03-11 00:00:00,2019-03-11 00:00:00,1.5135902999999997,2019-04-01 18:15:00,1.4909296849408746,SL,0.07,121.62244656391888,0.28,-121.90244656391889
AUD_NZD,bearish,15,5,True,2019-03-29 00:00:00,2019-03-29 14:30:00,1.0380335661,2019-04-01 21:00:00,1.0474248719669532,SL,0.22,124.12101329269734,0.88,-125.00101329269734
EUR_AUD,bearish,14,4,False,2019-03-27 00:00:00,2019-03-27 07:45:00,1.5863424698,2019-04-02 16:30:00,1.5863424698,SL,0.08,123.7282413190596,0.32,14.527388958287153
AUD_CAD,bearish,15,5,True,2019-03-26 00:00:00,2019-03-27 07:45:00,0.9481499439,2019-04-03 12:15:00,0.9481499439,SL,0.23,123.7282413190596,0.92,13.927388958287153
AUD_CHF,bearish,15,5,True,2019-03-29 00:00:00,2019-03-29 06:00:00,0.7067834046,2019-04-10 15:15:00,0.7170304147737521,SL,0.12,124.12425329269735,0.48,-124.60425329269735
GBP_AUD,bullish,15,5,True,2019-04-04 00:00:00,2019-04-04 01:00:00,1.849930865,2019-04-10 19:00:00,1.8251612259085381,SL,0.08,122.28758429439307,0.32,-122.60758429439306
NZD_CHF,bearish,15,5,True,2019-03-28 00:00:00,2019-03-29 15:30:00,0.679752558,2019-04-15 02:00:00,0.679752558,SL,0.11,124.11957329269734,0.44,14.45434879512368
EUR_NZD,bearish,15,5,True,2018-11-20 00:00:00,2018-12-20 02:00:00,1.6867852322999999,2019-04-16 22:45:00,1.6867852322999999,SL,0.06,124.41412184438879,0.24,14.689694621326655
NZD_JPY,bearish,15,5,True,2019-04-02 00:00:00,2019-04-02 00:00:00,75.40292482999999,2019-04-17 02:00:00,75.40292482999999,SL,0.16,121.89744215398778,0.64,13.987693058478534
CAD_CHF,bearish,15,5,True,2019-03-22 00:00:00,2019-03-22 09:45:00,0.7453398536000001,2019-04-17 08:00:00,0.7572786687921275,SL,0.1,122.98825718646548,0.4,-123.38825718646548
USD_CHF,bullish,15,5,True,2019-04-02 00:00:00,2019-04-02 00:00:00,0.99931,2019-04-23 12:30:00,1.020590082249635,TP3,0.12,121.89744215398778,0.48,202.15681766352972
GBP_USD,bullish,15,5,True,2019-03-15 00:00:00,2019-03-15 00:00:00,1.32504,2019-04-23 13:00:00,1.295188440387778,SL,0.04,124.21658327607334,0.16,-127.82879420857961
CAD_JPY,bullish,15,5,True,2019-04-17 00:00:00,2019-04-17 00:00:00,84.12162554999999,2019-04-23 18:30:00,83.18448994976514,SL,0.19,120.31985623116188,0.76,-121.07985623116188
CAD_CHF,bullish,15,5,True,2019-04-18 00:00:00,2019-04-18 00:00:00,0.75694,2019-04-24 08:00:00,0.75694,SL,0.12,119.2036019164837,0.48,13.824432229978045
USD_JPY,bearish,15,5,True,2019-03-27 00:00:00,2019-03-27 04:30:00,110.59684297,2019-04-24 18:15:00,112.1771275830909,SL,0.12,123.7282413190596,0.48,-124.20824131905961
USD_JPY,bullish,15,5,True,2019-04-25 00:00:00,2019-04-25 02:15:00,111.95701607999999,2019-04-26 21:00:00,111.591,DDD_4.3%,0.14,118.05298478792314,0.56,-34.434424345980446
CAD_JPY,bearish,15,5,True,2019-04-24 00:00:00,2019-04-24 00:00:00,83.236,2019-04-30 20:30:00,83.236,SL,0.17,119.17517895979468,0.68,13.621021475175361
XAG_USD,bearish,15,5,True,2019-03-21 00:00:00,2019-03-21 00:00:00,15.51302,2019-05-03 14:00:00,14.911396080458369,SL,0.05,123.84528809090936,0.2,144.82375361499257
GBP_JPY,bearish,15,5,True,2019-04-02 00:00:00,2019-04-02 20:15:00,146.3442418,2019-05-03 15:00:00,146.3442418,SL,0.07,122.29586429439307,0.28,14.395503715327168
GBP_USD,bearish,15,5,True,2019-04-24 00:00:00,2019-04-24 14:00:00,1.2958791644,2019-05-03 15:00:00,1.3140521503930298,SL,0.07,119.17085895979467,0.28,-119.45085895979467
NZD_CHF,bullish,15,5,True,2019-04-16 00:00:00,2019-04-16 00:00:00,0.6792,2019-05-03 21:00:00,0.6755,DDD_4.1%,0.13,120.05871775610926,0.52,-47.82223746489427
GBP_AUD,bullish,15,5,True,2019-04-29 00:00:00,2019-04-29 00:00:00,1.83386,2019-05-06 00:00:00,1.8861214234195272,TP3,0.08,117.8717841620859,0.32,195.60305599798707
NAS100_USD,bullish,15,5,True,2019-05-06 00:00:00,2019-05-06 00:45:00,7666.6207675,2019-05-07 14:15:00,7666.6207675,SL,0.06,119.41771389357196,0.0,14.330125667228636
AUD_NZD,bearish,15,5,True,2019-04-30 00:00:00,2019-04-30 22:45:00,1.0598068773,2019-05-08 02:00:00,1.072470876471137,SL,0.16,117.99296568898095,0.64,-118.63296568898095
CHF_JPY,bearish,15,5,True,2019-03-11 00:00:00,2019-03-13 22:00:00,110.85950705,2019-05-09 02:15:00,107.62853982603737,TP3,0.12,123.61635216558193,0.48,203.4869810732101
EUR_AUD,bearish,15,5,True,2019-04-04 00:00:00,2019-04-24 01:30:00,1.5853542358000001,2019-05-09 13:45:00,1.6088036966225627,SL,0.08,119.17517895979468,0.32,-119.49517895979467
XAG_USD,bearish,15,5,True,2019-05-06 00:00:00,2019-05-06 01:00:00,14.83629214842796,2019-05-10 12:45:00,14.83629214842796,SL,0.17,119.41771389357196,0.68,13.650125667228636
GBP_CHF,bullish,15,5,True,2019-05-06 00:00:00,2019-05-07 18:30:00,1.3312264169999999,2019-05-13 11:45:00,1.311562926647519,SL,0.06,120.08070766593234,0.24,-120.32070766593233
CAD_CHF,bullish,15,5,True,2019-04-25 00:00:00,2019-04-25 00:00:00,0.7576394303999999,2019-05-13 15:15:00,0.7472636118704106,SL,0.11,118.05298478792314,0.44,-118.49298478792313
EUR_GBP,bearish,15,5,True,2019-03-22 00:00:00,2019-04-17 07:45:00,0.8673642656,2019-05-13 15:30:00,0.8673642656,SL,0.05,120.31409623116188,0.2,14.237691547739427
EUR_CHF,bullish,14,4,False,2019-05-06 00:00:00,2019-05-06 00:00:00,1.1408394983999999,2019-05-15 12:30:00,1.1268089044836889,SL,0.08,118.29379402406535,0.32,-118.61379402406534
GBP_USD,bullish,14,4,False,2019-05-09 00:00:00,2019-05-09 00:00:00,1.307103,2019-05-15 13:15:00,1.2849482802905416,SL,0.05,119.1407682722775,0.2,-119.3407682722775
GBP_CAD,bullish,15,5,True,2019-01-31 00:00:00,2019-01-31 00:00:00,1.7292431999999998,2019-05-15 14:00:00,1.7292431999999998,SL,0.05,123.42654320481444,0.2,14.611185184577733
GBP_JPY,bearish,15,5,True,2019-05-06 00:00:00,2019-05-06 00:00:00,144.98533447999998,2019-05-17 06:15:00,140.14011004135648,TP3,0.08,118.29379402406535,0.32,194.86476013970776
XAG_USD,bearish,15,5,True,2019-05-13 00:00:00,2019-05-13 13:15:00,14.799629831314085,2019-05-17 12:30:00,14.445161604492112,TP3,0.14,118.4029939090431,0.56,194.80493994992136
NAS100_USD,bullish,15,5,True,2019-05-13 00:00:00,2019-05-16 14:15:00,7666.6207675,2019-05-20 10:15:00,7418.580291350944,SL,0.02,115.83027040889043,0.0,-115.83027040889043
GBP_NZD,bullish,15,5,True,2019-05-06 00:00:00,2019-05-14 06:45:00,1.9658803190999998,2019-05-24 12:30:00,1.9319549610032298,SL,0.06,117.84578623613577,0.24,-118.08578623613576
USD_CHF,bullish,15,5,True,2019-05-06 00:00:00,2019-05-09 13:45:00,1.0143007121999998,2019-05-31 17:45:00,1.0004063544400863,SL,0.09,120.56745688867466,0.36,-120.92745688867466
XAU_USD,bearish,14,4,False,2019-03-12 00:00:00,2019-03-20 18:15:00,1314.3482835839843,2019-06-03 07:30:00,1314.3482835839843,SL,0.04,123.84888809090936,0.16,14.701866570909123
GBP_NZD,bullish,15,5,True,2019-05-27 00:00:00,2019-05-27 00:00:00,1.9463193208999998,2019-06-03 10:15:00,1.926279473922623,SL,0.1,116.46539147874013,0.4,-116.86539147874014
USD_CAD,bullish,15,5,True,2019-05-06 00:00:00,2019-05-06 11:15:00,1.3466867741999997,2019-06-03 14:30:00,1.3466867741999997,SL,0.1,119.41771389357196,0.4,13.930125667228635
NZD_CAD,bearish,15,5,True,2019-05-21 00:00:00,2019-05-21 00:00:00,0.8759271958,2019-06-03 19:00:00,0.887691726943316,SL,0.13,117.52816355486536,0.52,-118.04816355486535
XAG_USD,bearish,15,5,True,2019-06-04 00:00:00,2019-06-04 12:00:00,14.653012825956344,2019-06-04 13:45:00,14.833281668541883,SL,0.13,113.89219903336303,0.52,-114.41219903336302
EUR_USD,bearish,15,5,True,2019-03-27 00:00:00,2019-04-12 00:45:00,1.1291576808000001,2019-06-05 12:15:00,1.1291576808000001,SL,0.08,120.06267775610927,0.32,14.087521330733113
CAD_JPY,bearish,15,5,True,2019-05-14 00:00:00,2019-05-20 01:00:00,82.07440380999999,2019-06-11 12:00:00,82.07440380999999,SL,0.11,118.57063598854538,0.44,13.788476318625447
EUR_USD,bullish,15,5,True,2019-06-06 00:00:00,2019-06-06 00:00:00,1.1260294163999998,2019-06-14 09:00:00,1.1260294163999998,SL,0.11,112.98866060236304,0.44,13.118639272283566
USD_CAD,bearish,15,5,True,2019-06-04 00:00:00,2019-06-04 00:00:00,1.3404447169,2019-06-14 16:45:00,1.3404447169,SL,0.08,113.76704182523684,0.32,13.33204501902842
USD_CHF,bearish,15,5,True,2019-06-03 00:00:00,2019-06-03 00:00:00,0.99958,2019-06-17 03:45:00,0.99958,SL,0.08,115.8863038205393,0.32,13.586356458464714
NZD_CAD,bullish,14,4,False,2019-06-04 00:00:00,2019-06-10 05:15:00,0.8802295313999999,2019-06-20 12:30:00,0.8669134823574923,SL,0.11,113.23355676098485,0.44,-113.67355676098485
CHF_JPY,bearish,15,5,True,2019-05-13 00:00:00,2019-05-13 00:00:00,108.3751015,2019-06-21 15:15:00,109.82594617200432,SL,0.12,119.4858802780365,0.48,-119.96588027803651
EUR_CAD,bearish,15,5,True,2019-04-11 00:00:00,2019-04-11 00:00:00,1.502,2019-06-21 17:15:00,1.502,SL,0.07,120.06267775610927,0.28,14.127521330733114
EUR_USD,bearish,15,5,True,2019-06-18 00:00:00,2019-06-18 00:00:00,1.12254,2019-06-21 17:15:00,1.1361672819203372,SL,0.08,113.59282811118996,0.32,-112.56445717330536
GBP_USD,bearish,15,5,True,2019-06-21 00:00:00,2019-06-21 02:00:00,1.2723171359999996,2019-06-21 17:15:00,1.2723171359999996,SL,0.21,113.33121095361788,0.84,12.759745314434145
NZD_USD,bearish,15,5,True,2019-05-14 00:00:00,2019-06-04 13:45:00,0.6605479634999999,2019-06-24 05:30:00,0.6605479634999999,SL,0.13,113.89219903336303,0.52,13.147063884003563
GBP_USD,bearish,15,5,True,2019-06-24 00:00:00,2019-06-24 07:00:00,1.2723171359999996,2019-06-25 06:45:00,1.2774948218590623,SL,0.22,111.34607562438572,0.88,-112.22607562438571
CAD_JPY,bearish,15,5,True,2019-06-17 00:00:00,2019-06-17 00:30:00,81.0026316,2019-06-26 14:30:00,81.95539544669457,SL,0.18,113.59570811118995,0.72,-114.31570811118995
USD_JPY,bearish,14,4,False,2019-05-14 00:00:00,2019-05-14 04:45:00,109.68084000000002,2019-06-27 06:30:00,108.15102053057383,SL,0.13,117.84578623613577,0.52,135.00265417155615
GBP_AUD,bullish,15,5,True,2019-05-07 00:00:00,2019-05-20 00:00:00,1.8479801108999998,2019-06-27 18:45:00,1.8084595774191106,SL,0.05,118.57063598854538,0.2,-118.77063598854538
USD_JPY,bearish,15,5,True,2019-06-28 00:00:00,2019-06-28 00:00:00,107.36249,2019-06-28 21:00:00,107.912,DDD_4.1%,0.11,108.93947839683665,0.44,-42.40362497849281
NZD_CHF,bearish,15,5,True,2019-06-24 00:00:00,2019-06-25 07:30:00,0.6469382938,2019-07-01 00:00:00,0.6566053165955907,SL,0.11,110.33604094376625,0.44,-110.77604094376625
CAD_CHF,bearish,15,5,True,2019-05-15 00:00:00,2019-05-15 14:45:00,0.7494981974,2019-07-01 03:30:00,0.7494981974,SL,0.11,115.70239517546867,0.44,13.444287421056242
AUD_CHF,bearish,15,5,True,2019-07-01 00:00:00,2019-07-01 08:45:00,0.6887130531,2019-07-02 02:00:00,0.6887130531,SL,0.24,107.67715516521064,0.96,11.961258619825276
AUD_USD,bearish,15,5,True,2019-06-27 00:00:00,2019-06-27 00:00:00,0.6984279257999999,2019-07-02 04:30:00,0.6984279257999999,SL,0.24,109.42975747886469,0.96,12.171570897463763
EUR_AUD,bullish,15,5,True,2019-05-16 00:00:00,2019-05-20 02:30:00,1.6136538485999998,2019-07-02 20:45:00,1.6136538485999998,SL,0.08,118.57063598854538,0.32,13.908476318625446
GBP_CAD,bearish,15,5,True,2019-06-17 00:00:00,2019-06-17 00:00:00,1.68936,2019-07-03 16:00:00,1.6421591725252134,TP3,0.07,113.59570811118995,0.28,186.85687748779682
USD_JPY,bearish,15,5,True,2019-07-04 00:00:00,2019-07-04 00:00:00,107.51383547,2019-07-05 21:00:00,108.47,DDD_3.9%,0.13,110.17836195946357,0.52,-84.86847131854886
AUD_USD,bearish,15,5,True,2019-07-03 00:00:00,2019-07-03 00:00:00,0.6984279257999999,2019-07-11 11:00:00,0.6984279257999999,SL,0.16,108.87243572230311,0.64,12.424692286676374
EUR_AUD,bullish,15,5,True,2019-07-08 00:00:00,2019-07-08 00:00:00,1.6108558271,2019-07-12 04:30:00,1.6108558271,SL,0.15,109.90211167112234,0.6,12.588253400534681
NZD_CAD,bullish,14,4,False,2019-07-01 00:00:00,2019-07-02 06:00:00,0.8747218499999999,2019-07-12 21:00:00,0.87216,DDD_4.4%,0.12,108.38458226326277,0.48,-22.630831105198244
NZD_JPY,bearish,15,5,True,2019-07-03 00:00:00,2019-07-03 00:00:00,71.985,2019-07-12 21:00:00,72.228,DDD_4.4%,0.14,108.87243572230311,0.56,-23.03855828024485
GBP_NZD,bearish,15,5,True,2019-06-04 00:00:00,2019-06-11 14:45:00,1.9334207976,2019-07-15 02:15:00,1.8699710697248666,TP3,0.06,113.47954453623392,0.24,187.0012484847861
AUD_CAD,bearish,15,5,True,2019-06-24 00:00:00,2019-06-24 00:00:00,0.91745,2019-07-15 15:15:00,0.91745,SL,0.12,111.35075562438573,0.48,12.882090674926287
AUD_CHF,bearish,15,5,True,2019-07-15 00:00:00,2019-07-15 11:15:00,0.6887130531,2019-07-16 12:15:00,0.6944825964315844,SL,0.19,111.02297551735843,0.76,-111.78297551735844
GBP_USD,bearish,15,5,True,2019-07-01 00:00:00,2019-07-01 00:00:00,1.2665080977,2019-07-18 11:15:00,1.2493837438979887,SL,0.07,108.67809953370454,0.28,124.69981446375999
AUD_CAD,bearish,15,5,True,2019-07-16 00:00:00,2019-07-18 12:15:00,0.9193282322999998,2019-07-18 12:30:00,0.9193282322999998,SL,1.43,111.01753472037963,5.72,7.602104166445556
EUR_GBP,bullish,15,5,True,2019-06-24 00:00:00,2019-06-24 06:00:00,0.8919672680999999,2019-07-24 10:45:00,0.8919672680999999,SL,0.08,111.34607562438572,0.32,13.041529074926288
EUR_AUD,bearish,15,5,True,2019-07-15 00:00:00,2019-07-15 00:00:00,1.60506,2019-07-25 13:30:00,1.60506,SL,0.08,109.95275382149102,0.32,12.874330458578921
USD_JPY,bearish,15,5,True,2019-07-16 00:00:00,2019-07-16 00:00:00,107.51383547,2019-07-26 12:30:00,108.79919308370289,SL,0.13,111.01865551735843,0.52,-111.53865551735842
USD_CAD,bearish,15,5,True,2019-07-11 00:00:00,2019-07-11 14:30:00,1.3088106222,2019-07-26 21:00:00,1.31681,DDD_4.9%,0.09,110.36917832596,0.36,-57.094901805994894
GBP_JPY,bearish,15,5,True,2019-06-24 00:00:00,2019-06-24 00:00:00,136.62911951,2019-07-30 01:30:00,132.6530425876533,TP3,0.09,111.35075562438573,0.36,183.3687467802362
GBP_CHF,bearish,15,5,True,2019-07-01 00:00:00,2019-07-01 04:15:00,1.2474729716000001,2019-07-30 03:45:00,1.2060184026175336,TP3,0.05,107.67715516521064,0.2,177.4673060225973
XAU_USD,bullish,15,5,True,2019-07-29 00:00:00,2019-07-29 00:00:00,1419.196,2019-07-31 18:00:00,1419.196,SL,0.05,110.03905749354661,0.2,13.004686899225593
USD_JPY,bearish,15,5,True,2019-07-29 00:00:00,2019-07-29 00:00:00,108.596,2019-08-01 00:15:00,109.02401237894863,SL,0.39,110.03905749354661,1.56,-106.96126743568315
NZD_JPY,bearish,15,5,True,2019-07-25 00:00:00,2019-07-25 00:00:00,72.462,2019-08-01 17:45:00,70.42582659995846,TP3,0.17,111.55963950945679,0.68,183.02228106616002
XAU_USD,bullish,15,5,True,2019-08-01 00:00:00,2019-08-01 15:15:00,1418.9694757080078,2019-08-01 18:00:00,1438.2044881302363,TP3,0.12,113.2815092475253,0.48,186.43449025841662
CAD_JPY,bullish,14,4,False,2019-07-15 00:00:00,2019-07-18 14:45:00,82.38572120999999,2019-08-01 18:30:00,81.15672623665336,SL,0.14,111.20470263200485,0.56,-111.76470263200486
AUD_CHF,bearish,15,5,True,2019-07-17 00:00:00,2019-07-18 00:45:00,0.6887130531,2019-08-02 01:15:00,0.67232651328635,TP3,0.14,110.48209812768779,0.56,181.73546191068462
EUR_JPY,bearish,15,5,True,2019-06-24 00:00:00,2019-06-24 01:00:00,121.693475,2019-08-02 04:00:00,118.44978076326967,TP3,0.11,111.35075562438573,0.44,183.28874678023664
EUR_USD,bearish,15,5,True,2019-07-15 00:00:00,2019-07-15 00:00:00,1.1257858049,2019-08-02 07:45:00,1.1107852753135057,SL,0.08,109.95275382149102,0.32,126.12566689471441
NAS100_USD,bullish,15,5,True,2019-06-04 00:00:00,2019-06-04 17:45:00,7261.779645,2019-08-02 14:00:00,7687.999585179278,SL,0.01,112.86248924206276,0.0,129.7918626283722
AUD_JPY,bearish,15,5,True,2019-01-08 00:00:00,2019-01-15 05:45:00,78.47975537,2019-08-05 01:15:00,71.91918339304738,TP3,0.06,123.94718280309878,0.24,204.27285162511308
GBP_NZD,bearish,15,5,True,2019-07-26 00:00:00,2019-07-26 00:00:00,1.87035,2019-08-05 01:30:00,1.87035,SL,0.06,111.5567595094568,0.24,13.146811141134814
USD_CHF,bullish,15,5,True,2019-07-31 00:00:00,2019-07-31 00:00:00,0.9912957194999998,2019-08-05 01:30:00,0.9794727017778209,SL,0.1,113.52916038413073,0.4,-113.92916038413074
AUD_NZD,bearish,15,5,True,2019-05-10 00:00:00,2019-05-10 00:00:00,1.0598068773,2019-08-05 22:45:00,1.0288596522733036,TP3,0.14,119.49200027803651,0.56,196.60180045876052
CHF_JPY,bearish,15,5,True,2019-07-12 00:00:00,2019-07-12 07:30:00,109.7182122,2019-08-06 04:00:00,109.7182122,SL,0.12,110.36377832596,0.48,12.763653399115201
GBP_NZD,bearish,15,5,True,2019-08-06 00:00:00,2019-08-06 00:00:00,1.8502088879,2019-08-07 02:00:00,1.881017086018113,SL,0.07,123.15960157296264,0.28,-123.43960157296264
AUD_NZD,bearish,15,5,True,2019-08-06 00:00:00,2019-08-06 02:45:00,1.0350102634,2019-08-07 02:00:00,1.0463908113903557,SL,0.18,123.15960157296264,0.72,-123.87960157296264
CAD_CHF,bearish,15,5,True,2019-07-31 00:00:00,2019-08-01 13:00:00,0.7497324999999999,2019-08-07 02:15:00,0.7333654274617106,TP3,0.15,113.16231636693328,0.6,186.11782200543993
EUR_CAD,bearish,15,5,True,2019-08-06 00:00:00,2019-08-06 17:45:00,1.4885972162999996,2019-08-07 03:15:00,1.4932372172446158,SL,0.35,123.15528157296264,1.4,-124.55528157296264
EUR_CAD,bearish,15,5,True,2019-08-08 00:00:00,2019-08-08 01:45:00,1.4861638499999998,2019-08-09 12:30:00,1.4861638499999998,SL,0.26,121.00540280425898,1.04,13.480648336511077
AUD_NZD,bearish,15,5,True,2019-08-08 00:00:00,2019-08-08 00:30:00,1.0454123765999999,2019-08-13 13:30:00,1.052217200900378,SL,0.3,121.00540280425898,1.2,-122.20540280425898
EUR_USD,bullish,14,4,False,2019-08-05 00:00:00,2019-08-05 00:00:00,1.1149703159999997,2019-08-14 14:00:00,1.1149703159999997,SL,0.08,120.28361443580457,0.32,14.114033732296548
GBP_CAD,bearish,15,5,True,2019-08-06 00:00:00,2019-08-06 21:45:00,1.6162103002000001,2019-08-15 11:45:00,1.6162103002000001,SL,0.06,123.15528157296264,0.24,14.538633788755517
USD_CHF,bearish,15,5,True,2019-08-06 00:00:00,2019-08-06 13:30:00,0.9789430880000001,2019-08-16 05:15:00,0.9789430880000001,SL,0.09,123.15528157296264,0.36,14.418633788755518
NAS100_USD,bearish,14,4,False,2019-08-13 00:00:00,2019-08-13 13:45:00,7749.706252499999,2019-08-21 13:30:00,7749.706252499999,SL,0.02,120.29290008784683,0.0,14.435148010541619
GBP_NZD,bearish,15,5,True,2019-08-08 00:00:00,2019-08-08 00:00:00,1.8688039520999997,2019-08-22 12:45:00,1.912992138050594,SL,0.05,121.00540280425898,0.2,-121.20540280425898
GBP_USD,bearish,15,5,True,2019-08-13 00:00:00,2019-08-13 00:00:00,1.2049643030000001,2019-08-22 12:45:00,1.221539569977995,SL,0.07,121.39274871308517,0.28,-121.67274871308517
GBP_CAD,bearish,15,5,True,2019-08-16 00:00:00,2019-08-16 00:00:00,1.6035718499999998,2019-08-22 14:00:00,1.6291415573341528,SL,0.06,120.41777641994172,0.24,-120.65777641994171
EUR_USD,bearish,15,5,True,2019-08-15 00:00:00,2019-08-15 00:00:00,1.11438,2019-08-23 15:30:00,1.11438,SL,0.09,120.41993641994172,0.36,14.090392370393008
GBP_CAD,bearish,15,5,True,2019-08-23 00:00:00,2019-08-26 17:00:00,1.6187049986999997,2019-08-27 13:15:00,1.629595343498221,SL,0.14,117.66326783830061,0.56,-118.22326783830061
GBP_USD,bearish,15,5,True,2019-08-26 00:00:00,2019-08-27 03:00:00,1.217074497,2019-08-27 13:15:00,1.2308418056075314,SL,0.09,117.66326783830061,0.36,-118.02326783830061
USD_CHF,bullish,15,5,True,2019-08-19 00:00:00,2019-08-19 00:00:00,0.9813348830999999,2019-08-30 21:00:00,0.99008,DDD_3.7%,0.09,120.41453641994171,0.36,78.27622330422886
NZD_USD,bearish,15,5,True,2019-08-20 00:00:00,2019-08-20 02:45:00,0.6421134592,2019-08-30 21:00:00,0.63113,DDD_3.7%,0.15,120.41453641994171,0.6,153.09992917514595
GBP_AUD,bullish,14,4,False,2019-08-06 00:00:00,2019-08-08 12:15:00,1.7879754200999998,2019-09-03 05:45:00,1.7879754200999998,SL,0.06,121.00540280425898,0.24,14.280648336511076
EUR_CHF,bearish,15,5,True,2019-06-24 00:00:00,2019-06-27 06:45:00,1.114004189,2019-09-03 09:45:00,1.082955553510913,TP3,0.07,110.00841412073355,0.28,181.23388329921002
GBP_CAD,bearish,15,5,True,2019-08-28 00:00:00,2019-08-28 08:30:00,1.6187049986999997,2019-09-04 07:30:00,1.6187049986999997,SL,0.07,115.5370490172112,0.28,13.584445882065344
GBP_USD,bearish,15,5,True,2019-08-28 00:00:00,2019-08-28 08:30:00,1.217074497,2019-09-04 09:30:00,1.217074497,SL,0.07,115.5370490172112,0.28,13.584445882065344
USD_CAD,bullish,15,5,True,2019-07-29 00:00:00,2019-07-31 00:45:00,1.3138267917,2019-09-04 14:00:00,1.3298951003051953,SL,0.1,113.52916038413073,0.4,130.15853444175033
EUR_JPY,bearish,15,5,True,2019-08-05 00:00:00,2019-08-06 04:00:00,119.64318198000001,2019-09-04 18:15:00,117.33257830702219,SL,0.09,123.15960157296264,0.36,141.27354180890705
CHF_JPY,bearish,15,5,True,2019-08-07 00:00:00,2019-08-07 00:00:00,108.75070405,2019-09-05 14:00:00,108.75070405,SL,0.13,123.15528157296264,0.52,14.258633788755517
AUD_JPY,bearish,15,5,True,2019-08-27 00:00:00,2019-08-27 00:00:00,71.726,2019-09-05 14:00:00,72.99602243169606,SL,0.14,117.66326783830061,0.56,-114.22624782666564
CAD_JPY,bearish,15,5,True,2019-09-03 00:00:00,2019-09-04 08:00:00,79.79290463,2019-09-05 14:15:00,81.08523452817165,SL,0.14,120.17907850830568,0.56,-120.73907850830568
EUR_CHF,bearish,15,5,True,2019-09-05 00:00:00,2019-09-05 00:00:00,1.0808013176,2019-09-06 08:00:00,1.0914840707538322,SL,0.11,121.34132787999329,0.44,-121.78132787999328
AUD_CAD,bearish,15,5,True,2019-09-02 00:00:00,2019-09-02 00:00:00,0.89608,2019-09-06 12:30:00,0.9053337456771443,SL,0.17,117.87464351733291,0.68,-120.26094666772195
EUR_NZD,bullish,15,5,True,2019-09-03 00:00:00,2019-09-03 11:30:00,1.7364734312999996,2019-09-06 17:30:00,1.7135910367251779,SL,0.09,119.69115253544624,0.36,-120.05115253544623
XAU_USD,bullish,15,5,True,2019-09-02 00:00:00,2019-09-05 14:15:00,1517.711996627197,2019-09-06 21:00:00,1506.815,DDD_3.6%,0.04,120.43591626455202,0.16,-49.15944250821315
NZD_JPY,bearish,15,5,True,2019-09-06 00:00:00,2019-09-06 00:00:00,68.02091436,2019-09-06 21:00:00,68.623,DDD_3.6%,0.15,119.34926455797726,0.6,-60.91267448598273
EUR_CAD,bearish,15,5,True,2019-08-12 00:00:00,2019-08-12 00:00:00,1.47738595,2019-09-09 21:00:00,1.45472,DDD_3.5%,0.06,121.39274871308517,0.24,97.26325373585618
EUR_GBP,bullish,15,5,True,2019-07-30 00:00:00,2019-08-22 13:00:00,0.9047132207999998,2019-09-09 21:00:00,0.89458,DDD_3.5%,0.05,118.48936659064776,0.2,-66.1522259912008
EUR_USD,bearish,15,5,True,2019-08-26 00:00:00,2019-08-26 00:00:00,1.1132841672,2019-09-09 21:00:00,1.10485,DDD_3.5%,0.08,117.66326783830061,0.32,68.32153859369926
CAD_CHF,bearish,15,5,True,2019-08-14 00:00:00,2019-08-27 13:15:00,0.7420535676000001,2019-09-09 21:00:00,0.75345,DDD_3.5%,0.08,117.66326783830061,0.32,-92.01491319229828
EUR_AUD,bearish,14,4,False,2019-09-02 00:00:00,2019-09-02 00:00:00,1.6317218328,2019-09-09 21:00:00,1.60988,DDD_3.5%,0.08,117.87464351733291,0.32,101.7130111653858
NZD_CAD,bearish,15,5,True,2019-09-02 00:00:00,2019-09-03 19:45:00,0.8443168816000001,2019-09-09 21:00:00,0.84626,DDD_3.5%,0.12,120.18159850830568,0.48,-18.532643644228923
USD_CHF,bullish,15,5,True,2019-09-02 00:00:00,2019-09-04 14:15:00,0.9833871131999998,2019-09-09 21:00:00,0.99203,DDD_3.5%,0.08,120.73492785220712,0.32,70.6526644205081
GBP_CAD,bearish,15,5,True,2019-09-05 00:00:00,2019-09-05 00:00:00,1.6162537817,2019-09-09 21:00:00,1.6265,DDD_3.5%,0.06,121.34132787999329,0.24,-48.63261214286078
EUR_JPY,bearish,15,5,True,2019-09-06 00:00:00,2019-09-06 00:00:00,118.008,2019-09-09 21:00:00,118.486,DDD_3.5%,0.19,119.34926455797726,0.76,-61.776123318974186
AUD_NZD,bullish,14,4,False,2019-09-02 00:00:00,2019-09-06 13:45:00,1.0635421545,2019-09-09 21:00:00,1.06787,DDD_3.5%,0.14,117.17088408704782,0.56,36.516542418910724
GBP_AUD,bullish,14,4,False,2019-09-09 00:00:00,2019-09-09 00:00:00,1.8004926749999997,2019-09-09 21:00:00,1.79997,DDD_3.5%,0.05,115.09977466128105,0.2,-1.8676558177367255
NZD_JPY,bearish,15,5,True,2019-09-09 00:00:00,2019-09-09 00:00:00,68.70454164,2019-09-09 21:00:00,68.93,DDD_3.5%,0.36,115.09977466128105,1.44,-55.24474149853542
GBP_USD,bearish,15,5,True,2019-09-09 00:00:00,2019-09-09 00:00:00,1.2265424813999999,2019-09-09 21:00:00,1.23527,DDD_3.5%,0.09,115.09977466128105,0.36,-77.17773728220783
USD_JPY,bearish,15,5,True,2019-09-09 00:00:00,2019-09-09 00:00:00,106.76404841999998,2019-09-09 21:00:00,107.247,DDD_3.5%,0.24,115.09977466128105,0.96,-77.79749260878906
EUR_CHF,bearish,15,5,True,2019-09-10 00:00:00,2019-09-10 14:45:00,1.0916636424,2019-09-10 19:45:00,1.0953062069363708,SL,0.31,113.59172733194457,1.24,-114.83172733194456
XAG_USD,bullish,15,5,True,2019-09-10 00:00:00,2019-09-10 00:00:00,17.92014,2019-09-10 20:15:00,18.04252,DDD_3.7%,0.02,113.59172733194457,0.08,12.424110221348469
EUR_USD,bearish,15,5,True,2019-09-10 00:00:00,2019-09-10 00:00:00,1.10444,2019-09-10 20:15:00,1.10432,DDD_3.7%,0.08,113.59172733194457,0.32,0.5979577317520295
EUR_NZD,bullish,15,5,True,2019-09-10 00:00:00,2019-09-10 00:00:00,1.7191950886999998,2019-09-10 20:15:00,1.71966,DDD_3.7%,0.16,113.59172733194457,0.64,3.7641102364658123
GBP_AUD,bullish,14,4,False,2019-09-10 00:00:00,2019-09-10 00:00:00,1.8004926749999997,2019-09-10 20:15:00,1.79972,DDD_3.7%,0.05,113.59172733194457,0.2,-2.6446050300702972
CHF_JPY,bullish,14,4,False,2019-09-10 00:00:00,2019-09-10 00:00:00,108.30707315999999,2019-09-10 20:15:00,108.419,DDD_3.7%,0.13,113.59172733194457,0.52,9.285201359024269
NZD_CAD,bearish,15,5,True,2019-09-10 00:00:00,2019-09-10 00:00:00,0.8443168816000001,2019-09-10 20:15:00,0.84441,DDD_3.7%,0.12,113.59172733194457,0.48,-1.2929248335365773
CAD_CHF,bearish,15,5,True,2019-09-10 00:00:00,2019-09-10 07:00:00,0.7504306056,2019-09-10 20:15:00,0.75436,DDD_3.7%,0.16,113.59172733194457,0.64,-61.62879216513318
NZD_USD,bearish,15,5,True,2019-09-10 00:00:00,2019-09-10 07:30:00,0.6408200796,2019-09-10 20:15:00,0.64222,DDD_3.7%,0.22,113.59172733194457,0.88,-31.19009469455661
GBP_CAD,bearish,15,5,True,2019-09-10 00:00:00,2019-09-10 07:45:00,1.6168949,2019-09-10 20:15:00,1.62374,DDD_3.7%,0.06,113.59172733194457,0.24,-31.258732105313655
GBP_USD,bearish,15,5,True,2019-09-10 00:00:00,2019-09-10 07:45:00,1.2265424813999999,2019-09-10 20:15:00,1.23491,DDD_3.7%,0.07,113.59172733194457,0.28,-59.23654080307076
NZD_JPY,bearish,15,5,True,2019-09-10 00:00:00,2019-09-10 13:30:00,68.70454164,2019-09-10 20:15:00,69.061,DDD_3.7%,0.35,113.59172733194457,1.4,-85.6506655149926
AUD_CAD,bearish,15,5,True,2019-09-12 00:00:00,2019-09-12 01:15:00,0.9052191981,2019-09-12 03:45:00,0.9073047734122982,SL,0.71,110.3367630055743,2.84,-113.1767630055743
EUR_NZD,bullish,15,5,True,2019-09-11 00:00:00,2019-09-11 04:00:00,1.7191950886999998,2019-09-12 11:45:00,1.707237673437099,SL,0.15,110.3367630055743,0.6,-110.93676300557429
EUR_JPY,bearish,15,5,True,2019-09-11 00:00:00,2019-09-12 11:45:00,118.02366440999998,2019-09-12 11:45:00,118.60222939864317,SL,0.28,109.31817213852412,1.12,-110.43817213852412
EUR_USD,bearish,15,5,True,2019-09-11 00:00:00,2019-09-11 00:00:00,1.1042295876,2019-09-12 13:45:00,1.1042295876,SL,0.07,110.3367630055743,0.28,12.960411560668916
EUR_CHF,bearish,15,5,True,2019-09-11 00:00:00,2019-09-11 10:45:00,1.0916636424,2019-09-12 13:45:00,1.0916636424,SL,0.15,110.3367630055743,0.6,12.640411560668916
EUR_CAD,bearish,15,5,True,2019-09-11 00:00:00,2019-09-12 11:45:00,1.4584701442999999,2019-09-12 14:30:00,1.4584701442999999,SL,0.07,109.31817213852412,0.28,12.838180656622896
GBP_CAD,bearish,15,5,True,2019-09-11 00:00:00,2019-09-11 00:00:00,1.6187854,2019-09-13 07:15:00,1.641748085156923,SL,0.06,110.3367630055743,0.24,-110.57676300557429
GBP_USD,bearish,15,5,True,2019-09-11 00:00:00,2019-09-12 12:15:00,1.2265424813999999,2019-09-13 08:30:00,1.2425340163324603,SL,0.07,107.44386134813685,0.28,-107.72386134813685
NAS100_USD,bullish,15,5,True,2019-08-22 00:00:00,2019-08-23 19:45:00,7461.599384999999,2019-09-13 18:00:00,7895.6,DDD_3.5%,0.02,117.66326783830061,0.0,150.96731025991113
XAG_USD,bullish,15,5,True,2019-09-11 00:00:00,2019-09-11 00:00:00,18.03012,2019-09-13 18:00:00,17.4783,DDD_3.5%,0.02,110.3367630055743,0.08,-51.173448843401964
GBP_AUD,bearish,14,4,False,2019-09-11 00:00:00,2019-09-11 00:00:00,1.7986973399,2019-09-13 18:00:00,1.81113,DDD_3.5%,0.06,110.3367630055743,0.24,-45.86315111597097
NZD_USD,bearish,15,5,True,2019-09-11 00:00:00,2019-09-11 00:00:00,0.6408200796,2019-09-13 18:00:00,0.63808,DDD_3.5%,0.21,110.3367630055743,0.84,58.70178499283021
NZD_CAD,bearish,15,5,True,2019-09-11 00:00:00,2019-09-11 04:00:00,0.8443168816000001,2019-09-13 18:00:00,0.8469,DDD_3.5%,0.11,110.3367630055743,0.44,-22.383411085798066
USD_CAD,bearish,14,4,False,2019-09-11 00:00:00,2019-09-11 16:00:00,1.3207550997,2019-09-13 18:00:00,1.32722,DDD_3.5%,0.09,110.3367630055743,0.36,-45.09592103832333
CAD_CHF,bearish,15,5,True,2019-09-11 00:00:00,2019-09-12 08:15:00,0.7483795412999998,2019-09-13 18:00:00,0.74642,DDD_3.5%,0.11,109.31817213852412,0.44,21.23739480638622
XAU_USD,bullish,15,5,True,2019-09-11 00:00:00,2019-09-12 12:00:00,1527.7907085839843,2019-09-13 18:00:00,1489.74,DDD_3.5%,0.02,107.44386134813685,0.08,-83.38323895020324
CHF_JPY,bullish,14,4,False,2019-09-11 00:00:00,2019-09-12 12:30:00,108.30707315999999,2019-09-13 18:00:00,109.14,DDD_3.5%,0.13,107.44386134813685,0.52,67.95838614116411
NZD_CHF,bearish,15,5,True,2019-09-11 00:00:00,2019-09-12 22:30:00,0.6309812703,2019-09-13 18:00:00,0.63214,DDD_3.5%,0.1,108.29609344354634,0.4,-12.346609045942648
EUR_USD,bearish,15,5,True,2019-09-13 00:00:00,2019-09-13 00:00:00,1.1042295876,2019-09-13 18:00:00,1.10752,DDD_3.5%,0.07,108.29609344354634,0.28,-23.633315900163165
EUR_CAD,bearish,15,5,True,2019-09-13 00:00:00,2019-09-13 00:00:00,1.4584701442999999,2019-09-13 18:00:00,1.46992,DDD_3.5%,0.07,108.29609344354634,0.28,-61.234630728057695
EUR_CHF,bearish,15,5,True,2019-09-13 00:00:00,2019-09-13 12:15:00,1.0916636424,2019-09-13 18:00:00,1.0972,DDD_3.5%,0.14,106.33138782436293,0.56,-75.82694298392191
NZD_JPY,bearish,15,5,True,2019-09-11 00:00:00,2019-09-13 14:00:00,68.70454164,2019-09-13 18:00:00,68.99,DDD_3.5%,0.21,106.45055152840897,0.84,-40.315024317325275
EUR_CHF,bearish,15,5,True,2019-09-16 00:00:00,2019-09-16 00:00:00,1.0916636424,2019-09-17 18:15:00,1.0994729000159147,SL,0.13,104.11844944750081,0.52,-104.6384494475008
GBP_CAD,bearish,15,5,True,2019-09-17 00:00:00,2019-09-17 07:30:00,1.6324975383,2019-09-20 06:00:00,1.667393738553532,SL,0.04,104.11844944750081,0.16,-104.2784494475008
NZD_CAD,bearish,15,5,True,2019-09-16 00:00:00,2019-09-16 00:15:00,0.8402640277,2019-09-25 02:00:00,0.8402640277,SL,0.12,104.11844944750081,0.48,12.014213933700097
XAG_USD,bullish,15,5,True,2019-09-16 00:00:00,2019-09-16 00:00:00,17.83240417665482,2019-09-25 18:30:00,17.83240417665482,SL,0.02,104.11844944750081,0.08,12.414213933700097
NAS100_USD,bullish,15,5,True,2019-09-25 00:00:00,2019-09-25 07:30:00,7696.57375,2019-09-27 15:30:00,7696.57375,SL,0.04,103.01958938180881,0.0,12.362350725817059
XAG_USD,bullish,15,5,True,2019-09-26 00:00:00,2019-09-26 00:00:00,18.0364,2019-09-30 09:15:00,17.257009214741398,SL,0.03,103.69237016535766,0.12,-101.8019437304859
AUD_CAD,bearish,15,5,True,2019-09-16 00:00:00,2019-09-17 02:00:00,0.9052191981,2019-09-30 14:45:00,0.892661147957617,TP3,0.23,104.11844944750081,0.92,170.87544158837662
EUR_CHF,bearish,15,5,True,2019-09-18 00:00:00,2019-09-20 11:30:00,1.0916636424,2019-10-01 10:15:00,1.0916636424,SL,0.13,102.8004369844623,0.52,11.816052438135475
NAS100_USD,bullish,15,5,True,2019-10-01 00:00:00,2019-10-01 14:45:00,7731.6475,2019-10-02 14:30:00,7553.241950913493,SL,0.03,104.42179957148197,0.0,-104.42179957148197
EUR_CAD,bearish,15,5,True,2019-09-16 00:00:00,2019-09-16 00:30:00,1.4584701442999999,2019-10-02 16:45:00,1.4584701442999999,SL,0.07,104.11844944750081,0.28,12.214213933700098
NZD_USD,bearish,15,5,True,2019-09-16 00:00:00,2019-09-16 00:00:00,0.63828,2019-10-03 08:30:00,0.6277948928098314,SL,0.12,104.11844944750081,0.48,121.81011124971535
CAD_CHF,bullish,14,4,False,2019-09-16 00:00:00,2019-09-16 00:00:00,0.74632,2019-10-04 10:15:00,0.74632,SL,0.08,104.11844944750081,0.32,12.174213933700097
CHF_JPY,bearish,15,5,True,2019-09-16 00:00:00,2019-09-16 00:30:00,108.68605866,2019-10-04 10:45:00,107.42107065011105,SL,0.14,104.11844944750081,0.56,119.17621686462606
GBP_AUD,bullish,15,5,True,2019-09-16 00:00:00,2019-09-16 08:30:00,1.8077069468999998,2019-10-10 14:00:00,1.8077069468999998,SL,0.06,104.11844944750081,0.24,12.254213933700097
GBP_CHF,bearish,15,5,True,2019-09-30 00:00:00,2019-09-30 13:45:00,1.2277297437999999,2019-10-10 15:15:00,1.2277297437999999,SL,0.05,102.88860059718658,0.2,12.146632071662392
GBP_USD,bearish,15,5,True,2019-09-27 00:00:00,2019-10-03 12:15:00,1.2353781496,2019-10-10 15:30:00,1.2353781496,SL,0.05,104.23815605411286,0.2,12.308578726493545
GBP_CAD,bearish,15,5,True,2019-09-30 00:00:00,2019-10-02 14:45:00,1.6365589258,2019-10-11 09:00:00,1.6613184361702917,SL,0.06,103.59445130074192,0.24,-103.83445130074192
EUR_USD,bearish,15,5,True,2019-09-16 00:00:00,2019-09-16 00:00:00,1.1042295876,2019-10-11 11:00:00,1.1042295876,SL,0.07,104.11844944750081,0.28,12.214213933700098
NZD_JPY,bearish,15,5,True,2019-09-16 00:00:00,2019-09-16 00:00:00,68.71,2019-10-11 11:15:00,68.71,SL,0.13,104.11844944750081,0.52,11.974213933700097
CAD_JPY,bearish,15,5,True,2019-10-01 00:00:00,2019-10-01 00:00:00,81.626,2019-10-11 11:15:00,81.626,SL,0.11,103.86423994446547,0.44,12.023708793335857
EUR_JPY,bearish,15,5,True,2019-10-11 00:00:00,2019-10-11 09:30:00,119.15072567999998,2019-10-11 11:15:00,119.79993118049764,SL,0.24,104.59082867574651,0.96,-105.5508286757465
EUR_CHF,bearish,15,5,True,2019-10-07 00:00:00,2019-10-07 00:00:00,1.0901133236,2019-10-11 11:45:00,1.1030439582616471,SL,0.08,105.1954140804912,0.32,-105.5154140804912
NZD_USD,bearish,15,5,True,2019-10-11 00:00:00,2019-10-11 13:45:00,0.6348632837999999,2019-10-15 01:00:00,0.6308763826359337,SL,0.28,102.90776532905213,1.12,117.22393012841042
CHF_JPY,bearish,15,5,True,2019-10-11 00:00:00,2019-10-11 13:45:00,108.75057362999999,2019-10-15 14:15:00,108.75057362999999,SL,0.3,102.90776532905213,1.2,11.148931839486256
EUR_CHF,bearish,15,5,True,2019-10-14 00:00:00,2019-10-15 06:45:00,1.1010692363999999,2019-10-15 14:30:00,1.1010692363999999,SL,0.2,104.07392108676319,0.8,11.688870530411583
GBP_AUD,bullish,15,5,True,2019-10-11 00:00:00,2019-10-11 00:00:00,1.83968,2019-10-17 05:45:00,1.8811003400809512,SL,0.04,105.4133509776746,0.16,118.50998971301351
GBP_USD,bullish,15,5,True,2019-10-11 00:00:00,2019-10-11 00:00:00,1.24362,2019-10-17 12:15:00,1.2759932790594155,SL,0.04,105.4133509776746,0.16,121.1072200023699
NZD_CAD,bearish,15,5,True,2019-10-10 00:00:00,2019-10-11 12:30:00,0.8360587160999999,2019-10-18 00:45:00,0.8360587160999999,SL,0.16,102.90776532905213,0.64,11.708931839486254
NZD_JPY,bearish,15,5,True,2019-10-14 00:00:00,2019-10-14 01:00:00,68.0265003,2019-10-18 00:45:00,69.22122166594535,SL,0.13,103.0189057156075,0.52,-103.5389057156075
NZD_USD,bearish,15,5,True,2019-10-18 00:00:00,2019-10-18 00:30:00,0.6348632837999999,2019-10-18 19:15:00,0.6387457353501749,SL,0.28,106.99634205427218,1.12,-108.11634205427218
EUR_CHF,bearish,15,5,True,2019-10-16 00:00:00,2019-10-16 00:00:00,1.1010692363999999,2019-10-22 08:00:00,1.1010692363999999,SL,0.2,104.84102339441354,0.8,11.780922807329624
NZD_CAD,bearish,15,5,True,2019-10-21 00:00:00,2019-10-21 00:00:00,0.8341284,2019-10-30 14:00:00,0.8341284,SL,0.16,105.08568482434325,0.64,11.970282178921188
CAD_CHF,bullish,15,5,True,2019-10-18 00:00:00,2019-10-18 00:00:00,0.7536495,2019-10-30 14:30:00,0.7536495,SL,0.1,106.99634205427218,0.4,12.43956104651266
USD_CAD,bearish,15,5,True,2019-09-16 00:00:00,2019-09-16 00:00:00,1.3207550997,2019-10-30 18:30:00,1.3207550997,SL,0.09,104.11844944750081,0.36,12.134213933700098
NZD_USD,bearish,15,5,True,2019-10-21 00:00:00,2019-10-25 09:15:00,0.6348632837999999,2019-10-30 22:00:00,0.6408955275631742,SL,0.17,105.19093274974655,0.68,-105.87093274974656
AUD_CHF,bearish,15,5,True,2019-10-07 00:00:00,2019-10-10 15:00:00,0.6739408028,2019-11-05 08:30:00,0.6843084154716211,SL,0.1,105.4169509776746,0.4,-105.81695097767461
EUR_USD,bullish,15,5,True,2019-10-16 00:00:00,2019-10-16 00:00:00,1.1055159996,2019-11-07 03:15:00,1.1055159996,SL,0.08,104.84102339441354,0.32,12.260922807329624
XAU_USD,bullish,15,5,True,2019-10-18 00:00:00,2019-10-21 13:00:00,1503.4095837329103,2019-11-07 15:45:00,1470.5411556947722,SL,0.03,105.19813274974655,0.12,-105.31813274974655
XAG_USD,bullish,15,5,True,2019-10-03 00:00:00,2019-10-03 00:00:00,17.791245411663056,2019-11-08 12:15:00,16.748119752118956,SL,0.02,103.70410467988194,0.08,-103.78410467988193
NZD_USD,bearish,15,5,True,2019-11-05 00:00:00,2019-11-05 09:30:00,0.6427045550999999,2019-11-11 09:15:00,0.6363031121541245,SL,0.18,103.50219038522866,0.72,118.30751894301267
EUR_GBP,bearish,14,4,False,2019-09-30 00:00:00,2019-09-30 00:00:00,0.89001,2019-11-11 12:00:00,0.8571762785593747,TP3,0.06,103.69237016535766,0.24,172.81471912475155
AUD_NZD,bullish,15,5,True,2019-09-16 00:00:00,2019-09-19 02:30:00,1.0758035163,2019-11-12 00:15:00,1.0758035163,SL,0.11,103.4015992532799,0.44,11.968191910393589
NZD_CHF,bearish,15,5,True,2019-09-16 00:00:00,2019-10-22 00:15:00,0.6338342035,2019-11-13 01:00:00,0.6338342035,SL,0.12,105.19813274974655,0.48,12.143775929969586
NZD_JPY,bearish,15,5,True,2019-11-06 00:00:00,2019-11-07 19:30:00,69.74297999999999,2019-11-13 01:00:00,69.19044784287046,SL,0.31,103.22934747211828,1.24,117.47374959293647
CAD_CHF,bullish,14,4,False,2019-11-07 00:00:00,2019-11-11 12:00:00,0.7514439,2019-11-13 08:45:00,0.7476908863156745,SL,0.28,103.3597635301403,1.12,-104.4797635301403
EUR_NZD,bullish,15,5,True,2019-09-16 00:00:00,2019-09-16 00:00:00,1.7427101999999999,2019-11-13 13:30:00,1.72,DDD_3.6%,0.04,104.11844944750081,0.16,-49.79380326636196
EUR_AUD,bullish,15,5,True,2019-09-16 00:00:00,2019-09-19 01:00:00,1.6332574163,2019-11-13 13:30:00,1.61201,DDD_3.6%,0.03,103.4015992532799,0.12,-46.568513082336686
NAS100_USD,bullish,15,5,True,2019-10-07 00:00:00,2019-10-07 00:00:00,7715.6,2019-11-13 13:30:00,8233.9,DDD_3.6%,0.02,105.1954140804912,0.0,145.78835415514976
AUD_CAD,bearish,15,5,True,2019-10-14 00:00:00,2019-10-14 00:00:00,0.89654,2019-11-13 13:30:00,0.90558,DDD_3.6%,0.08,102.90776532905213,0.32,-56.85964450148024
GBP_AUD,bullish,15,5,True,2019-10-30 00:00:00,2019-10-30 16:15:00,1.8716025152999998,2019-11-13 13:30:00,1.88102,DDD_3.6%,0.04,105.41062133877547,0.16,24.728987413673533
AUD_USD,bearish,15,5,True,2019-09-16 00:00:00,2019-10-30 20:00:00,0.6896805486,2019-11-13 13:30:00,0.68282,DDD_3.6%,0.05,105.40738133877547,0.2,34.91345173265152
CAD_JPY,bearish,15,5,True,2019-10-31 00:00:00,2019-10-31 00:00:00,82.57445698,2019-11-13 13:30:00,82.003,DDD_3.6%,0.12,104.45454294402774,0.48,46.65175806968878
USD_CAD,bearish,14,4,False,2019-10-31 00:00:00,2019-10-31 00:00:00,1.314839964,2019-11-13 13:30:00,1.32626,DDD_3.6%,0.08,104.45454294402774,0.32,-70.68712283809184
NZD_CAD,bearish,15,5,True,2019-11-07 00:00:00,2019-11-07 09:00:00,0.8397037103999999,2019-11-13 13:30:00,0.84874,DDD_3.6%,0.12,103.61109275084472,0.48,-79.93167604891744
AUD_CHF,bullish,15,5,True,2019-11-08 00:00:00,2019-11-08 14:45:00,0.6824718221999999,2019-11-13 13:30:00,0.67588,DDD_3.6%,0.11,102.85390768773341,0.44,-75.65778063826819
EUR_CHF,bullish,15,5,True,2019-10-23 00:00:00,2019-11-11 12:45:00,1.0966922604,2019-11-13 13:30:00,1.08956,DDD_3.6%,0.08,104.35515720337014,0.32,-55.75738138507204
AUD_NZD,bullish,15,5,True,2019-11-13 00:00:00,2019-11-13 00:00:00,1.07942,2019-11-13 13:30:00,1.067,DDD_3.6%,0.12,104.46481118673985,0.48,-90.61392306514507
CHF_JPY,bullish,15,5,True,2019-11-12 00:00:00,2019-11-13 04:15:00,110.34096,2019-11-13 13:30:00,109.868,DDD_3.6%,0.13,105.4062672378064,0.52,-41.68537840930876
NZD_CHF,bearish,15,5,True,2019-11-14 00:00:00,2019-11-14 00:00:00,0.6336524999999998,2019-11-15 14:45:00,0.6336524999999998,SL,0.19,101.05864008322611,0.76,11.367036809987132
GBP_CHF,bearish,15,5,True,2019-11-14 00:00:00,2019-11-14 00:00:00,1.270634502,2019-11-18 10:00:00,1.2856117481285527,SL,0.07,101.05864008322611,0.28,-101.33864008322611
AUD_CHF,bearish,15,5,True,2019-11-14 00:00:00,2019-11-14 00:00:00,0.67668,2019-11-19 10:30:00,0.67668,SL,0.08,101.05864008322611,0.32,11.807036809987132
EUR_CAD,bearish,15,5,True,2019-11-14 00:00:00,2019-11-14 06:15:00,1.45280945,2019-11-19 18:45:00,1.4700151223424611,SL,0.08,101.05864008322611,0.32,-101.3786400832261
GBP_NZD,bullish,15,5,True,2019-11-14 00:00:00,2019-11-14 00:15:00,2.0085169499999997,2019-11-19 19:15:00,2.0085169499999997,SL,0.12,101.05864008322611,0.48,11.647036809987132
CAD_JPY,bearish,15,5,True,2019-11-14 00:00:00,2019-11-14 01:00:00,82.11218794,2019-11-26 16:00:00,82.11218794,SL,0.14,101.05864008322611,0.56,11.567036809987131
GBP_CAD,bullish,15,5,True,2019-11-14 00:00:00,2019-11-14 00:00:00,1.70365,2019-11-27 07:30:00,1.70365,SL,0.06,101.05864008322611,0.24,11.887036809987132
GBP_NZD,bullish,15,5,True,2019-11-27 00:00:00,2019-11-27 10:45:00,2.0089150296000002,2019-11-28 12:15:00,2.0089150296000002,SL,0.1,100.0860912120471,0.4,11.610330945445652
EUR_NZD,bullish,15,5,True,2019-11-15 00:00:00,2019-11-18 15:45:00,1.7395882504999998,2019-11-29 09:00:00,1.7106069779714186,SL,0.06,100.68546897892648,0.24,-100.92546897892647
AUD_JPY,bearish,15,5,True,2019-11-14 00:00:00,2019-11-14 00:00:00,74.365,2019-12-02 08:30:00,74.365,SL,0.11,101.05864008322611,0.44,11.687036809987132
EUR_JPY,bearish,15,5,True,2019-11-14 00:00:00,2019-11-14 00:00:00,119.744,2019-12-02 15:15:00,120.992,DDD_3.5%,0.1,101.05864008322611,0.4,-86.20232404925275
GBP_AUD,bullish,15,5,True,2019-11-14 00:00:00,2019-11-14 00:00:00,1.8824789268,2019-12-02 15:15:00,1.89574,DDD_3.5%,0.05,101.05864008322611,0.2,44.99437090541198
AUD_USD,bearish,15,5,True,2019-11-14 00:00:00,2019-11-14 00:00:00,0.681826337,2019-12-02 15:15:00,0.68171,DDD_3.5%,0.1,101.05864008322611,0.4,12.698832186202246
GBP_USD,bearish,15,5,True,2019-11-14 00:00:00,2019-11-14 00:00:00,1.2817391,2019-12-02 15:15:00,1.29236,DDD_3.5%,0.06,101.05864008322611,0.24,-62.80126978924368
USD_JPY,bullish,14,4,False,2019-11-14 00:00:00,2019-11-14 00:00:00,108.947025,2019-12-02 15:15:00,109.262,DDD_3.5%,0.12,101.05864008322611,0.48,23.79840300329985
EUR_GBP,bearish,15,5,True,2019-11-14 00:00:00,2019-11-14 00:00:00,0.8555183727000001,2019-12-02 15:15:00,0.85686,DDD_3.5%,0.08,101.05864008322611,0.32,-14.406651472848145
USD_CHF,bullish,14,4,False,2019-11-14 00:00:00,2019-11-14 01:00:00,0.9929600999999999,2019-12-02 15:15:00,0.99352,DDD_3.5%,0.11,101.05864008322611,0.44,16.430349505254327
EUR_USD,bearish,15,5,True,2019-11-14 00:00:00,2019-11-15 18:30:00,1.1056399006000002,2019-12-02 15:15:00,1.10736,DDD_3.5%,0.07,101.59751673967551,0.28,-12.570950484788204
AUD_CAD,bearish,15,5,True,2019-11-19 00:00:00,2019-11-19 12:30:00,0.9012511,2019-12-02 15:15:00,0.90619,DDD_3.5%,0.13,100.68258897892647,0.52,-49.957726506306784
EUR_CAD,bullish,14,4,False,2019-11-20 00:00:00,2019-11-20 00:00:00,1.4703,2019-12-02 15:15:00,1.47202,DDD_3.5%,0.07,99.76586121817743,0.28,9.60833553179042
AUD_CHF,bearish,15,5,True,2019-11-20 00:00:00,2019-11-20 00:00:00,0.67656,2019-12-02 15:15:00,0.67728,DDD_3.5%,0.08,99.76586121817743,0.32,-6.350917741675859
GBP_CHF,bullish,15,5,True,2019-11-27 00:00:00,2019-11-27 00:00:00,1.28265,2019-12-02 15:15:00,1.28395,DDD_3.5%,0.05,99.97910788075721,0.2,6.339515384611857
CAD_CHF,bullish,15,5,True,2019-11-29 00:00:00,2019-11-29 00:00:00,0.7532114808,2019-12-02 15:15:00,0.74742,DDD_3.5%,0.13,100.299727521846,0.52,-78.64734826423833
EUR_NZD,bearish,15,5,True,2019-12-02 00:00:00,2019-12-02 00:00:00,1.7098103084,2019-12-02 15:15:00,1.70246,DDD_3.5%,0.07,99.39139830103565,0.28,32.054247733784884
AUD_JPY,bullish,15,5,True,2019-12-03 00:00:00,2019-12-03 00:00:00,74.31682344,2019-12-03 13:45:00,74.31682344,SL,0.17,97.57489010064401,0.68,11.028986812077282
XAU_USD,bearish,15,5,True,2019-12-03 00:00:00,2019-12-03 00:00:00,1458.3697483044434,2019-12-03 14:45:00,1478.5012631017635,SL,0.05,97.57489010064401,0.2,-97.77489010064401
USD_CHF,bullish,15,5,True,2019-12-04 00:00:00,2019-12-04 00:00:00,0.98677,2019-12-04 15:00:00,0.98677,SL,0.34,96.79417697104691,1.36,10.25530123652563
AUD_CHF,bearish,15,5,True,2019-12-03 00:00:00,2019-12-03 00:00:00,0.67648,2019-12-11 16:15:00,0.67648,SL,0.08,97.57489010064401,0.32,11.388986812077281
GBP_USD,bullish,15,5,True,2019-12-03 00:00:00,2019-12-03 00:00:00,1.2960573464999998,2019-12-12 13:30:00,1.314173847124825,SL,0.06,97.57489010064401,0.24,111.97112361574062
CAD_JPY,bearish,15,5,True,2019-12-03 00:00:00,2019-12-03 00:00:00,81.86414837,2019-12-12 15:45:00,82.86084087255202,SL,0.15,97.57489010064401,0.6,-98.174890100644
GBP_CAD,bullish,15,5,True,2019-12-03 00:00:00,2019-12-03 06:30:00,1.7283973517999998,2019-12-12 17:45:00,1.7283973517999998,SL,0.06,97.57489010064401,0.24,11.468986812077281
GBP_CHF,bullish,15,5,True,2019-12-03 00:00:00,2019-12-03 00:00:00,1.28246,2019-12-12 22:15:00,1.324611657762944,TP3,0.05,97.57489010064401,0.2,162.28568507243654
USD_CAD,bullish,15,5,True,2019-12-03 00:00:00,2019-12-03 08:45:00,1.3289405645999999,2019-12-12 23:30:00,1.3151746821618344,SL,0.09,97.57489010064401,0.36,-97.93489010064401
AUD_JPY,bullish,15,5,True,2019-12-04 00:00:00,2019-12-04 00:00:00,74.35,2019-12-13 14:15:00,75.26661593639204,SL,0.16,96.79417697104691,0.64,108.81372491646083
GBP_NZD,bullish,15,5,True,2019-12-13 00:00:00,2019-12-13 13:45:00,2.0152608734999995,2019-12-16 22:45:00,2.0152608734999995,SL,0.06,98.73915162802884,0.24,11.608698195363461
NZD_CHF,bullish,15,5,True,2019-12-12 00:00:00,2019-12-12 00:00:00,0.64688,2019-12-17 08:15:00,0.64688,SL,0.1,97.51536410407945,0.4,11.301843692489534
EUR_CAD,bullish,14,4,False,2019-12-03 00:00:00,2019-12-03 00:00:00,1.47407,2019-12-18 16:15:00,1.4575411784578374,SL,0.08,97.57489010064401,0.32,-102.67801362558974
GBP_NZD,bullish,15,5,True,2019-12-17 00:00:00,2019-12-17 00:00:00,2.0152608734999995,2019-12-19 15:00:00,1.97646111236207,SL,0.04,99.3002648803916,0.16,-99.46026488039159
GBP_CHF,bullish,15,5,True,2019-12-13 00:00:00,2019-12-17 08:15:00,1.2989971322999998,2019-12-19 15:00:00,1.275253397494038,SL,0.04,99.3002648803916,0.16,-99.46026488039159
GBP_CAD,bullish,15,5,True,2019-12-13 00:00:00,2019-12-17 08:15:00,1.7378540801999998,2019-12-19 16:15:00,1.7060890258887618,SL,0.04,99.3002648803916,0.16,-99.46026488039159
GBP_AUD,bullish,15,5,True,2019-12-13 00:00:00,2019-12-17 13:00:00,1.9205498142,2019-12-19 16:15:00,1.8891337140161493,SL,0.05,99.2966648803916,0.2,-99.4966648803916
GBP_CAD,bullish,14,4,False,2019-12-20 00:00:00,2019-12-20 13:30:00,1.7205619998000001,2019-12-23 10:45:00,1.7052751244901,SL,0.08,95.32032059682635,0.32,-95.64032059682634
CHF_JPY,bullish,15,5,True,2019-12-03 00:00:00,2019-12-03 00:00:00,110.16139865999999,2019-12-23 16:15:00,111.31710364184178,SL,0.14,97.57489010064401,0.56,111.65112361574081
XAG_USD,bearish,15,5,True,2019-12-03 00:00:00,2019-12-24 01:45:00,17.465878551807403,2019-12-31 01:45:00,18.11166046212665,SL,0.03,95.04289429876177,0.12,-95.16289429876177
AUD_USD,bullish,15,5,True,2019-12-03 00:00:00,2019-12-03 00:00:00,0.682862526,2019-12-31 12:30:00,0.701656010170586,TP3,0.11,97.57489010064401,0.44,160.55856866606285
EUR_JPY,bullish,15,5,True,2019-12-13 00:00:00,2019-12-20 13:15:00,121.23817097999999,2020-01-02 15:15:00,121.23817097999999,SL,0.09,95.32032059682635,0.36,11.078438471619164
AUD_CAD,bullish,15,5,True,2019-12-03 00:00:00,2019-12-03 00:00:00,0.9072173993999999,2020-01-02 16:30:00,0.9072173993999999,SL,0.11,97.57489010064401,0.44,11.268986812077282
USD_JPY,bullish,14,4,False,2019-12-03 00:00:00,2019-12-03 00:00:00,109.37602130999998,2020-01-03 02:15:00,108.15762438621088,SL,0.12,97.57489010064401,0.48,-98.05489010064402
EUR_GBP,bearish,15,5,True,2019-12-20 00:00:00,2019-12-20 01:45:00,0.8518493363999998,2020-01-03 06:00:00,0.8518493363999998,SL,0.1,95.32032059682635,0.4,11.038438471619163
EUR_AUD,bearish,15,5,True,2019-12-03 00:00:00,2019-12-03 03:30:00,1.6170015839,2020-01-07 05:45:00,1.6170015839,SL,0.08,97.57489010064401,0.32,11.388986812077281
AUD_CHF,bullish,15,5,True,2019-12-13 00:00:00,2019-12-13 07:45:00,0.6799025999999999,2020-01-07 11:00:00,0.6678351625419876,SL,0.08,98.73915162802884,0.32,-99.05915162802883
NZD_CHF,bullish,15,5,True,2019-12-24 00:00:00,2019-12-24 00:00:00,0.6523752077999999,2020-01-07 23:15:00,0.6424764299696986,SL,0.1,95.04289429876177,0.4,-95.44289429876177
NZD_CAD,bullish,15,5,True,2019-12-03 00:00:00,2019-12-04 19:15:00,0.8610983111999999,2020-01-08 00:15:00,0.8610983111999999,SL,0.1,97.097236444793,0.4,11.251668373375159
AUD_JPY,bullish,15,5,True,2019-12-19 00:00:00,2020-01-03 09:00:00,74.98403289,2020-01-08 00:15:00,73.76853201779923,SL,0.12,95.79298165616444,0.48,-96.27298165616445
USD_JPY,bullish,14,4,False,2020-01-08 00:00:00,2020-01-08 00:15:00,107.75082258,2020-01-08 02:30:00,108.27304249669182,TP3,0.57,94.24773211587392,2.28,153.22875799119274
NZD_CHF,bullish,14,4,False,2020-01-08 00:00:00,2020-01-08 02:00:00,0.6442227,2020-01-08 13:15:00,0.6442227,SL,0.25,93.47946283165358,1.0,10.21753553979843
USD_CAD,bearish,15,5,True,2019-12-13 00:00:00,2019-12-13 15:45:00,1.3198854896,2020-01-08 15:45:00,1.303738419430542,SL,0.09,99.19578659663333,0.36,113.71515458612872
EUR_USD,bullish,14,4,False,2019-12-12 00:00:00,2019-12-20 11:15:00,1.1093193417,2020-01-09 15:30:00,1.1093193417,SL,0.07,95.32032059682635,0.28,11.158438471619164
GBP_AUD,bullish,15,5,True,2020-01-02 00:00:00,2020-01-02 00:00:00,1.88837,2020-01-13 00:45:00,1.88837,SL,0.06,96.36881900489867,0.24,11.32425828058784
EUR_CAD,bearish,15,5,True,2019-12-19 00:00:00,2019-12-19 00:00:00,1.4563806044999998,2020-01-14 08:30:00,1.4563806044999998,SL,0.07,98.47969420728566,0.28,11.53756330487428
GBP_JPY,bearish,15,5,True,2019-12-19 00:00:00,2019-12-31 15:45:00,143.89271503000003,2020-01-16 15:45:00,143.89271503000003,SL,0.04,96.2658730586541,0.16,11.391904767038492
EUR_JPY,bullish,14,4,False,2020-01-07 00:00:00,2020-01-07 13:45:00,120.97060551,2020-01-17 15:30:00,122.15475919400134,SL,0.13,95.10671816456276,0.52,108.852725889247
AUD_USD,bullish,15,5,True,2020-01-02 00:00:00,2020-01-03 09:00:00,0.6948916323,2020-01-22 01:15:00,0.6832346564995059,SL,0.08,95.79298165616444,0.32,-96.11298165616444
AUD_JPY,bullish,14,4,False,2020-01-09 00:00:00,2020-01-09 00:00:00,75.036,2020-01-22 01:45:00,75.036,SL,0.09,95.33647106640068,0.36,11.080376527968083
GBP_NZD,bearish,14,4,False,2020-01-02 00:00:00,2020-01-07 09:30:00,1.9838881727,2020-01-22 11:15:00,1.9838881727,SL,0.03,95.99825052921503,0.12,11.399790063505804
EUR_CAD,bearish,15,5,True,2020-01-20 00:00:00,2020-01-20 07:30:00,1.4444929614000002,2020-01-23 13:15:00,1.460572032035878,SL,0.08,96.82556063561532,0.32,-97.14556063561531
USD_CAD,bearish,15,5,True,2020-01-09 00:00:00,2020-01-09 00:00:00,1.30316,2020-01-27 10:00:00,1.3188284114586004,SL,0.08,95.33647106640068,0.32,-94.68245782047356
GBP_JPY,bullish,15,5,True,2020-01-17 00:00:00,2020-01-17 00:00:00,144.088,2020-01-28 08:45:00,141.70605865383692,SL,0.06,96.35946238070073,0.24,-99.92834839379071
USD_JPY,bullish,14,4,False,2020-01-28 00:00:00,2020-01-28 00:45:00,108.89014135999999,2020-01-28 08:45:00,108.89014135999999,SL,0.42,95.17578087452756,1.68,9.741093704943308
XAG_USD,bullish,15,5,True,2020-01-10 00:00:00,2020-01-10 00:00:00,17.94930061340332,2020-01-28 12:00:00,17.94930061340332,SL,0.04,95.4366663220184,0.16,11.292399958642209
AUD_CHF,bearish,15,5,True,2020-01-08 00:00:00,2020-01-13 01:00:00,0.6724692973,2020-01-29 03:00:00,0.659845361816007,SL,0.08,95.4345063220184,0.32,109.42968227032117
NZD_CHF,bearish,15,5,True,2020-01-09 00:00:00,2020-01-09 00:00:00,0.64794,2020-01-31 08:45:00,0.6274979867581033,TP3,0.1,95.33647106640068,0.4,157.22485291111417
USD_JPY,bullish,14,4,False,2020-01-29 00:00:00,2020-01-30 02:15:00,108.89014135999999,2020-01-31 10:30:00,108.89014135999999,SL,0.43,95.65630701093988,1.72,9.758756841312787
GBP_AUD,bullish,15,5,True,2020-01-15 00:00:00,2020-01-15 00:00:00,1.8972892499999998,2020-01-31 15:45:00,1.9683165226516173,TP3,0.04,96.25783311387296,0.16,158.6654246378905
EUR_GBP,bearish,15,5,True,2020-01-29 00:00:00,2020-01-29 00:00:00,0.84636,2020-02-03 09:45:00,0.84636,SL,0.07,95.1867862046459,0.28,11.14241434455751
XAG_USD,bullish,15,5,True,2020-02-03 00:00:00,2020-02-03 00:00:00,18.0645,2020-02-03 14:45:00,17.706614523885655,SL,0.06,99.83912271931206,0.24,-100.82104052643784
EUR_CAD,bearish,15,5,True,2020-02-03 00:00:00,2020-02-03 14:45:00,1.4590104786,2020-02-03 16:45:00,1.4719962623815916,SL,0.1,99.93940444841306,0.4,-100.33940444841306
AUD_USD,bearish,15,5,True,2020-01-23 00:00:00,2020-01-23 00:30:00,0.6865218017,2020-02-04 01:00:00,0.668001803718683,TP3,0.11,96.06018226047283,0.44,158.05930072978003
AUD_CAD,bearish,15,5,True,2020-01-03 00:00:00,2020-01-03 00:00:00,0.90657,2020-02-04 03:30:00,0.8932595709054962,SL,0.12,96.36161900489866,0.48,112.58542976584296
EUR_AUD,bullish,14,4,False,2020-01-08 00:00:00,2020-01-09 00:30:00,1.6156960287,2020-02-04 14:45:00,1.6402605065088087,SL,0.07,95.33647106640068,0.28,109.35694172636087
AUD_CHF,bearish,15,5,True,2020-01-30 00:00:00,2020-01-30 00:00:00,0.65653,2020-02-05 09:00:00,0.65653,SL,0.08,95.65630701093988,0.32,11.158756841312787
NZD_JPY,bullish,15,5,True,2019-12-03 00:00:00,2020-01-31 09:15:00,70.39513856999999,2020-02-07 10:00:00,70.39513856999999,SL,0.13,98.1130291161443,0.52,11.253563493937317
EUR_NZD,bearish,15,5,True,2019-12-03 00:00:00,2020-01-31 14:15:00,1.7098103084,2020-02-07 13:15:00,1.7098103084,SL,0.07,98.09754911614432,0.28,11.491705893937318
CAD_CHF,bearish,15,5,True,2019-12-03 00:00:00,2019-12-03 02:15:00,0.7456683429000001,2020-02-07 13:30:00,0.7345878554341808,SL,0.1,97.57489010064401,0.4,111.81112361574083
GBP_USD,bullish,15,5,True,2020-01-02 00:00:00,2020-01-02 16:45:00,1.3125110859,2020-02-10 07:45:00,1.28780119225686,SL,0.04,96.36161900489866,0.16,-96.52161900489865
NZD_CHF,bearish,15,5,True,2020-02-03 00:00:00,2020-02-05 09:30:00,0.6313458080000001,2020-02-12 02:15:00,0.6313458080000001,SL,0.08,100.09816289449113,0.32,11.691779547338935
NZD_CAD,bearish,15,5,True,2020-02-04 00:00:00,2020-02-04 17:00:00,0.8603623908999999,2020-02-12 11:45:00,0.8603623908999999,SL,0.11,99.99508082304568,0.44,11.559409698765483
EUR_CHF,bearish,15,5,True,2019-12-16 00:00:00,2019-12-16 00:00:00,1.0910966423,2020-02-13 14:45:00,1.0617655591843063,TP3,0.07,99.19578659663333,0.28,163.3930478844453
CAD_CHF,bearish,15,5,True,2020-02-10 00:00:00,2020-02-12 16:45:00,0.7375896,2020-02-14 10:45:00,0.7409629205132607,SL,0.3,100.12571712823767,1.2,-101.32571712823767
USD_JPY,bearish,15,5,True,2020-02-03 00:00:00,2020-02-04 08:00:00,108.96240224,2020-02-19 12:45:00,110.4565677722888,SL,0.1,99.525685291267,0.4,-99.925685291267
EUR_JPY,bearish,15,5,True,2020-01-23 00:00:00,2020-01-23 00:00:00,121.46829456,2020-02-19 15:45:00,119.75365037603096,SL,0.09,96.06018226047283,0.36,110.10920959954366
EUR_CAD,bearish,15,5,True,2020-02-10 00:00:00,2020-02-10 00:00:00,1.45729,2020-02-21 14:45:00,1.4374318352557833,SL,0.08,100.78429864082362,0.32,116.48733436397205
XAG_USD,bullish,15,5,True,2020-02-10 00:00:00,2020-02-10 00:00:00,17.854801078414916,2020-02-24 08:00:00,18.785713803763574,TP3,0.05,100.78429864082362,0.2,166.09409275735885
NZD_CAD,bearish,15,5,True,2020-02-14 00:00:00,2020-02-14 00:00:00,0.8530179974000001,2020-02-24 12:30:00,0.8408252587282942,SL,0.12,101.4755772989411,0.48,116.2169138937822
USD_JPY,bullish,15,5,True,2020-02-20 00:00:00,2020-02-20 00:00:00,111.151,2020-02-24 14:00:00,111.151,SL,0.09,100.89842702239075,0.36,11.747811242686891
CHF_JPY,bullish,15,5,True,2020-01-21 00:00:00,2020-01-23 15:15:00,112.87524035999998,2020-02-24 17:45:00,112.87524035999998,SL,0.07,95.18587221475228,0.28,11.142304665770276
GBP_CAD,bearish,14,4,False,2019-12-31 00:00:00,2020-01-22 17:15:00,1.7274511808,2020-02-25 09:30:00,1.7274511808,SL,0.03,96.06018226047283,0.12,11.407221871256741
AUD_CHF,bearish,15,5,True,2020-02-06 00:00:00,2020-02-12 19:30:00,0.65929005,2020-02-26 08:15:00,0.640795897667041,TP3,0.11,100.12571712823767,0.44,164.7674332615921
EUR_CAD,bearish,15,5,True,2020-02-24 00:00:00,2020-02-24 17:00:00,1.4424017301,2020-02-27 13:45:00,1.4662356002219594,SL,0.06,104.3608613743744,0.24,-104.60086137437439
CAD_JPY,bullish,15,5,True,2020-02-20 00:00:00,2020-02-24 10:45:00,83.65098003,2020-02-27 20:45:00,82.13600606809919,SL,0.1,103.86611726674465,0.4,-104.26611726674466
NAS100_USD,bullish,15,5,True,2019-12-11 00:00:00,2020-02-27 23:00:00,8321.93125,2020-02-28 03:15:00,8321.93125,SL,0.05,104.62407723555584,0.0,12.5548892682667
EUR_NZD,bullish,15,5,True,2020-02-10 00:00:00,2020-02-12 01:00:00,1.6951455399,2020-02-28 04:30:00,1.7611453010020786,TP3,0.05,100.02371008570559,0.2,164.83912164141435
CAD_CHF,bearish,15,5,True,2020-02-24 00:00:00,2020-02-24 00:00:00,0.7376664534,2020-02-28 05:00:00,0.7195070964247878,TP3,0.12,102.91550564458888,0.48,169.3305843135716
XAG_USD,bullish,15,5,True,2020-02-25 00:00:00,2020-02-25 20:45:00,18.09902530975341,2020-02-28 05:45:00,17.38130077385075,SL,0.03,104.78980447236837,0.12,-104.90980447236838
GBP_CAD,bearish,14,4,False,2020-02-26 00:00:00,2020-02-28 01:15:00,1.7286401999999998,2020-02-28 09:30:00,1.73654608087642,SL,0.18,105.58038058294458,0.72,-106.30038058294458
EUR_GBP,bearish,15,5,True,2020-02-04 00:00:00,2020-02-28 06:45:00,0.8544499346999999,2020-02-28 13:45:00,0.8544499346999999,SL,0.24,106.54784793134455,0.96,11.825741751761345
GBP_USD,bullish,15,5,True,2020-02-14 00:00:00,2020-02-14 13:15:00,1.3002631911,2020-02-28 14:30:00,1.2825368003684239,SL,0.06,100.56364584478696,0.24,-100.80364584478696
CHF_JPY,bullish,15,5,True,2020-02-25 00:00:00,2020-02-25 00:00:00,113.14011815999999,2020-02-28 15:45:00,111.41626548951547,SL,0.09,104.35834137437439,0.36,-104.71834137437439
USD_CAD,bullish,14,4,False,2020-01-28 00:00:00,2020-01-28 21:00:00,1.3164819011999997,2020-03-02 08:00:00,1.332897226902074,SL,0.09,95.1867862046459,0.36,109.10480413534306
CHF_JPY,bullish,15,5,True,2020-03-02 00:00:00,2020-03-02 00:30:00,112.01434583999999,2020-03-02 09:00:00,112.01434583999999,SL,0.23,105.25882337252283,0.92,11.71105880470274
GBP_JPY,bearish,14,4,False,2020-02-04 00:00:00,2020-02-04 15:15:00,142.45429725999998,2020-03-02 11:30:00,137.16194085384532,TP3,0.06,99.99508082304568,0.24,164.75188335802525
EUR_AUD,bullish,15,5,True,2020-02-05 00:00:00,2020-02-05 00:00:00,1.63962,2020-03-02 15:45:00,1.708169725256233,TP3,0.04,100.10104289449113,0.16,163.15580218584338
AUD_CAD,bearish,15,5,True,2020-02-10 00:00:00,2020-02-11 05:15:00,0.8929664315,2020-03-03 08:00:00,0.876912302292362,SL,0.09,100.02371008570559,0.36,114.66726659856131
NZD_CAD,bearish,15,5,True,2020-02-25 00:00:00,2020-02-27 13:15:00,0.8459918646,2020-03-05 08:45:00,0.8459918646,SL,0.1,105.95129037165242,0.4,12.31415484459829
EUR_USD,bearish,15,5,True,2020-01-22 00:00:00,2020-03-02 11:45:00,1.1115060226,2020-03-05 21:00:00,1.1234328436898846,SL,0.09,106.77495100725594,0.36,-107.13495100725594
GBP_CAD,bearish,14,4,False,2020-03-02 00:00:00,2020-03-02 00:00:00,1.7144207403999998,2020-03-06 10:15:00,1.744778397197163,SL,0.05,105.25882337252283,0.2,-105.45882337252283
AUD_CAD,bearish,15,5,True,2020-03-04 00:00:00,2020-03-04 00:30:00,0.8826048000000001,2020-03-09 00:00:00,0.8967211157391264,SL,0.1,108.19468496022252,0.4,-108.59468496022252
NZD_CAD,bearish,15,5,True,2020-03-06 00:00:00,2020-03-06 00:00:00,0.84597,2020-03-09 00:00:00,0.8602843438943755,SL,0.1,107.22687040115721,0.4,-107.79090580623165
EUR_JPY,bullish,15,5,True,2020-02-20 00:00:00,2020-02-24 14:15:00,120.05918939999998,2020-03-09 01:30:00,118.17032021189343,SL,0.08,104.3608613743744,0.32,-104.68086137437439
CHF_JPY,bullish,14,4,False,2020-03-03 00:00:00,2020-03-03 00:00:00,113.112,2020-03-09 01:45:00,110.98722893217273,SL,0.08,107.70280759529827,0.32,-106.61613755521023
USD_CAD,bullish,15,5,True,2020-03-03 00:00:00,2020-03-03 00:00:00,1.3357080737999998,2020-03-09 01:45:00,1.3698163613364256,TP3,0.09,107.70280759529827,0.36,177.34963253224183
GBP_USD,bearish,15,5,True,2020-03-02 00:00:00,2020-03-05 08:15:00,1.2899669341,2020-03-09 01:45:00,1.310460997709166,SL,0.05,108.19468496022252,0.2,-108.39468496022252
GBP_AUD,bullish,15,5,True,2020-02-03 00:00:00,2020-02-04 07:30:00,1.9289337855,2020-03-09 09:15:00,1.9865331823242756,SL,0.03,99.525685291267,0.12,114.3345380849571
EUR_CHF,bearish,15,5,True,2020-02-20 00:00:00,2020-02-20 00:00:00,1.0625,2020-03-09 16:00:00,1.0625,SL,0.1,100.89842702239075,0.4,11.70781124268689
AUD_CAD,bearish,15,5,True,2020-03-10 00:00:00,2020-03-10 15:45:00,0.8897571123,2020-03-11 14:30:00,0.8980406939309535,SL,0.17,104.07608561552256,0.68,-104.75608561552257
GBP_USD,bearish,15,5,True,2020-03-10 00:00:00,2020-03-10 00:00:00,1.3029314258999998,2020-03-12 15:15:00,1.2571875439425237,TP3,0.05,104.07608561552256,0.2,171.52554126561208
CHF_JPY,bearish,14,4,False,2020-03-10 00:00:00,2020-03-10 05:15:00,111.809145,2020-03-12 17:00:00,111.809145,SL,0.08,104.07608561552256,0.32,12.169130273862706
NZD_CAD,bearish,15,5,True,2020-03-10 00:00:00,2020-03-12 12:15:00,0.8544942953999999,2020-03-12 21:30:00,0.8544942953999999,SL,0.19,103.47048736237716,0.76,11.656458483485258
EUR_JPY,bearish,15,5,True,2020-03-10 00:00:00,2020-03-10 04:15:00,118.577135,2020-03-13 05:00:00,118.577135,SL,0.06,104.07608561552256,0.24,12.249130273862706
CHF_JPY,bullish,15,5,True,2020-03-13 00:00:00,2020-03-13 00:00:00,111.03135549000001,2020-03-13 20:45:00,113.72778875733314,TP3,0.12,105.11534852531312,0.48,172.96032506676679
NZD_CAD,bearish,15,5,True,2020-03-13 00:00:00,2020-03-13 01:00:00,0.8544942953999999,2020-03-13 20:45:00,0.8544942953999999,SL,0.07,105.11534852531312,0.28,12.333841823037575
AUD_CAD,bearish,15,5,True,2020-03-12 00:00:00,2020-03-12 00:00:00,0.8897571123,2020-03-16 01:00:00,0.8462580525975618,TP3,0.07,103.24568301744762,0.28,170.0753769787886
XAU_USD,bullish,15,5,True,2019-12-17 00:00:00,2020-03-16 11:00:00,1470.1879644177245,2020-03-16 15:30:00,1516.952728008138,TP3,0.05,108.20000908247164,0.2,178.33001498607848
CHF_JPY,bearish,14,4,False,2020-03-16 00:00:00,2020-03-16 00:15:00,112.80559586999999,2020-03-17 01:30:00,112.80559586999999,SL,0.1,107.22685737795675,0.4,12.46722288535481
GBP_CAD,bullish,14,4,False,2020-03-09 00:00:00,2020-03-12 13:45:00,1.7449828467,2020-03-18 16:45:00,1.6889331968430301,SL,0.02,104.03160138989507,0.08,-104.11160138989507
EUR_USD,bullish,14,4,False,2020-03-12 00:00:00,2020-03-12 14:00:00,1.1149638035999996,2020-03-18 16:45:00,1.0825653253919074,SL,0.03,104.03160138989507,0.12,-104.15160138989508
EUR_JPY,bearish,15,5,True,2020-03-16 00:00:00,2020-03-16 00:00:00,118.724,2020-03-18 23:30:00,118.724,SL,0.06,107.22685737795675,0.24,12.62722288535481
NZD_CAD,bearish,15,5,True,2020-03-16 00:00:00,2020-03-16 11:45:00,0.84299385,2020-03-19 14:45:00,0.84299385,SL,0.04,108.20000908247164,0.16,12.824001089896598
USD_JPY,bearish,15,5,True,2020-02-27 00:00:00,2020-03-19 18:30:00,110.59124311000001,2020-03-20 13:15:00,110.59124311000001,SL,0.09,108.27187641407372,0.36,12.632625169688845
GBP_AUD,bullish,15,5,True,2020-03-10 00:00:00,2020-03-20 07:15:00,1.9705911761999997,2020-03-23 06:15:00,2.015560185337091,SL,0.04,108.38881004060092,0.16,124.4871315466909
EUR_NZD,bullish,15,5,True,2020-03-18 00:00:00,2020-03-19 15:30:00,1.8327868424999998,2020-03-25 08:45:00,1.8327868424999998,SL,0.02,108.27187641407372,0.08,12.912625169688845
USD_CHF,bearish,15,5,True,2019-12-10 00:00:00,2020-03-20 18:15:00,0.989153778,2020-03-26 19:45:00,0.961404006408268,TP3,0.08,108.61956358197197,0.32,178.9022799102538
GBP_AUD,bullish,15,5,True,2020-03-24 00:00:00,2020-03-24 00:00:00,1.971,2020-04-01 14:45:00,2.0241469909858187,SL,0.03,109.74019697971687,0.12,125.62048435541237
EUR_JPY,bearish,15,5,True,2020-03-19 00:00:00,2020-03-19 00:45:00,118.69964338000001,2020-04-07 10:00:00,118.69964338000001,SL,0.06,108.27331641407372,0.24,12.752797969688846
CAD_JPY,bearish,15,5,True,2020-03-24 00:00:00,2020-03-25 08:15:00,77.81899378000001,2020-04-07 10:00:00,77.81899378000001,SL,0.05,109.74019697971687,0.2,12.968823637566025
AUD_CAD,bearish,15,5,True,2020-03-24 00:00:00,2020-03-30 13:15:00,0.8732477801999999,2020-04-08 14:45:00,0.8732477801999999,SL,0.04,111.35080778297873,0.16,13.20209693395745
NZD_CAD,bearish,15,5,True,2020-03-20 00:00:00,2020-03-27 15:45:00,0.8468868670999999,2020-04-08 18:00:00,0.8468868670999999,SL,0.05,111.35080778297873,0.2,13.16209693395745
GBP_AUD,bullish,15,5,True,2020-04-09 00:00:00,2020-04-09 00:00:00,1.98682,2020-04-13 17:45:00,1.955625272414805,SL,0.06,112.95190394112149,0.24,-107.55757080804617
EUR_CHF,bearish,15,5,True,2020-03-10 00:00:00,2020-03-10 00:00:00,1.0589,2020-04-28 06:45:00,1.0589,SL,0.09,104.07608561552256,0.36,12.129130273862707
EUR_AUD,bullish,15,5,True,2020-04-08 00:00:00,2020-04-08 00:00:00,1.77316,2020-04-29 05:45:00,1.6587686504924544,SL,0.02,112.95514394112149,0.08,-118.41998398105996
USD_CAD,bullish,15,5,True,2020-04-14 00:00:00,2020-04-14 00:00:00,1.38818,2020-04-29 19:30:00,1.38818,SL,0.03,112.10240521658717,0.12,13.332288625990461
EUR_CHF,bearish,15,5,True,2020-04-30 00:00:00,2020-04-30 07:00:00,1.0598829293999998,2020-04-30 14:45:00,1.0567559863823486,SL,0.39,111.50648024527389,1.56,126.67245228206323
NZD_CAD,bullish,14,4,False,2020-04-29 00:00:00,2020-04-29 00:00:00,0.85018,2020-05-15 14:45:00,0.83656048224913,SL,0.11,112.57334010110344,0.44,-107.6783038389896
EUR_CHF,bearish,15,5,True,2020-05-18 00:00:00,2020-05-18 00:00:00,1.0490278234,2020-05-18 16:00:00,1.0580338269032266,SL,0.12,112.04042201302592,0.48,-112.52042201302592
CAD_JPY,bearish,15,5,True,2020-04-08 00:00:00,2020-04-08 11:00:00,77.81899378000001,2020-05-19 15:00:00,77.81899378000001,SL,0.05,112.95514394112149,0.2,13.35461727293458
USD_CAD,bullish,15,5,True,2020-05-19 00:00:00,2020-05-19 00:00:00,1.3937125394,2020-05-26 05:45:00,1.3937125394,SL,0.12,111.0277382149087,0.48,12.843328585789042
EUR_CHF,bearish,15,5,True,2020-05-20 00:00:00,2020-05-20 00:00:00,1.0595708165999997,2020-05-27 09:45:00,1.06778897703421,SL,0.14,111.02593821490868,0.56,-111.58593821490868
CHF_JPY,bearish,14,4,False,2020-03-18 00:00:00,2020-03-18 00:00:00,111.68315213000001,2020-05-28 16:30:00,111.68315213000001,SL,0.06,109.91718422331455,0.24,12.950062106797747
EUR_USD,bearish,15,5,True,2020-03-25 00:00:00,2020-03-27 17:45:00,1.1098720734,2020-05-29 04:45:00,1.1098720734,SL,0.03,111.35080778297873,0.12,13.24209693395745
GBP_NZD,bullish,15,5,True,2020-01-27 00:00:00,2020-05-27 09:00:00,1.980006378,2020-06-02 13:45:00,1.980006378,SL,0.06,111.6281611917851,0.24,13.15537934301421
GBP_AUD,bearish,14,4,False,2020-04-29 00:00:00,2020-05-01 05:30:00,1.9465951548,2020-06-02 14:00:00,1.828560624477766,TP3,0.03,112.64653231581245,0.12,185.7467783210904
EUR_NZD,bullish,15,5,True,2020-03-26 00:00:00,2020-03-27 17:45:00,1.8327868424999998,2020-06-02 18:45:00,1.7546543986944525,SL,0.02,111.35080778297873,0.08,-111.43080778297873
EUR_AUD,bearish,15,5,True,2020-05-27 00:00:00,2020-05-27 13:00:00,1.6643914240000002,2020-06-03 10:45:00,1.6294886267059945,SL,0.05,110.62388774785093,0.2,127.01747091002863
AUD_JPY,bearish,15,5,True,2020-01-27 00:00:00,2020-06-02 14:15:00,74.70938197,2020-06-05 05:45:00,76.29392464977019,SL,0.11,112.04142115705783,0.44,-112.48142115705782
CAD_CHF,bearish,15,5,True,2020-04-09 00:00:00,2020-04-09 00:00:00,0.69362,2020-06-05 13:30:00,0.7196684449431201,SL,0.04,112.95190394112149,0.16,-111.87503785397605
CHF_JPY,bullish,14,4,False,2020-05-29 00:00:00,2020-05-29 04:45:00,111.33834209999999,2020-06-08 14:30:00,113.3744434895661,SL,0.09,110.62172774785093,0.36,126.85498691002839
NZD_USD,bearish,15,5,True,2020-02-14 00:00:00,2020-06-04 14:45:00,0.6454719622999999,2020-06-09 00:00:00,0.6571581474212116,SL,0.1,112.0622273264336,0.4,-112.4622273264336
AUD_NZD,bullish,14,4,False,2020-04-28 00:00:00,2020-04-30 12:15:00,1.0662093038999998,2020-06-09 06:45:00,1.0662093038999998,SL,0.12,112.10861523859836,0.48,12.973033828631802
NZD_JPY,bearish,15,5,True,2020-02-10 00:00:00,2020-06-05 13:15:00,71.51442702,2020-06-12 09:45:00,69.55269475858164,SL,0.09,111.5277803998908,0.36,127.89694745987451
CAD_CHF,bearish,15,5,True,2020-06-08 00:00:00,2020-06-10 13:30:00,0.7009438026,2020-06-12 18:30:00,0.7009438026,SL,0.07,110.28947144085647,0.28,12.954736572902776
AUD_NZD,bullish,15,5,True,2020-06-10 00:00:00,2020-06-10 00:00:00,1.0685193360999998,2020-06-15 07:00:00,1.0610985827337422,SL,0.25,110.28947144085647,1.0,-111.28947144085647
AUD_JPY,bullish,15,5,True,2020-06-15 00:00:00,2020-06-15 00:30:00,73.08895463999998,2020-06-18 01:30:00,73.08895463999998,SL,0.05,111.43668659431958,0.2,13.17240239131835
XAG_USD,bearish,14,4,False,2020-03-02 00:00:00,2020-05-29 14:45:00,17.83065639818191,2020-06-22 00:00:00,17.83065639818191,SL,0.02,110.62064774785092,0.08,13.194477729742111
AUD_NZD,bullish,15,5,True,2020-06-19 00:00:00,2020-06-19 00:00:00,1.0685193360999998,2020-06-25 07:00:00,1.0685193360999998,SL,0.25,111.0316948259,1.0,12.323803379108
AUD_NZD,bullish,15,5,True,2020-06-26 00:00:00,2020-06-26 00:00:00,1.0742444999999998,2020-07-02 10:00:00,1.0629887785255387,SL,0.16,111.14188905631197,0.64,-111.78188905631197
AUD_NZD,bearish,14,4,False,2020-07-03 00:00:00,2020-07-03 00:00:00,1.06308,2020-07-14 06:00:00,1.06308,SL,0.16,110.4950942456787,0.64,12.619411309481444
GBP_USD,bearish,15,5,True,2020-03-13 00:00:00,2020-06-08 19:45:00,1.2734244621,2020-07-21 14:45:00,1.2734244621,SL,0.02,111.06524261155687,0.08,13.247829113386825
USD_CAD,bearish,14,4,False,2020-06-12 00:00:00,2020-06-26 13:45:00,1.3694269896,2020-07-23 06:45:00,1.338651044875927,TP3,0.1,111.14188905631197,0.4,182.98411694291505
GBP_AUD,bearish,15,5,True,2020-06-15 00:00:00,2020-06-15 08:00:00,1.8416986131,2020-07-24 04:00:00,1.797432197140607,SL,0.04,110.67450211294005,0.16,127.11567742988107
EUR_NZD,bearish,15,5,True,2020-06-15 00:00:00,2020-06-15 00:30:00,1.7548199692,2020-07-24 15:15:00,1.7548199692,SL,0.04,111.43668659431958,0.16,13.21240239131835
XAU_USD,bullish,15,5,True,2020-03-24 00:00:00,2020-03-24 00:00:00,1595.16270126709,2020-07-27 02:30:00,1925.2302599283842,TP3,0.01,109.74019697971687,0.04,181.0313250165328
EUR_AUD,bearish,15,5,True,2020-06-04 00:00:00,2020-06-11 13:15:00,1.6468650363,2020-07-27 12:00:00,1.6468650363,SL,0.04,110.28947144085647,0.16,13.074736572902776
USD_CHF,bearish,15,5,True,2020-03-27 00:00:00,2020-03-31 11:30:00,0.9670374553000001,2020-07-28 12:45:00,0.9163084514479771,TP3,0.05,111.35080778297873,0.2,183.5288328419149
GBP_CAD,bearish,14,4,False,2020-03-25 00:00:00,2020-03-27 16:15:00,1.7463843790999998,2020-07-30 11:00:00,1.7463843790999998,SL,0.02,111.35080778297873,0.08,13.28209693395745
GBP_AUD,bearish,15,5,True,2020-07-27 00:00:00,2020-07-29 15:15:00,1.8106783499999999,2020-07-30 13:45:00,1.8252145424767043,SL,0.12,116.92314842996906,0.48,-117.40314842996906
GBP_USD,bullish,15,5,True,2020-07-22 00:00:00,2020-07-22 07:15:00,1.2684431825999998,2020-07-31 02:00:00,1.3136758122568462,TP3,0.05,112.15973077073085,0.2,184.86355577170596
CAD_JPY,bearish,15,5,True,2020-06-15 00:00:00,2020-07-23 07:00:00,80.05055192,2020-08-11 14:45:00,80.05055192,SL,0.08,113.68745711193549,0.32,13.322494853432257
XAU_USD,bullish,15,5,True,2020-08-11 00:00:00,2020-08-11 12:45:00,1957.91128232666,2020-08-12 04:15:00,1870.332017902285,SL,0.01,118.485201967568,0.04,-118.52520196756801
GBP_JPY,bearish,15,5,True,2020-03-24 00:00:00,2020-03-25 09:15:00,133.01064082,2020-08-13 11:15:00,140.14580703890286,SL,0.02,109.73947697971687,0.08,-109.81947697971687
CHF_JPY,bullish,15,5,True,2020-06-09 00:00:00,2020-06-09 01:15:00,112.66540238999998,2020-08-13 13:00:00,117.53178576459077,TP3,0.07,110.05308256561896,0.28,181.3075862332712
AUD_NZD,bullish,14,4,False,2020-07-15 00:00:00,2020-07-15 15:15:00,1.0666904978999998,2020-08-14 03:15:00,1.0924083286843547,TP3,0.15,110.60866894746404,0.6,181.90430376331537
EUR_NZD,bullish,15,5,True,2020-07-27 00:00:00,2020-07-27 00:00:00,1.75348,2020-08-17 01:15:00,1.8140079870080636,TP3,0.06,114.35519835107544,0.24,187.0812294665228
XAU_USD,bullish,15,5,True,2020-08-13 00:00:00,2020-08-13 00:00:00,1938.4295780249024,2020-08-19 18:15:00,1938.4295780249024,SL,0.01,117.90960960673654,0.04,14.109153152808386
GBP_NZD,bearish,15,5,True,2020-06-03 00:00:00,2020-07-31 13:45:00,1.9762602042,2020-08-20 11:45:00,2.013698740810059,SL,0.05,117.53194320103148,0.2,-117.73194320103148
AUD_NZD,bullish,15,5,True,2020-08-17 00:00:00,2020-08-19 09:30:00,1.093924008,2020-08-26 16:30:00,1.093924008,SL,0.13,120.19212323819589,0.52,13.903054788583507
GBP_AUD,bullish,14,4,False,2020-08-25 00:00:00,2020-08-27 11:00:00,1.8188400999999998,2020-08-27 16:15:00,1.8188400999999998,SL,0.19,119.25730324248384,0.76,13.550876389098063
USD_CHF,bearish,15,5,True,2020-08-18 00:00:00,2020-08-19 14:30:00,0.9091119582,2020-09-01 14:00:00,0.9091119582,SL,0.09,120.19212323819589,0.36,14.063054788583507
EUR_NZD,bullish,15,5,True,2020-08-18 00:00:00,2020-08-26 14:15:00,1.7936984528999997,2020-09-01 17:00:00,1.7625916100826116,SL,0.06,119.26198324248385,0.24,-119.50198324248385
GBP_JPY,bullish,15,5,True,2020-08-14 00:00:00,2020-08-14 07:00:00,139.47136940999997,2020-09-02 07:15:00,141.44420212188191,SL,0.1,118.99856786571772,0.4,136.44835304557554
GBP_USD,bullish,15,5,True,2020-08-18 00:00:00,2020-08-18 00:45:00,1.3176431787,2020-09-04 14:30:00,1.3176431787,SL,0.06,120.06478085982062,0.24,14.167773703178472
GBP_CAD,bullish,15,5,True,2020-07-31 00:00:00,2020-08-12 11:45:00,1.7293999397999997,2020-09-07 08:45:00,1.7293999397999997,SL,0.04,117.4155951498599,0.16,13.929871417983188
GBP_USD,bullish,15,5,True,2020-09-07 00:00:00,2020-09-07 00:00:00,1.32465,2020-09-08 18:15:00,1.3002953716340062,SL,0.05,119.91266475740126,0.2,-125.70440819464449
GBP_JPY,bullish,15,5,True,2020-09-03 00:00:00,2020-09-07 09:00:00,139.98970820999997,2020-09-08 18:30:00,137.8587975944617,SL,0.08,119.91122475740126,0.32,-120.23122475740125
GBP_NZD,bullish,15,5,True,2020-08-21 00:00:00,2020-08-26 19:45:00,1.9941336227999997,2020-09-09 06:45:00,1.9519120175646725,SL,0.05,119.25730324248384,0.2,-119.45730324248385
CAD_JPY,bullish,15,5,True,2020-08-25 00:00:00,2020-09-08 21:15:00,80.03702788,2020-09-09 22:30:00,80.8138139886295,TP3,0.48,117.8268724627828,1.92,192.49433956359096
GBP_AUD,bearish,15,5,True,2020-08-28 00:00:00,2020-08-28 00:00:00,1.8129563068,2020-09-10 16:00:00,1.7620163711207777,TP3,0.08,119.5077795832807,0.32,196.8678363124131
CAD_JPY,bullish,14,4,False,2020-09-10 00:00:00,2020-09-10 00:00:00,80.84822999999999,2020-09-16 13:00:00,79.54197886991709,SL,0.14,118.48420578967277,0.56,-119.04420578967277
CHF_JPY,bullish,15,5,True,2020-08-14 00:00:00,2020-08-18 00:00:00,116.82713753999998,2020-09-17 03:15:00,115.0527597779791,SL,0.1,120.06478085982062,0.4,-120.46478085982062
AUD_NZD,bullish,15,5,True,2020-08-27 00:00:00,2020-08-27 00:00:00,1.093924008,2020-09-18 04:45:00,1.078248902921746,SL,0.13,119.25730324248384,0.52,-119.77730324248384
CHF_JPY,bullish,15,5,True,2020-09-18 00:00:00,2020-09-18 00:00:00,115.85520106,2020-09-21 07:30:00,114.4423486502064,SL,0.13,118.3468418716074,0.52,-118.86684187160739
GBP_USD,bullish,15,5,True,2020-09-15 00:00:00,2020-09-16 14:45:00,1.3113805877999998,2020-09-23 06:00:00,1.270908501191676,SL,0.03,119.43102489934577,0.12,-119.55102489934578
USD_CHF,bearish,15,5,True,2020-09-02 00:00:00,2020-09-02 00:00:00,0.90966,2020-09-23 14:15:00,0.923231607385944,SL,0.09,119.32938184646595,0.36,-115.05771654382313
XAU_USD,bullish,15,5,True,2020-08-20 00:00:00,2020-08-20 00:00:00,1948.9064514160157,2020-09-23 14:45:00,1865.0785901976535,SL,0.01,120.19176323819588,0.04,-120.23176323819588
EUR_NZD,bearish,14,4,False,2020-09-02 00:00:00,2020-09-08 22:15:00,1.7814194634,2020-09-23 18:15:00,1.7814194634,SL,0.05,117.8268724627828,0.2,13.939224695533936
GBP_NZD,bearish,15,5,True,2020-09-10 00:00:00,2020-09-10 07:15:00,1.9499694784,2020-09-24 08:15:00,1.9499694784,SL,0.05,118.48420578967277,0.2,14.018104694760734
AUD_NZD,bearish,14,4,False,2020-09-21 00:00:00,2020-09-21 10:00:00,1.0819472193,2020-09-29 12:15:00,1.0819472193,SL,0.14,116.19904456558058,0.56,13.38388534786967
GBP_NZD,bullish,15,5,True,2020-09-25 00:00:00,2020-09-25 09:30:00,1.9394436332999998,2020-10-01 08:15:00,1.9394436332999998,SL,0.06,113.13067791095017,0.24,13.335681349314019
AUD_NZD,bullish,15,5,True,2020-09-30 00:00:00,2020-09-30 03:00:00,1.0788035367,2020-10-02 01:45:00,1.0788035367,SL,0.19,113.49549708736865,0.76,12.859459650484238
EUR_AUD,bullish,14,4,False,2020-07-28 00:00:00,2020-08-27 07:30:00,1.6311386375999999,2020-10-05 00:00:00,1.6311386375999999,SL,0.07,119.25730324248384,0.28,14.030876389098063
AUD_JPY,bullish,15,5,True,2020-07-15 00:00:00,2020-09-23 23:15:00,74.39013618,2020-10-13 00:00:00,75.82562946963778,SL,0.13,113.13247791095017,0.52,129.5823495975927
EUR_NZD,bullish,15,5,True,2020-09-24 00:00:00,2020-09-25 07:00:00,1.7714813399999998,2020-10-13 08:00:00,1.7714813399999998,SL,0.07,113.13067791095017,0.28,13.29568134931402
EUR_CHF,bullish,15,5,True,2020-06-03 00:00:00,2020-06-11 04:15:00,1.072147869,2020-10-15 07:00:00,1.072147869,SL,0.07,110.28947144085647,0.28,12.954736572902776
EUR_NZD,bullish,15,5,True,2020-10-14 00:00:00,2020-10-14 00:45:00,1.7629695963,2020-10-19 00:00:00,1.7709219936220941,SL,0.27,115.13800270378998,1.08,131.32870310935883
AUD_NZD,bullish,15,5,True,2020-10-05 00:00:00,2020-10-14 01:00:00,1.07568455,2020-10-19 13:30:00,1.0690049457867556,SL,0.29,115.13800270378998,1.16,-116.29800270378998
GBP_AUD,bearish,15,5,True,2020-09-17 00:00:00,2020-09-23 12:45:00,1.7922571028999998,2020-10-19 23:30:00,1.836730193273817,SL,0.04,115.12308534148647,0.16,-115.28308534148647
EUR_AUD,bullish,14,4,False,2020-10-06 00:00:00,2020-10-06 05:00:00,1.6472574105,2020-10-21 12:30:00,1.6714766739367668,SL,0.08,113.97428350141166,0.32,130.7504260266233
GBP_CAD,bearish,15,5,True,2020-09-08 00:00:00,2020-09-30 14:45:00,1.7289076618,2020-10-22 00:00:00,1.7289076618,SL,0.06,113.61807222422301,0.24,13.39416866690676
GBP_NZD,bullish,14,4,False,2020-10-20 00:00:00,2020-10-20 00:00:00,1.9693414586999998,2020-10-27 14:45:00,1.9406796639371413,SL,0.07,114.35630346554824,0.28,-114.63630346554824
EUR_NZD,bullish,15,5,True,2020-10-20 00:00:00,2020-10-20 00:00:00,1.78516,2020-10-27 21:00:00,1.7578421943028248,SL,0.07,114.35630346554824,0.28,-112.89902129716012
CHF_JPY,bullish,15,5,True,2020-09-29 00:00:00,2020-09-29 00:00:00,114.47592194999999,2020-10-28 07:15:00,114.47592194999999,SL,0.11,113.37835401122481,0.44,13.165402481346979
USD_CHF,bearish,15,5,True,2020-09-30 00:00:00,2020-09-30 08:45:00,0.9228568274999999,2020-10-28 09:15:00,0.9120562596510599,SL,0.12,113.49549708736865,0.48,130.0398216504743
AUD_JPY,bullish,14,4,False,2020-10-14 00:00:00,2020-10-14 01:15:00,75.39183978,2020-10-28 11:00:00,73.76282662711242,SL,0.11,115.13800270378998,0.44,-115.57800270378998
EUR_NZD,bullish,14,4,False,2020-10-28 00:00:00,2020-10-28 12:30:00,1.7678144303999999,2020-10-30 11:15:00,1.7575003524769623,SL,0.18,113.48657847487715,0.72,-114.20657847487715
GBP_NZD,bullish,14,4,False,2020-10-28 00:00:00,2020-10-28 00:00:00,1.9459414,2020-10-30 12:45:00,1.9459414,SL,0.19,113.85028769815938,0.76,12.902034523779125
CAD_JPY,bearish,14,4,False,2020-09-29 00:00:00,2020-10-01 18:15:00,79.56824159,2020-11-03 09:15:00,79.56824159,SL,0.11,113.86119487907953,0.44,13.223343385489544
GBP_AUD,bullish,14,4,False,2020-10-20 00:00:00,2020-10-26 09:15:00,1.8244416441,2020-11-03 09:15:00,1.8244416441,SL,0.06,115.89810562102376,0.24,13.667772674522853
EUR_GBP,bullish,15,5,True,2020-03-24 00:00:00,2020-03-27 10:45:00,0.8975641733999999,2020-11-03 15:15:00,0.8975641733999999,SL,0.02,111.35080778297873,0.08,13.28209693395745
GBP_CAD,bearish,15,5,True,2020-10-23 00:00:00,2020-10-23 07:45:00,1.7198162999999997,2020-11-03 23:30:00,1.7198162999999997,SL,0.09,115.89810562102376,0.36,13.547772674522854
EUR_AUD,bullish,15,5,True,2020-10-22 00:00:00,2020-10-22 22:30:00,1.6586636579999998,2020-11-05 15:30:00,1.6277203535555589,SL,0.06,115.89810562102376,0.24,-116.13810562102375
AUD_JPY,bearish,15,5,True,2020-10-29 00:00:00,2020-11-03 08:45:00,74.28024643,2020-11-09 11:45:00,75.69806408584391,SL,0.12,112.82517748745867,0.48,-113.30517748745868
CAD_JPY,bearish,15,5,True,2020-11-04 00:00:00,2020-11-09 11:45:00,79.97387999999998,2020-11-09 12:45:00,80.68787278756,SL,0.24,112.25881947042518,0.96,-113.21881947042517
XAU_USD,bullish,15,5,True,2020-09-30 00:00:00,2020-09-30 00:00:00,1899.750135559082,2020-11-09 13:00:00,1899.750135559082,SL,0.02,113.49549708736865,0.08,13.539459650484238
USD_JPY,bearish,15,5,True,2020-03-23 00:00:00,2020-03-26 23:45:00,107.88496712999998,2020-11-09 14:45:00,105.334,DDD_3.6%,0.04,111.35080778297873,0.16,66.75866878712336
EUR_CAD,bullish,15,5,True,2020-03-24 00:00:00,2020-04-02 14:45:00,1.5333138671999997,2020-11-09 14:45:00,1.53722,DDD_3.6%,0.03,112.71858619631027,0.12,19.747433953039522
GBP_USD,bullish,15,5,True,2020-09-30 00:00:00,2020-10-01 12:30:00,1.3113805877999998,2020-11-09 14:45:00,1.31598,DDD_3.6%,0.02,113.86119487907953,0.08,10.868476795211329
EUR_CHF,bearish,15,5,True,2020-10-16 00:00:00,2020-10-16 00:00:00,1.07079,2020-11-09 14:45:00,1.0777,DDD_3.6%,0.1,115.75722791839044,0.4,-73.73021081990561
USD_CHF,bearish,15,5,True,2020-10-29 00:00:00,2020-10-29 00:00:00,0.9097002022000001,2020-11-09 14:45:00,0.9085,DDD_3.6%,0.09,113.73470673966186,0.36,21.898525830223214
GBP_NZD,bearish,15,5,True,2020-11-02 00:00:00,2020-11-02 00:00:00,1.9521336034,2020-11-09 14:45:00,1.93048,DDD_3.6%,0.05,112.70000753338796,0.2,67.22769564119797
GBP_AUD,bearish,15,5,True,2020-11-04 00:00:00,2020-11-04 00:00:00,1.8271619417,2020-11-09 14:45:00,1.80302,DDD_3.6%,0.05,112.81509748745867,0.2,77.92205928240706
EUR_GBP,bearish,14,4,False,2020-11-04 00:00:00,2020-11-04 07:45:00,0.9003336304,2020-11-09 14:45:00,0.90145,DDD_3.6%,0.07,112.81509748745867,0.28,-10.195946342080696
CHF_JPY,bearish,14,4,False,2020-10-29 00:00:00,2020-11-09 05:15:00,115.06568447999999,2020-11-09 14:45:00,115.942,DDD_3.6%,0.11,112.13710346228912,0.44,-62.0987824379696
USD_CHF,bearish,15,5,True,2020-11-10 00:00:00,2020-11-10 09:45:00,0.9164790170999999,2020-11-11 08:00:00,0.9164790170999999,SL,0.18,110.67658004180845,0.72,12.561189605017013
XAG_USD,bullish,15,5,True,2020-11-10 00:00:00,2020-11-10 00:00:00,24.31382,2020-11-16 11:45:00,24.31382,SL,0.02,110.67658004180845,0.08,13.201189605017014
USD_JPY,bearish,15,5,True,2020-11-10 00:00:00,2020-11-10 00:00:00,105.11412384,2020-11-16 11:45:00,105.11412384,SL,0.28,110.67658004180845,1.12,12.161189605017015
GBP_AUD,bearish,15,5,True,2020-11-10 00:00:00,2020-11-10 10:45:00,1.8192895812999998,2020-11-18 00:15:00,1.8192895812999998,SL,0.05,110.67658004180845,0.2,13.081189605017014
NZD_CAD,bullish,15,5,True,2020-11-10 00:00:00,2020-11-10 00:00:00,0.88812,2020-11-24 09:30:00,0.91214108755799,TP3,0.13,110.67658004180845,0.52,181.41236726803416
GBP_CAD,bullish,15,5,True,2020-11-17 00:00:00,2020-11-17 00:00:00,1.7300602046999998,2020-11-27 10:45:00,1.7300602046999998,SL,0.06,111.4963952680134,0.24,13.139567432161607
USD_CHF,bearish,15,5,True,2020-11-12 00:00:00,2020-11-12 00:00:00,0.9164790170999999,2020-11-30 00:45:00,0.9039185848420158,TP3,0.19,111.02869216114392,0.76,182.43734206588778
GBP_AUD,bearish,15,5,True,2020-11-25 00:00:00,2020-11-25 05:45:00,1.8192895812999998,2020-12-01 08:45:00,1.8192895812999998,SL,0.06,113.60770683084317,0.24,13.39292481970118
GBP_CHF,bullish,15,5,True,2020-11-10 00:00:00,2020-11-12 15:30:00,1.2004952532,2020-12-02 11:45:00,1.2004952532,SL,0.04,111.02869216114392,0.16,13.163443059337272
GBP_CAD,bullish,15,5,True,2020-11-30 00:00:00,2020-12-02 12:00:00,1.7244544,2020-12-02 12:15:00,1.7244544,SL,0.24,116.20456559584929,0.96,12.984547871501913
AUD_CHF,bullish,14,4,False,2020-12-01 00:00:00,2020-12-01 00:00:00,0.6696706346999999,2020-12-02 12:30:00,0.6609500535156951,SL,0.13,115.96846530484059,0.52,-116.48846530484059
GBP_NZD,bearish,15,5,True,2020-11-10 00:00:00,2020-11-10 09:30:00,1.9381479231999998,2020-12-03 17:15:00,1.906845972564607,SL,0.06,110.67658004180845,0.24,127.0380670480799
EUR_GBP,bearish,15,5,True,2020-11-10 00:00:00,2020-11-10 00:00:00,0.8946944878,2020-12-07 08:00:00,0.9097347312394459,SL,0.06,110.67658004180845,0.24,-110.91658004180844
EUR_CHF,bullish,15,5,True,2020-11-10 00:00:00,2020-11-10 00:15:00,1.0789837584,2020-12-07 12:15:00,1.0789837584,SL,0.08,110.67658004180845,0.32,12.961189605017013
CHF_JPY,bullish,14,4,False,2020-11-10 00:00:00,2020-11-10 00:15:00,115.05681797999999,2020-12-11 15:45:00,116.67537395269929,SL,0.11,110.67658004180845,0.44,126.83806704807998
GBP_NZD,bearish,15,5,True,2020-12-04 00:00:00,2020-12-04 00:00:00,1.8991167,2020-12-15 16:00:00,1.8991167,SL,0.06,116.42309293016973,0.24,13.730771151620367
EUR_USD,bullish,15,5,True,2020-11-10 00:00:00,2020-11-11 11:45:00,1.176475311,2020-12-16 08:30:00,1.2195177658150518,TP3,0.05,110.90916145469876,0.2,182.8001164002529
XAG_USD,bearish,15,5,True,2020-12-01 00:00:00,2020-12-01 16:30:00,23.813328407001496,2020-12-16 09:15:00,25.058370501394087,SL,0.02,116.20600559584929,0.08,-116.28600559584929
AUD_USD,bullish,15,5,True,2020-12-01 00:00:00,2020-12-01 00:00:00,0.73552,2020-12-17 00:30:00,0.7582825455639924,TP3,0.11,115.96846530484059,0.44,192.40967874106767
AUD_CHF,bearish,14,4,False,2020-12-03 00:00:00,2020-12-09 10:30:00,0.6646262894,2020-12-17 08:00:00,0.6733680884293846,SL,0.13,115.90008653557408,0.52,-116.42008653557407
GBP_NZD,bearish,15,5,True,2020-12-16 00:00:00,2020-12-16 11:15:00,1.9020522062999998,2020-12-17 16:00:00,1.9020522062999998,SL,0.12,117.66831389967237,0.48,13.640197667960685
GBP_USD,bullish,15,5,True,2020-11-10 00:00:00,2020-11-12 17:45:00,1.3118041286999997,2020-12-21 00:00:00,1.341026479692124,SL,0.04,111.02869216114392,0.16,127.52299598531542
USD_CAD,bearish,15,5,True,2020-11-10 00:00:00,2020-11-12 14:30:00,1.313810338,2020-12-21 07:45:00,1.287754727583151,SL,0.06,111.02869216114392,0.24,127.44299598531568
EUR_CAD,bearish,15,5,True,2020-11-10 00:00:00,2020-11-12 14:15:00,1.5483400368,2020-12-21 08:30:00,1.5721652755226794,SL,0.06,111.02869216114392,0.24,-111.26869216114392
GBP_CHF,bearish,15,5,True,2020-12-16 00:00:00,2020-12-16 00:00:00,1.19063,2020-12-21 19:00:00,1.19063,SL,0.05,117.66859637428811,0.2,13.920231564914575
EUR_GBP,bullish,15,5,True,2020-12-10 00:00:00,2020-12-16 13:00:00,0.8998632515999999,2020-12-24 07:00:00,0.8998632515999999,SL,0.06,118.14795784980852,0.24,13.937754941977023
GBP_CAD,bearish,15,5,True,2020-12-11 00:00:00,2020-12-14 10:00:00,1.7112443222999998,2020-12-24 07:30:00,1.7438691245727393,SL,0.05,117.55034026739867,0.2,-117.75034026739867
EUR_CHF,bearish,15,5,True,2020-12-08 00:00:00,2020-12-08 00:00:00,1.0775420956,2020-12-28 09:30:00,1.08918717353475,SL,0.1,115.42196370979346,0.4,-115.82196370979347
GBP_JPY,bullish,14,4,False,2020-12-14 00:00:00,2020-12-21 02:30:00,137.99654999999998,2020-12-28 10:15:00,139.89173907310985,SL,0.1,119.4863221760404,0.4,137.00927050244616
EUR_GBP,bullish,15,5,True,2020-12-28 00:00:00,2020-12-28 00:00:00,0.9009444012000001,2020-12-31 07:45:00,0.9009444012000001,SL,0.1,118.99925976025587,0.4,13.879911171230702
USD_CAD,bearish,15,5,True,2020-12-22 00:00:00,2020-12-22 00:00:00,1.2795197127000002,2021-01-04 17:15:00,1.2795197127000002,SL,0.08,119.28666328482213,0.32,13.994399594178656
EUR_USD,bullish,15,5,True,2020-12-18 00:00:00,2020-12-21 00:00:00,1.2212767034999998,2021-01-08 18:15:00,1.2212767034999998,SL,0.07,118.81057035536496,0.28,13.977268442643796
AUD_USD,bullish,15,5,True,2020-12-18 00:00:00,2020-12-21 07:45:00,0.7528662432,2021-01-11 04:45:00,0.7693697897909588,SL,0.08,119.4863221760404,0.32,137.08927050244634
GBP_NZD,bearish,15,5,True,2020-12-29 00:00:00,2020-12-31 15:45:00,1.8984851999999999,2021-01-12 14:45:00,1.8984851999999999,SL,0.08,118.79868381013033,0.32,13.93584205721564
EUR_USD,bullish,15,5,True,2021-01-11 00:00:00,2021-01-11 09:45:00,1.2164595778,2021-01-13 11:45:00,1.2164595778,SL,0.29,121.05610117043004,1.16,13.366732140451607
EUR_CAD,bullish,15,5,True,2020-12-24 00:00:00,2020-12-24 10:00:00,1.5649826634,2021-01-13 19:00:00,1.5420144455715505,SL,0.07,118.87056758875444,0.28,-119.15056758875444
EUR_JPY,bullish,14,4,False,2020-11-10 00:00:00,2020-11-18 00:30:00,123.42742277999999,2021-01-15 08:00:00,125.72418841170291,SL,0.08,111.61437716238447,0.32,128.036533736742
EUR_USD,bullish,15,5,True,2021-01-14 00:00:00,2021-01-14 00:00:00,1.21651,2021-01-15 14:45:00,1.210092952510793,SL,0.19,120.22933431717367,0.76,-121.94152284177225
NZD_CHF,bullish,15,5,True,2020-11-25 00:00:00,2020-12-02 12:30:00,0.6321867677999999,2021-01-19 09:30:00,0.6321867677999999,SL,0.12,116.32142652669282,0.48,13.478571183203137
GBP_NZD,bearish,15,5,True,2021-01-13 00:00:00,2021-01-13 00:00:00,1.8823159060999999,2021-01-19 14:45:00,1.9162399837378365,SL,0.06,121.1839617596941,0.24,-121.4239617596941
EUR_USD,bullish,15,5,True,2021-01-18 00:00:00,2021-01-19 14:00:00,1.2164595778,2021-01-20 14:45:00,1.2080965818921845,SL,0.14,119.8016466513176,0.56,-120.3616466513176
USD_CAD,bearish,15,5,True,2021-01-13 00:00:00,2021-01-18 04:15:00,1.2777892285999999,2021-01-25 16:00:00,1.2777892285999999,SL,0.09,119.80596665131759,0.36,14.016715998158112
GBP_NZD,bearish,15,5,True,2021-01-20 00:00:00,2021-01-20 15:15:00,1.9012336538999999,2021-01-27 06:15:00,1.9012336538999999,SL,0.14,117.75496661960192,0.56,13.570595994352228
AUD_CHF,bullish,15,5,True,2020-12-18 00:00:00,2020-12-21 08:30:00,0.6678973523999999,2021-01-27 20:15:00,0.6809048457842394,SL,0.1,120.03375420223806,0.4,137.63881733257352
EUR_NZD,bearish,15,5,True,2020-11-17 00:00:00,2020-12-21 09:15:00,1.7338939451000002,2021-01-27 23:30:00,1.6948301838633446,SL,0.06,119.159418056872,0.24,136.79333076540274
NZD_CHF,bullish,15,5,True,2021-01-20 00:00:00,2021-01-20 00:00:00,0.6351901499999999,2021-01-27 23:30:00,0.6351901499999999,SL,0.1,118.70883099548034,0.4,13.845059719457641
CAD_CHF,bullish,15,5,True,2020-11-10 00:00:00,2020-12-02 12:45:00,0.6931482588,2021-01-28 04:30:00,0.6931482588,SL,0.08,115.27303033894925,0.32,13.51276364067391
USD_JPY,bearish,15,5,True,2020-11-17 00:00:00,2020-11-17 00:00:00,104.48,2021-01-29 00:30:00,104.48,SL,0.13,111.4963952680134,0.52,12.859567432161608
EUR_CAD,bearish,15,5,True,2021-01-25 00:00:00,2021-01-28 07:30:00,1.5538907999999998,2021-01-29 18:00:00,1.5538907999999998,SL,0.18,119.81690887622946,0.72,13.658029065147536
XAG_USD,bearish,15,5,True,2021-01-11 00:00:00,2021-01-11 00:00:00,25.2019,2021-02-01 00:00:00,27.927386319633328,SL,0.01,120.46752387565863,0.04,-125.84645323174307
NZD_CHF,bullish,14,4,False,2021-01-28 00:00:00,2021-01-28 04:30:00,0.6342528,2021-02-01 00:00:00,0.6386302489513271,SL,0.3,119.81978887622945,1.2,136.5927572076642
EUR_USD,bullish,15,5,True,2021-01-29 00:00:00,2021-01-29 10:15:00,1.2164595778,2021-02-02 11:30:00,1.202932521524768,SL,0.09,120.8418614937288,0.36,-121.2018614937288
EUR_JPY,bullish,15,5,True,2021-01-28 00:00:00,2021-01-28 00:00:00,126.26385035999999,2021-02-02 22:00:00,126.26385035999999,SL,0.13,119.81978887622945,0.52,13.858374665147533
GBP_NZD,bearish,15,5,True,2021-02-01 00:00:00,2021-02-01 03:15:00,1.9012336538999999,2021-02-04 12:15:00,1.9012336538999999,SL,0.08,121.05926698386128,0.32,14.207112038063354
GBP_JPY,bullish,15,5,True,2021-01-05 00:00:00,2021-01-05 00:00:00,139.986,2021-02-04 20:30:00,144.36069028674396,TP3,0.09,118.92463340647794,0.36,198.30197624666746
GBP_NZD,bearish,15,5,True,2021-02-05 00:00:00,2021-02-05 02:30:00,1.9149546776999997,2021-02-05 11:15:00,1.9149546776999997,SL,0.37,121.36356437657165,1.48,13.083627725188595
AUD_CHF,bullish,15,5,True,2021-01-28 00:00:00,2021-01-28 00:45:00,0.678789,2021-02-08 14:45:00,0.6917782921150589,TP3,0.19,119.81978887622945,0.76,196.9426516457787
AUD_NZD,bearish,14,4,False,2021-01-26 00:00:00,2021-01-26 00:00:00,1.07157,2021-02-10 09:30:00,1.07157,SL,0.16,117.75172661960191,0.64,13.49020719435223
CAD_JPY,bullish,14,4,False,2020-11-10 00:00:00,2020-11-13 15:45:00,79.4938719,2021-02-16 01:30:00,83.58071927081042,TP3,0.09,111.2681338551231,0.36,183.2324208609533
GBP_CHF,bullish,15,5,True,2020-12-24 00:00:00,2020-12-28 15:30:00,1.1975405733,2021-02-22 00:45:00,1.2585141704739664,TP3,0.04,118.67376460958926,0.16,195.6517116058224
EUR_CHF,bearish,15,5,True,2021-01-14 00:00:00,2021-01-14 00:00:00,1.078213243,2021-02-22 05:15:00,1.0884040835805817,SL,0.12,120.22933431717367,0.48,-120.70933431717367
CAD_JPY,bullish,15,5,True,2021-02-17 00:00:00,2021-02-17 14:15:00,83.21327237999999,2021-02-22 15:15:00,83.21327237999999,SL,0.17,125.68415128189893,0.68,14.402098153827872
CHF_JPY,bullish,15,5,True,2020-12-14 00:00:00,2020-12-17 14:45:00,116.43844373999998,2021-02-23 17:30:00,116.43844373999998,SL,0.09,118.20563446701182,0.36,13.824676136041418
NZD_CHF,bullish,15,5,True,2021-02-09 00:00:00,2021-02-10 15:30:00,0.6413791208999999,2021-02-24 01:00:00,0.6660988752440876,TP3,0.11,123.73065220045481,0.44,203.7155761307502
USD_CAD,bearish,15,5,True,2021-02-01 00:00:00,2021-02-01 00:00:00,1.28006,2021-02-24 17:00:00,1.2530721070378437,TP3,0.14,121.60957710800962,0.56,203.07884540282708
EUR_NZD,bearish,15,5,True,2021-01-28 00:00:00,2021-01-28 00:00:00,1.6865926003,2021-02-24 20:30:00,1.6365993976510989,TP3,0.08,119.81978887622945,0.32,197.3826516457786
GBP_NZD,bullish,15,5,True,2021-02-23 00:00:00,2021-02-23 00:00:00,1.9277203685999997,2021-02-24 20:30:00,1.9010478099069548,SL,0.08,126.76945511548713,0.32,-127.08945511548713
CHF_JPY,bullish,15,5,True,2021-02-24 00:00:00,2021-02-24 13:15:00,116.91812174999998,2021-02-25 10:00:00,116.91812174999998,SL,0.39,129.90418905310767,1.56,14.028502686372919
GBP_CAD,bullish,15,5,True,2020-12-28 00:00:00,2020-12-28 20:45:00,1.7260814297999998,2021-02-25 13:30:00,1.7631682986914834,SL,0.05,118.80228381013032,0.2,136.42262638165005
CAD_JPY,bullish,15,5,True,2021-02-23 00:00:00,2021-02-23 00:00:00,83.245,2021-02-25 18:15:00,84.47104320283579,SL,0.16,126.76945511548713,0.64,143.3860861979203
AUD_USD,bullish,15,5,True,2021-01-13 00:00:00,2021-01-15 15:00:00,0.7700243871,2021-02-25 18:30:00,0.7879833534793776,SL,0.07,119.80596665131759,0.28,137.49686164901541
XAG_USD,bullish,15,5,True,2021-02-02 00:00:00,2021-02-02 14:45:00,26.76064437395096,2021-02-26 07:15:00,26.76064437395096,SL,0.01,119.96845023041772,0.04,14.356214027650127
EUR_USD,bullish,15,5,True,2021-02-09 00:00:00,2021-02-09 00:00:00,1.2075967842,2021-02-26 17:30:00,1.2075967842,SL,0.08,123.60507385717816,0.32,14.512608862861377
USD_CAD,bearish,15,5,True,2021-02-25 00:00:00,2021-02-25 17:30:00,1.2541577,2021-02-26 21:45:00,1.273353644305116,SL,0.09,133.35735502386333,0.36,-133.71735502386335
EUR_JPY,bullish,15,5,True,2021-02-03 00:00:00,2021-02-03 00:00:00,126.56330015999998,2021-03-01 09:30:00,128.39763470629214,SL,0.11,120.09317560240405,0.44,137.66715194276512
USD_CHF,bearish,15,5,True,2020-12-22 00:00:00,2021-02-01 09:00:00,0.8956322156000001,2021-03-01 09:45:00,0.9117208724863209,SL,0.08,121.05926698386128,0.32,-121.37926698386127
USD_CAD,bearish,15,5,True,2021-03-01 00:00:00,2021-03-01 04:15:00,1.2709431,2021-03-01 15:15:00,1.2652651465497022,TP3,0.66,134.02317665187377,2.64,218.49824147559394
XAU_USD,bearish,15,5,True,2021-02-04 00:00:00,2021-02-09 07:45:00,1843.5457359875488,2021-03-03 15:30:00,1705.952157077578,TP3,0.02,123.60507385717816,0.08,203.86837186434394
EUR_USD,bullish,14,4,False,2021-03-01 00:00:00,2021-03-01 04:15:00,1.2075967842,2021-03-05 08:45:00,1.1917113875716465,SL,0.08,134.02317665187377,0.32,-134.34317665187376
AUD_USD,bullish,15,5,True,2021-02-26 00:00:00,2021-02-26 00:00:00,0.78519,2021-03-05 09:00:00,0.7672543386975172,SL,0.08,134.553794276945,0.32,-136.668778963025
GBP_CAD,bullish,15,5,True,2021-02-26 00:00:00,2021-02-26 00:00:00,1.7721769808999999,2021-03-05 15:00:00,1.749275304141421,SL,0.08,134.553794276945,0.32,-134.873794276945
GBP_NZD,bullish,14,4,False,2021-02-25 00:00:00,2021-02-25 02:00:00,1.9085390714000001,2021-03-08 00:00:00,1.928422910908057,SL,0.12,131.57838063012454,0.48,150.83513772464323
GBP_AUD,bearish,15,5,True,2020-12-08 00:00:00,2021-02-26 19:15:00,1.8096410663,2021-03-08 10:00:00,1.8096410663,SL,0.08,135.22663284708855,0.32,15.907195941650627
GBP_CAD,bullish,15,5,True,2021-03-08 00:00:00,2021-03-08 08:00:00,1.7545433791,2021-03-08 15:15:00,1.7493760819332227,SL,0.35,135.48116002498298,1.4,-136.881160024983
USD_CAD,bearish,15,5,True,2021-03-02 00:00:00,2021-03-05 09:15:00,1.2701793,2021-03-11 20:15:00,1.2526581064762772,TP3,0.22,135.36785998151333,0.88,222.47696896949702
EUR_CAD,bearish,15,5,True,2021-02-09 00:00:00,2021-02-09 09:00:00,1.5395304262,2021-03-12 09:30:00,1.4971954055744736,TP3,0.08,123.60507385717816,0.32,203.62837186434402
GBP_CAD,bullish,15,5,True,2021-03-09 00:00:00,2021-03-09 02:00:00,1.7545433791,2021-03-12 12:15:00,1.7431224411193367,SL,0.16,134.83052863865757,0.64,-135.47052863865756
CAD_JPY,bullish,15,5,True,2021-02-26 00:00:00,2021-02-26 21:45:00,83.59778939999998,2021-03-12 13:30:00,86.99248209641551,TP3,0.13,135.22663284708855,0.52,222.60394419769588
USD_CAD,bearish,15,5,True,2021-03-12 00:00:00,2021-03-12 00:00:00,1.25271,2021-03-19 13:30:00,1.25271,SL,0.09,136.8331085674804,0.36,16.059973028097648
CHF_JPY,bullish,15,5,True,2021-02-26 00:00:00,2021-03-01 10:15:00,116.91812174999998,2021-03-19 15:15:00,116.91812174999998,SL,0.2,133.66600949903497,0.8,15.239921139884196
GBP_NZD,bullish,15,5,True,2021-03-09 00:00:00,2021-03-11 07:30:00,1.9306053617999999,2021-03-22 12:30:00,1.9306053617999999,SL,0.09,134.97701313553495,0.36,15.837241576264194
NZD_CHF,bullish,15,5,True,2021-02-25 00:00:00,2021-02-26 20:45:00,0.6569955143999999,2021-03-23 01:30:00,0.6569955143999999,SL,0.07,135.22663284708855,0.28,15.947195941650628
EUR_NZD,bearish,15,5,True,2021-02-25 00:00:00,2021-02-26 00:15:00,1.6562388119,2021-03-23 10:00:00,1.688956054749795,SL,0.07,134.553794276945,0.28,-134.833794276945
NZD_CAD,bullish,15,5,True,2020-12-01 00:00:00,2021-03-12 15:15:00,0.8967595904999999,2021-03-23 17:15:00,0.8801866608340634,SL,0.11,138.19663272834674,0.44,-138.63663272834674
EUR_JPY,bullish,15,5,True,2021-03-02 00:00:00,2021-03-02 02:45:00,128.51381421,2021-03-23 23:30:00,128.51381421,SL,0.11,135.63379340500614,0.44,15.836055208600738
AUD_USD,bullish,15,5,True,2021-03-08 00:00:00,2021-03-09 11:15:00,0.7771433968,2021-03-24 06:00:00,0.7588187744489654,SL,0.07,134.83052863865757,0.28,-135.11052863865757
XAG_USD,bullish,15,5,True,2021-03-09 00:00:00,2021-03-09 14:00:00,26.50359258024216,2021-03-25 12:00:00,24.563593029601268,SL,0.01,134.83052863865757,0.04,-134.87052863865756
EUR_JPY,bullish,15,5,True,2021-03-24 00:00:00,2021-03-24 07:45:00,128.36074314,2021-03-29 05:00:00,128.97722223728306,SL,0.36,135.5234834157513,1.44,154.41200592811344
AUD_NZD,bullish,15,5,True,2021-02-11 00:00:00,2021-02-25 20:30:00,1.0672784228999996,2021-03-29 07:00:00,1.0940471836478494,TP3,0.18,134.553794276945,0.72,221.2937605569588
GBP_CAD,bearish,14,4,False,2021-03-15 00:00:00,2021-03-18 18:45:00,1.7414721636,2021-03-29 08:15:00,1.7414721636,SL,0.08,138.34441248559963,0.32,16.281329498271955
GBP_AUD,bullish,14,4,False,2021-03-09 00:00:00,2021-03-09 11:15:00,1.7994567209999999,2021-04-08 08:45:00,1.7994567209999999,SL,0.08,134.83052863865757,0.32,15.859663436638908
GBP_NZD,bullish,15,5,True,2021-03-23 00:00:00,2021-03-23 00:00:00,1.9520428559999998,2021-04-08 12:30:00,1.9520428559999998,SL,0.07,138.476507659786,0.28,16.33718091917432
GBP_CAD,bearish,14,4,False,2021-03-30 00:00:00,2021-03-31 09:00:00,1.7365039097,2021-04-19 10:45:00,1.7365039097,SL,0.06,137.25995379192088,0.24,16.231194455030508
AUD_USD,bearish,15,5,True,2021-03-31 00:00:00,2021-04-05 14:00:00,0.7651930686999999,2021-04-20 02:45:00,0.7794796311354328,SL,0.1,137.40557076285063,0.4,-137.80557076285064
CAD_JPY,bullish,15,5,True,2021-03-23 00:00:00,2021-03-23 10:15:00,86.131113,2021-04-20 14:45:00,86.131113,SL,0.1,137.8417559025699,0.4,16.14101070830839
EUR_JPY,bullish,15,5,True,2021-03-30 00:00:00,2021-03-30 00:00:00,129.65080086,2021-04-21 12:30:00,129.65080086,SL,0.11,137.25995379192088,0.44,16.031194455030505
CAD_JPY,bullish,15,5,True,2021-04-21 00:00:00,2021-04-21 14:00:00,86.53604749,2021-04-21 14:00:00,85.89380615418777,SL,0.32,136.74463243807196,1.28,-138.02463243807196
AUD_NZD,bullish,15,5,True,2021-03-30 00:00:00,2021-03-30 19:30:00,1.0870301904,2021-04-28 01:30:00,1.0739640776458812,SL,0.18,137.25995379192088,0.72,-137.97995379192088
CAD_JPY,bullish,15,5,True,2021-04-22 00:00:00,2021-04-22 00:00:00,86.53604749,2021-04-28 06:45:00,87.8730050952795,TP3,0.32,135.50241074612933,1.28,222.29897773111358
GBP_CAD,bullish,15,5,True,2021-04-20 00:00:00,2021-04-21 14:00:00,1.7451467219999999,2021-04-29 18:30:00,1.712894133711739,SL,0.06,136.74463243807196,0.24,-136.98463243807197
XAG_USD,bearish,15,5,True,2021-04-01 00:00:00,2021-04-08 11:30:00,25.42329652179718,2021-05-03 14:00:00,26.940785499219484,SL,0.02,137.40269076285063,0.08,-137.48269076285064
NZD_CHF,bullish,15,5,True,2021-03-24 00:00:00,2021-04-09 05:45:00,0.6504582456,2021-05-04 12:00:00,0.6504582456,SL,0.11,137.40017076285062,0.44,16.048020491542072
XAG_USD,bullish,15,5,True,2021-05-04 00:00:00,2021-05-04 15:00:00,26.4007276026535,2021-05-04 15:15:00,26.4007276026535,SL,0.03,134.97836111737794,0.12,16.077403334085353
XAG_USD,bullish,15,5,True,2021-05-05 00:00:00,2021-05-05 05:30:00,26.4007276026535,2021-05-07 13:15:00,27.271857797937137,SL,0.03,135.1230577473847,0.12,155.27151640949234
USD_CHF,bullish,15,5,True,2021-03-09 00:00:00,2021-04-13 13:30:00,0.9209109062999999,2021-05-07 20:45:00,0.9004700180687037,SL,0.07,137.69796964041845,0.28,-137.97796964041845
CHF_JPY,bullish,15,5,True,2021-03-22 00:00:00,2021-03-22 00:00:00,117.47021292,2021-05-10 01:30:00,120.74433633882806,TP3,0.13,138.479747659786,0.52,227.9715836386469
EUR_JPY,bullish,15,5,True,2021-04-22 00:00:00,2021-04-22 14:15:00,129.79464650999998,2021-05-12 12:30:00,131.66137744076374,SL,0.12,135.50241074612933,0.48,155.34777235804884
USD_CAD,bearish,15,5,True,2021-03-22 00:00:00,2021-03-22 00:00:00,1.2503788492,2021-05-12 12:45:00,1.2065609835038746,TP3,0.09,138.479747659786,0.36,228.1315836386466
AUD_USD,bullish,15,5,True,2021-04-23 00:00:00,2021-05-04 15:00:00,0.7690785614999999,2021-05-13 10:00:00,0.7690785614999999,SL,0.1,134.97836111737794,0.4,15.797403334085354
AUD_USD,bullish,15,5,True,2021-05-14 00:00:00,2021-05-14 00:00:00,0.773712,2021-05-17 12:15:00,0.773712,SL,0.18,139.88024338658997,0.72,16.065629206390796
GBP_NZD,bearish,14,4,False,2021-04-27 00:00:00,2021-05-04 05:30:00,1.9355746144000001,2021-05-19 08:15:00,1.9675143281273242,SL,0.07,134.83360731016631,0.28,-135.11360731016632
EUR_NZD,bearish,15,5,True,2021-03-30 00:00:00,2021-03-30 02:15:00,1.6680958242,2021-05-19 13:30:00,1.701766167976284,SL,0.07,137.25995379192088,0.28,-137.53995379192088
NZD_CHF,bullish,15,5,True,2021-05-05 00:00:00,2021-05-05 00:00:00,0.6559954790999999,2021-05-21 01:00:00,0.6447464603178404,SL,0.12,135.1230577473847,0.48,-135.6030577473847
XAU_USD,bearish,15,5,True,2021-03-10 00:00:00,2021-03-17 19:00:00,1751.4634874658202,2021-05-26 12:15:00,1910.4478820440984,SL,0.01,138.19663272834674,0.04,-138.23663272834673
AUD_NZD,bullish,15,5,True,2021-04-29 00:00:00,2021-05-26 02:00:00,1.070518908,2021-05-26 19:45:00,1.061610205308161,SL,0.26,136.79576056115334,1.04,-137.83576056115334
NZD_CHF,bearish,14,4,False,2021-05-24 00:00:00,2021-05-24 17:15:00,0.646918354,2021-05-27 10:30:00,0.6562798305305686,SL,0.15,136.4993962177731,0.6,-137.0993962177731
GBP_NZD,bearish,15,5,True,2021-05-26 00:00:00,2021-05-26 00:00:00,1.9529583389999998,2021-05-28 04:45:00,1.9529583389999998,SL,0.07,136.79576056115334,0.28,16.135491267338402
NZD_CHF,bearish,14,4,False,2021-05-28 00:00:00,2021-05-28 00:00:00,0.65322,2021-05-28 14:00:00,0.65322,SL,0.28,133.22495387699394,1.12,14.866994465239273
USD_CHF,bearish,15,5,True,2021-05-10 00:00:00,2021-05-12 00:15:00,0.904105556,2021-06-03 14:00:00,0.904105556,SL,0.09,137.91203283801167,0.36,16.1894439405614
AUD_USD,bullish,15,5,True,2021-05-18 00:00:00,2021-05-18 00:00:00,0.7797920624999999,2021-06-03 14:30:00,0.766004317966433,SL,0.1,140.0248340494475,0.4,-140.4248340494475
AUD_CAD,bullish,15,5,True,2020-11-10 00:00:00,2021-05-12 12:15:00,0.9423187127999999,2021-06-03 16:45:00,0.9265642369316875,SL,0.12,137.91203283801167,0.48,-138.39203283801166
EUR_NZD,bullish,15,5,True,2021-05-20 00:00:00,2021-05-26 02:00:00,1.6836083609999997,2021-06-07 11:45:00,1.6836083609999997,SL,0.08,136.79576056115334,0.32,16.095491267338403
EUR_CHF,bullish,15,5,True,2021-02-23 00:00:00,2021-02-23 00:00:00,1.0923554844,2021-06-08 08:15:00,1.0923554844,SL,0.08,126.76945511548713,0.32,14.892334613858457
AUD_NZD,bearish,15,5,True,2021-05-27 00:00:00,2021-06-01 12:45:00,1.0669324504,2021-06-11 13:45:00,1.080464841842462,SL,0.16,133.35623682718108,0.64,-133.99623682718106
NZD_CHF,bullish,14,4,False,2021-05-31 00:00:00,2021-06-01 14:15:00,0.6502899735,2021-06-11 14:45:00,0.6403920718631537,SL,0.13,133.35623682718108,0.52,-133.8762368271811
AUD_USD,bullish,15,5,True,2021-06-07 00:00:00,2021-06-11 13:45:00,0.7716025999999999,2021-06-16 18:30:00,0.7619622586600443,SL,0.14,130.98562444659999,0.56,-131.5456244466
XAU_USD,bullish,15,5,True,2021-06-02 00:00:00,2021-06-14 08:30:00,1855.4189154638668,2021-06-16 20:30:00,1805.8634736524132,SL,0.03,128.57477218371073,0.12,-128.69477218371074
EUR_NZD,bullish,15,5,True,2021-06-08 00:00:00,2021-06-08 00:00:00,1.6898949575999997,2021-06-17 01:30:00,1.6898949575999997,SL,0.09,130.9885044466,0.36,15.358620533592001
EUR_JPY,bullish,15,5,True,2021-05-19 00:00:00,2021-05-21 12:00:00,132.54045122999997,2021-06-17 07:00:00,132.54045122999997,SL,0.12,136.4993962177731,0.48,15.899927546132773
USD_CHF,bearish,15,5,True,2021-06-10 00:00:00,2021-06-10 12:30:00,0.8993757836999999,2021-06-17 07:15:00,0.9119483144867736,SL,0.1,130.98562444659999,0.4,-131.3856244466
USD_CAD,bearish,15,5,True,2021-05-13 00:00:00,2021-06-16 18:00:00,1.2227749622,2021-06-18 14:45:00,1.2445157791476318,SL,0.08,128.71623976851305,0.32,-129.03623976851304
XAG_USD,bullish,15,5,True,2021-05-10 00:00:00,2021-06-17 10:30:00,26.599976547031403,2021-06-21 05:30:00,25.602522680814953,SL,0.03,125.18404557882084,0.12,-125.30404557882085
AUD_USD,bearish,15,5,True,2021-06-17 00:00:00,2021-06-17 00:00:00,0.7612605501,2021-06-25 13:00:00,0.7612605501,SL,0.09,126.37407619884024,0.36,14.804889143860828
CHF_JPY,bullish,15,5,True,2021-05-11 00:00:00,2021-06-18 06:45:00,119.70815495999999,2021-06-30 08:15:00,119.70815495999999,SL,0.1,125.3205295811156,0.4,14.63846354973387
EUR_CHF,bearish,15,5,True,2021-06-09 00:00:00,2021-06-09 00:00:00,1.0892021225,2021-07-01 11:15:00,1.0982954488962138,SL,0.14,130.98562444659999,0.56,-131.5456244466
EUR_NZD,bullish,15,5,True,2021-06-18 00:00:00,2021-06-18 00:00:00,1.7009776553999998,2021-07-06 03:30:00,1.6757048972387483,SL,0.08,125.18404557882084,0.32,-125.50404557882084
AUD_USD,bearish,15,5,True,2021-06-28 00:00:00,2021-06-28 00:00:00,0.7587,2021-07-06 06:00:00,0.7587,SL,0.08,123.2989193568848,0.32,14.475870322826175
EUR_JPY,bullish,15,5,True,2021-06-21 00:00:00,2021-06-22 16:15:00,132.45791434,2021-07-06 15:00:00,130.7235710110593,SL,0.11,123.0314670129896,0.44,-123.47146701298959
USD_CAD,bearish,15,5,True,2021-06-29 00:00:00,2021-06-29 08:00:00,1.2365282418,2021-07-08 05:00:00,1.2526705117425976,SL,0.1,123.2989193568848,0.4,-123.6989193568848
GBP_CAD,bearish,15,5,True,2021-05-06 00:00:00,2021-05-06 00:00:00,1.7026687556,2021-07-08 08:30:00,1.7315395553431905,SL,0.06,135.1230577473847,0.24,-135.36305774738472
EUR_CHF,bullish,15,5,True,2021-07-05 00:00:00,2021-07-05 00:00:00,1.0962622611,2021-07-08 08:30:00,1.0857493941059442,SL,0.12,122.24457156977084,0.48,-122.72457156977084
NZD_USD,bullish,15,5,True,2020-11-25 00:00:00,2021-06-18 13:30:00,0.6942024836999999,2021-07-08 12:00:00,0.6942024836999999,SL,0.1,125.3205295811156,0.4,14.63846354973387
NZD_CHF,bearish,15,5,True,2021-06-14 00:00:00,2021-06-22 18:45:00,0.6452289633999999,2021-07-14 07:00:00,0.6452289633999999,SL,0.11,123.1668131849372,0.44,14.340017582192464
CAD_JPY,bullish,15,5,True,2021-04-29 00:00:00,2021-07-08 07:15:00,87.65550504,2021-07-15 00:45:00,87.65550504,SL,0.11,119.01722266714556,0.44,13.842066720057467
XAG_USD,bullish,14,4,False,2021-07-16 00:00:00,2021-07-16 06:00:00,26.21528675039291,2021-07-16 15:45:00,25.650523379007613,SL,0.04,117.07064252450586,0.16,-117.23064252450585
AUD_NZD,bullish,15,5,True,2021-06-14 00:00:00,2021-06-28 07:15:00,1.0724182944,2021-07-16 16:45:00,1.0563068183042819,SL,0.13,123.2989193568848,0.52,-123.81891935688479
EUR_CAD,bearish,15,5,True,2021-03-23 00:00:00,2021-04-07 14:00:00,1.5027997425000001,2021-07-19 09:15:00,1.5027997425000001,SL,0.06,137.40557076285063,0.24,16.248668491542077
NZD_CAD,bearish,15,5,True,2021-03-30 00:00:00,2021-04-14 06:00:00,0.8895261792,2021-07-19 09:15:00,0.8895261792,SL,0.1,137.69796964041845,0.4,16.123756356850215
AUD_CHF,bullish,15,5,True,2021-02-12 00:00:00,2021-07-08 07:15:00,0.6870161105999999,2021-07-19 12:00:00,0.6758786541919427,SL,0.11,119.01722266714556,0.44,-119.45722266714556
CHF_JPY,bullish,15,5,True,2021-07-13 00:00:00,2021-07-13 00:00:00,121.21005226,2021-07-20 13:15:00,118.72875925468665,SL,0.07,116.82385416153089,0.28,-117.10385416153089
USD_CAD,bullish,14,4,False,2021-07-09 00:00:00,2021-07-09 20:00:00,1.2448620233999999,2021-07-21 12:30:00,1.266760811879462,SL,0.08,116.82385416153089,0.32,134.0274322857606
AUD_USD,bearish,15,5,True,2021-07-07 00:00:00,2021-07-07 06:45:00,0.7508436961000001,2021-07-22 09:15:00,0.7380656649540256,SL,0.1,120.00091195644455,0.4,137.6010487499113
NZD_CHF,bearish,15,5,True,2021-07-15 00:00:00,2021-07-15 00:00:00,0.6410926688,2021-07-22 17:45:00,0.6410926688,SL,0.1,116.94843276201141,0.4,13.63381193144137
GBP_AUD,bullish,14,4,False,2021-04-20 00:00:00,2021-04-20 00:00:00,1.8072668372999998,2021-07-28 07:00:00,1.8881136785360029,TP3,0.06,137.84420182484234,0.24,227.20293301099
AUD_CAD,bearish,15,5,True,2021-06-04 00:00:00,2021-06-04 12:30:00,0.93079265,2021-08-04 13:30:00,0.93079265,SL,0.16,130.9913844466,0.64,15.078966133591999
NZD_CHF,bearish,15,5,True,2021-07-23 00:00:00,2021-07-23 00:00:00,0.6410926688,2021-08-05 09:30:00,0.6410926688,SL,0.1,115.93860647440454,0.4,13.512632776928545
XAG_USD,bullish,14,4,False,2021-07-30 00:00:00,2021-08-05 13:30:00,25.18974607761383,2021-08-06 13:30:00,24.422521139704756,SL,0.03,117.85516484205723,0.12,-117.97516484205724
EUR_USD,bullish,15,5,True,2021-04-16 00:00:00,2021-06-17 16:15:00,1.1903000508,2021-08-10 07:30:00,1.1729867936837075,SL,0.07,125.18404557882084,0.28,-125.46404557882084
CHF_JPY,bullish,15,5,True,2021-07-21 00:00:00,2021-07-21 00:00:00,119.598005,2021-08-12 14:30:00,119.598005,SL,0.16,114.51126102501121,0.64,13.101351323001346
EUR_NZD,bearish,15,5,True,2021-07-07 00:00:00,2021-07-07 00:00:00,1.68598,2021-08-17 02:30:00,1.68598,SL,0.06,120.00091195644455,0.24,14.160109434773348
NZD_USD,bullish,15,5,True,2021-08-05 00:00:00,2021-08-06 13:45:00,0.7026178713,2021-08-17 06:45:00,0.6923237163132235,SL,0.11,116.79338835847872,0.44,-117.23338835847872
GBP_CHF,bullish,15,5,True,2021-02-23 00:00:00,2021-07-20 06:45:00,1.2531726698999999,2021-08-19 08:30:00,1.2531726698999999,SL,0.04,115.56519571246498,0.16,13.707823485495798
GBP_CAD,bullish,15,5,True,2021-07-09 00:00:00,2021-07-21 14:45:00,1.7213680803,2021-08-20 20:45:00,1.746550838835333,SL,0.07,115.22812979831312,0.28,132.23234926806003
EUR_USD,bearish,15,5,True,2021-08-11 00:00:00,2021-08-13 11:15:00,1.1755094374,2021-08-24 14:00:00,1.1755094374,SL,0.08,116.04601295233977,0.32,13.605521554280772
GBP_CAD,bullish,15,5,True,2021-08-23 00:00:00,2021-08-23 00:00:00,1.7494197809999998,2021-08-24 14:45:00,1.727738533788588,SL,0.07,116.68134157313503,0.28,-116.96134157313503
XAU_USD,bearish,14,4,False,2021-06-30 00:00:00,2021-07-06 12:30:00,1813.447815559082,2021-08-27 16:00:00,1813.447815559082,SL,0.01,121.11215515956145,0.04,14.493458619147376
GBP_CAD,bullish,15,5,True,2021-08-25 00:00:00,2021-08-25 01:45:00,1.732012619,2021-08-30 12:45:00,1.732012619,SL,0.18,115.75067445153152,0.72,13.170080934183783
GBP_AUD,bullish,15,5,True,2021-08-06 00:00:00,2021-08-11 12:45:00,1.8791413016999998,2021-08-31 08:45:00,1.8791413016999998,SL,0.07,116.05177295233976,0.28,13.646212754280773
AUD_CAD,bearish,15,5,True,2021-08-05 00:00:00,2021-08-05 00:00:00,0.9240300131,2021-08-31 14:30:00,0.9240300131,SL,0.1,117.85876484205723,0.4,13.743051781046868
GBP_CAD,bullish,15,5,True,2021-08-31 00:00:00,2021-08-31 09:15:00,1.732012619,2021-08-31 15:30:00,1.7378032508409955,SL,0.29,116.365566825417,1.16,132.66040184923006
NZD_USD,bearish,15,5,True,2021-08-18 00:00:00,2021-08-24 14:15:00,0.6956802393999999,2021-09-02 09:45:00,0.7090576561972525,SL,0.09,116.80332652568974,0.36,-117.16332652568974
NZD_CAD,bearish,15,5,True,2021-07-20 00:00:00,2021-07-20 04:45:00,0.875543538,2021-09-02 10:45:00,0.8939518521792615,SL,0.08,115.56519571246498,0.32,-115.88519571246498
EUR_CHF,bearish,15,5,True,2021-07-09 00:00:00,2021-07-09 13:45:00,1.0862175205,2021-09-02 13:15:00,1.0862175205,SL,0.1,116.82385416153089,0.4,13.618862499383708
EUR_USD,bearish,15,5,True,2021-08-25 00:00:00,2021-08-25 00:00:00,1.1713538000000001,2021-09-02 13:45:00,1.1861617351343403,SL,0.08,115.75067445153152,0.32,-116.07067445153152
USD_CAD,bullish,14,4,False,2021-07-22 00:00:00,2021-07-22 13:15:00,1.2535892424,2021-09-03 08:30:00,1.2535892424,SL,0.05,115.94220647440453,0.2,13.713064776928544
XAU_USD,bullish,15,5,True,2021-08-30 00:00:00,2021-08-31 13:00:00,1803.944825463867,2021-09-07 14:00:00,1803.944825463867,SL,0.04,116.49124163758844,0.16,13.818948996510613
AUD_NZD,bearish,15,5,True,2021-07-19 00:00:00,2021-07-20 06:30:00,1.0612009121,2021-09-10 14:45:00,1.0332904016750297,TP3,0.14,115.56519571246498,0.56,190.122572925567
XAU_USD,bullish,15,5,True,2021-09-08 00:00:00,2021-09-08 00:00:00,1796.195,2021-09-15 12:45:00,1796.195,SL,0.07,114.65976859609891,0.28,13.479172231531871
XAU_USD,bullish,14,4,False,2021-09-16 00:00:00,2021-09-16 00:00:00,1794.71,2021-09-16 09:45:00,1779.89773509269,SL,0.08,116.24012302708105,0.32,-110.75357510934631
AUD_CAD,bullish,14,4,False,2021-09-01 00:00:00,2021-09-01 00:00:00,0.92352,2021-09-16 13:30:00,0.92352,SL,0.11,117.55591044206007,0.44,13.666709253047209
USD_CAD,bearish,15,5,True,2021-09-06 00:00:00,2021-09-07 19:45:00,1.2654906704,2021-09-20 12:30:00,1.288004845105566,SL,0.07,114.65976859609891,0.28,-114.93976859609892
CHF_JPY,bearish,14,4,False,2021-08-18 00:00:00,2021-08-18 00:00:00,119.70265114,2021-09-21 07:00:00,118.23464833825156,SL,0.13,115.23930206689435,0.52,132.00519737692824
CAD_JPY,bearish,14,4,False,2021-07-22 00:00:00,2021-07-23 12:00:00,88.03856714,2021-09-28 02:00:00,88.03856714,SL,0.07,115.93860647440454,0.28,13.632632776928546
USD_CAD,bullish,15,5,True,2021-09-21 00:00:00,2021-09-21 03:45:00,1.2778187069999998,2021-09-28 06:00:00,1.259778114365119,SL,0.08,114.70275671866104,0.32,-115.02275671866103
CHF_JPY,bearish,15,5,True,2021-09-22 00:00:00,2021-09-22 06:45:00,118.56385175,2021-09-28 11:45:00,120.18838327413836,SL,0.11,115.26851126389215,0.44,-115.70851126389215
EUR_USD,bullish,15,5,True,2021-09-03 00:00:00,2021-09-08 08:15:00,1.1822910650999998,2021-09-28 15:00:00,1.1668239746997684,SL,0.07,114.78346682599846,0.28,-115.06346682599846
AUD_NZD,bearish,15,5,True,2021-09-13 00:00:00,2021-09-13 00:00:00,1.0343970449,2021-09-29 14:45:00,1.0452638199821915,SL,0.18,115.87051792548124,0.72,-116.59051792548124
USD_CAD,bullish,15,5,True,2021-09-29 00:00:00,2021-09-30 15:00:00,1.265104093,2021-10-01 14:00:00,1.265104093,SL,0.15,111.84540625013321,0.6,12.821448750015984
AUD_USD,bearish,15,5,True,2021-08-04 00:00:00,2021-09-03 12:30:00,0.7464585122,2021-10-04 11:30:00,0.7283036207166744,SL,0.07,114.53539805513032,0.28,131.4357077633997
AUD_NZD,bearish,15,5,True,2021-09-30 00:00:00,2021-10-04 08:45:00,1.0435568048999997,2021-10-04 20:45:00,1.0490329342586053,SL,0.34,112.08447145079036,1.36,-113.44447145079036
EUR_AUD,bearish,14,4,False,2020-11-10 00:00:00,2021-08-20 07:15:00,1.6428050582,2021-10-11 12:15:00,1.574164043788597,TP3,0.05,115.61569680990468,0.2,190.5658997363426
AUD_CHF,bearish,15,5,True,2021-07-20 00:00:00,2021-09-07 04:30:00,0.6821968949,2021-10-11 14:45:00,0.6821968949,SL,0.09,114.66120859609892,0.36,13.399345031531873
CHF_JPY,bullish,14,4,False,2021-09-29 00:00:00,2021-09-30 16:00:00,119.29340753999999,2021-10-14 01:15:00,122.84940630746479,TP3,0.1,111.96907841204022,0.4,184.34897937986617
EUR_CHF,bullish,15,5,True,2021-09-03 00:00:00,2021-09-21 14:30:00,1.0824438527999998,2021-10-14 06:00:00,1.0696006673934657,SL,0.09,115.26851126389215,0.36,-115.62851126389215
GBP_NZD,bullish,15,5,True,2021-05-31 00:00:00,2021-09-01 20:45:00,1.9467757715999998,2021-10-14 14:45:00,1.9467757715999998,SL,0.05,117.55591044206007,0.2,13.90670925304721
EUR_JPY,bearish,15,5,True,2021-07-07 00:00:00,2021-10-11 14:15:00,131.1027124,2021-10-19 02:30:00,132.92763921743978,SL,0.09,114.69545392526531,0.36,-115.05545392526531
NZD_USD,bearish,15,5,True,2021-10-05 00:00:00,2021-10-14 07:15:00,0.7000011065,2021-10-19 17:15:00,0.7171403768990067,SL,0.07,115.2007537625121,0.28,-115.4807537625121
GBP_AUD,bearish,14,4,False,2021-09-28 00:00:00,2021-09-28 02:30:00,1.8729245985999998,2021-10-21 20:45:00,1.8480267183420782,SL,0.08,115.39081964474737,0.32,132.37944259145937
EUR_USD,bearish,15,5,True,2021-09-29 00:00:00,2021-09-29 00:00:00,1.16842,2021-10-28 14:45:00,1.16842,SL,0.07,112.27866703147039,0.28,13.193440043776448
USD_CHF,bullish,14,4,False,2021-06-24 00:00:00,2021-07-29 00:45:00,0.9096691371,2021-11-01 18:15:00,0.9096691371,SL,0.07,117.73971443068777,0.28,13.848765731682533
AUD_NZD,bullish,14,4,False,2021-10-05 00:00:00,2021-10-22 00:15:00,1.0423733168999998,2021-11-02 07:15:00,1.0423733168999998,SL,0.13,114.55859459064796,0.52,13.227031350877756
GBP_CAD,bearish,14,4,False,2021-09-01 00:00:00,2021-09-02 13:30:00,1.7410324134000001,2021-11-04 12:00:00,1.6850881472839545,TP3,0.06,115.5818341251941,0.24,190.47002630657022
GBP_NZD,bearish,15,5,True,2021-10-15 00:00:00,2021-10-15 10:30:00,1.9479806724,2021-11-04 17:45:00,1.8947311219587037,TP3,0.08,115.31964343501812,0.32,189.95741166778006
GBP_USD,bullish,15,5,True,2020-12-24 00:00:00,2021-09-29 14:15:00,1.3426108559999996,2021-11-05 10:00:00,1.3426108559999996,SL,0.04,112.77345995106855,0.16,13.372815194128226
NZD_CAD,bearish,14,4,False,2021-09-27 00:00:00,2021-10-26 21:00:00,0.8915501683999999,2021-11-08 12:30:00,0.8915501683999999,SL,0.12,114.55859459064796,0.48,13.267031350877755
AUD_USD,bullish,14,4,False,2021-10-05 00:00:00,2021-10-05 00:00:00,0.7319643472,2021-11-11 00:30:00,0.7319643472,SL,0.07,111.74969676485331,0.28,13.129963611782397
NZD_CAD,bullish,15,5,True,2021-11-09 00:00:00,2021-11-09 00:00:00,0.89164,2021-11-11 09:00:00,0.8794821483487378,SL,0.13,118.20433825971206,0.52,-121.05566810044807
GBP_CAD,bearish,15,5,True,2021-11-05 00:00:00,2021-11-08 14:30:00,1.6880797472,2021-11-12 09:00:00,1.6880797472,SL,0.07,118.20433825971206,0.28,13.904520591165447
CHF_JPY,bullish,15,5,True,2021-11-02 00:00:00,2021-11-02 00:00:00,125.374,2021-11-16 09:15:00,123.21263829512495,SL,0.08,115.54804364955527,0.32,-110.88127796401211
USD_CHF,bearish,15,5,True,2021-11-02 00:00:00,2021-11-02 15:30:00,0.9145209572999999,2021-11-16 10:30:00,0.9280528600948098,SL,0.09,115.54336364955526,0.36,-115.90336364955526
EUR_CAD,bearish,15,5,True,2021-07-21 00:00:00,2021-07-21 08:00:00,1.4838255567,2021-11-17 03:30:00,1.419809123497847,TP3,0.05,114.51126102501121,0.2,188.74358069126873
GBP_AUD,bearish,15,5,True,2021-10-22 00:00:00,2021-10-22 00:00:00,1.8452404748,2021-11-17 03:30:00,1.8452404748,SL,0.07,114.55859459064796,0.28,13.467031350877756
EUR_USD,bearish,15,5,True,2021-11-05 00:00:00,2021-11-08 12:30:00,1.1578617592,2021-11-17 03:30:00,1.1295602022007687,TP3,0.09,118.20865825971205,0.36,194.68428612852438
EUR_CHF,bearish,15,5,True,2021-10-15 00:00:00,2021-10-20 00:45:00,1.0749824382,2021-11-19 09:15:00,1.0480579137582313,TP3,0.09,113.36936278073793,0.36,186.69944858821736
EUR_JPY,bullish,15,5,True,2021-10-26 00:00:00,2021-11-04 15:00:00,131.03269998,2021-11-19 12:30:00,128.252230732545,SL,0.06,117.12320762925113,0.24,-117.36320762925112
GBP_NZD,bearish,15,5,True,2021-11-11 00:00:00,2021-11-11 09:45:00,1.9085045051,2021-11-24 03:45:00,1.9351572808590447,SL,0.07,117.36764328304899,0.28,-117.64764328304899
NZD_USD,bullish,15,5,True,2021-11-02 00:00:00,2021-11-11 01:15:00,0.7054250975999999,2021-11-24 14:00:00,0.6875104299863154,SL,0.07,118.45714429595301,0.28,-118.73714429595302
AUD_CAD,bullish,14,4,False,2021-09-17 00:00:00,2021-09-17 00:00:00,0.9248,2021-11-25 17:30:00,0.9087798645920638,SL,0.1,115.23938085109694,0.4,-116.33047186714992
AUD_CHF,bullish,15,5,True,2021-10-12 00:00:00,2021-11-02 07:00:00,0.6789991451999999,2021-11-26 02:15:00,0.6675500174042294,SL,0.1,115.54804364955527,0.4,-115.94804364955527
GBP_AUD,bearish,15,5,True,2021-11-18 00:00:00,2021-11-18 12:00:00,1.8443952356999997,2021-11-26 07:00:00,1.8651036926036437,SL,0.09,118.02636614944946,0.36,-118.38636614944946
EUR_AUD,bearish,15,5,True,2021-11-25 00:00:00,2021-11-25 00:00:00,1.5513841,2021-11-26 07:00:00,1.5747978977327117,SL,0.08,116.03820314629455,0.32,-116.35820314629454
GBP_CHF,bearish,15,5,True,2021-08-20 00:00:00,2021-08-30 14:15:00,1.2615251775,2021-11-26 13:30:00,1.23496,DDD_3.5%,0.05,115.86884517993917,0.2,127.24340436152927
XAU_USD,bearish,15,5,True,2021-09-17 00:00:00,2021-10-13 14:30:00,1792.7446387329103,2021-11-26 13:30:00,1804.48,DDD_3.5%,0.01,115.18690257289335,0.04,-11.82277749960342
AUD_NZD,bearish,15,5,True,2021-11-03 00:00:00,2021-11-03 00:00:00,1.0400727836,2021-11-26 13:30:00,1.04762,DDD_3.5%,0.13,115.54336364955526,0.52,-58.73583805236329
CAD_JPY,bullish,15,5,True,2021-11-12 00:00:00,2021-11-12 09:15:00,90.49757469,2021-11-26 13:30:00,89.222,DDD_3.5%,0.07,117.36512328304899,0.28,-59.78425909546375
GBP_CAD,bearish,15,5,True,2021-11-15 00:00:00,2021-11-17 06:45:00,1.6880797472,2021-11-26 13:30:00,1.70292,DDD_3.5%,0.07,118.02636614944946,0.28,-77.0057396282836
NZD_CAD,bearish,14,4,False,2021-11-17 00:00:00,2021-11-17 17:30:00,0.8821442742000001,2021-11-26 13:30:00,0.87076,DDD_3.5%,0.12,118.02636614944946,0.48,97.53006117994272
EUR_CAD,bearish,15,5,True,2021-11-18 00:00:00,2021-11-18 00:00:00,1.42590465,2021-11-26 13:30:00,1.44078,DDD_3.5%,0.08,118.02636614944946,0.32,-84.45926970593231
EUR_CHF,bearish,15,5,True,2021-11-22 00:00:00,2021-11-22 00:00:00,1.04814,2021-11-26 13:30:00,1.04482,DDD_3.5%,0.12,118.03819775906418,0.48,36.295641613548945
USD_CAD,bearish,15,5,True,2021-10-04 00:00:00,2021-11-22 15:30:00,1.2685776181,2021-11-26 13:30:00,1.27594,DDD_3.5%,0.07,118.03819775906418,0.28,-40.75912677013446
XAG_USD,bullish,14,4,False,2021-11-18 00:00:00,2021-11-22 18:45:00,24.13874337421417,2021-11-26 13:30:00,23.4805,DDD_3.5%,0.02,118.03819775906418,0.08,-70.92872517196973
CHF_JPY,bullish,15,5,True,2021-11-23 00:00:00,2021-11-24 19:45:00,124.22301375,2021-11-26 13:30:00,123.032,DDD_3.5%,0.08,116.03820314629455,0.32,-66.1535307554034
NZD_CHF,bullish,14,4,False,2021-08-26 00:00:00,2021-11-26 07:45:00,0.6330586052999999,2021-11-26 13:30:00,0.63148,DDD_3.5%,0.11,111.83499538298251,0.44,-17.233297400973562
AUD_CAD,bearish,15,5,True,2021-11-26 00:00:00,2021-11-26 09:00:00,0.9110009856,2021-11-26 13:30:00,0.9122,DDD_3.5%,0.13,111.83499538298251,0.52,-12.133825491034221
USD_JPY,bullish,15,5,True,2021-11-29 00:00:00,2021-11-29 00:00:00,113.96668708,2021-11-29 01:15:00,113.59889122994902,SL,0.45,109.44086301300153,1.8,-111.24086301300153
EUR_CAD,bearish,15,5,True,2021-11-29 00:00:00,2021-11-30 05:00:00,1.4419115492999999,2021-11-30 09:00:00,1.4539009051268306,SL,0.12,108.43969524588452,0.48,-108.91969524588453
GBP_CAD,bearish,15,5,True,2021-11-29 00:00:00,2021-11-30 06:30:00,1.7048016,2021-11-30 09:00:00,1.710317413762978,SL,0.26,108.43969524588452,1.04,-109.47969524588453
USD_JPY,bullish,15,5,True,2021-11-30 00:00:00,2021-11-30 00:00:00,113.96668708,2021-11-30 14:45:00,112.65518542630738,SL,0.12,108.43969524588452,0.48,-108.91969524588453
XAU_USD,bullish,14,4,False,2021-11-29 00:00:00,2021-11-29 00:30:00,1802.8573664160158,2021-12-02 14:30:00,1767.378484216526,SL,0.03,109.44086301300153,0.12,-109.56086301300154
USD_JPY,bullish,15,5,True,2021-12-01 00:00:00,2021-12-01 06:15:00,113.96668708,2021-12-03 18:30:00,112.65183338963793,SL,0.12,105.96257677389241,0.48,-106.44257677389241
CHF_JPY,bullish,15,5,True,2021-11-29 00:00:00,2021-11-29 23:15:00,123.658215,2021-12-06 16:45:00,122.40574689401105,SL,0.13,108.43969524588452,0.52,-108.95969524588452
AUD_NZD,bearish,15,5,True,2021-11-29 00:00:00,2021-11-29 00:00:00,1.04561,2021-12-07 01:45:00,1.04561,SL,0.26,109.44086301300153,1.04,12.092903561560185
CAD_JPY,bearish,14,4,False,2021-11-29 00:00:00,2021-11-29 00:00:00,89.39,2021-12-07 08:00:00,89.39,SL,0.07,109.44086301300153,0.28,12.852903561560185
CAD_CHF,bearish,15,5,True,2021-11-29 00:00:00,2021-11-29 06:45:00,0.7273047423,2021-12-07 09:00:00,0.7273047423,SL,0.07,108.43969524588452,0.28,12.732763429506145
GBP_CAD,bearish,15,5,True,2021-12-01 00:00:00,2021-12-02 11:15:00,1.7057905601999996,2021-12-07 10:00:00,1.6844610341695065,TP3,0.14,105.96257677389241,0.56,174.2782516769226
AUD_CAD,bearish,15,5,True,2021-11-29 00:00:00,2021-11-29 08:45:00,0.9110009856,2021-12-10 13:30:00,0.9110009856,SL,0.13,108.43969524588452,0.52,12.492763429506144
EUR_CAD,bearish,15,5,True,2021-12-01 00:00:00,2021-12-01 01:00:00,1.4419115492999999,2021-12-13 14:00:00,1.4419115492999999,SL,0.08,105.96257677389241,0.32,12.39550921286709
EUR_GBP,bullish,14,4,False,2021-11-29 00:00:00,2021-11-29 00:00:00,0.84655,2021-12-16 12:00:00,0.84655,SL,0.09,109.44086301300153,0.36,12.772903561560184
GBP_USD,bearish,15,5,True,2021-11-29 00:00:00,2021-11-30 09:30:00,1.3366119371,2021-12-16 12:00:00,1.3366119371,SL,0.06,106.70941173437821,0.24,12.565129408125385
EUR_CAD,bearish,15,5,True,2021-12-14 00:00:00,2021-12-14 09:45:00,1.4491428860999997,2021-12-16 12:45:00,1.4491428860999997,SL,0.15,105.04634090839927,0.6,12.005560909007913
GBP_CAD,bearish,15,5,True,2021-12-08 00:00:00,2021-12-10 14:45:00,1.6821993767999999,2021-12-16 13:15:00,1.7093057310034296,SL,0.05,104.93708340952509,0.2,-105.13708340952509
GBP_CAD,bearish,15,5,True,2021-12-17 00:00:00,2021-12-17 00:00:00,1.6991059031999998,2021-12-21 08:15:00,1.7144260844451358,SL,0.09,104.2027572058946,0.36,-104.5627572058946
GBP_JPY,bearish,15,5,True,2021-12-17 00:00:00,2021-12-17 00:00:00,151.544,2021-12-22 07:45:00,151.544,SL,0.05,104.2027572058946,0.2,12.304330864707353
EUR_JPY,bearish,14,4,False,2021-12-07 00:00:00,2021-12-16 13:45:00,129.5848996,2021-12-23 17:15:00,129.5848996,SL,0.08,104.2027572058946,0.32,12.184330864707352
AUD_USD,bearish,15,5,True,2021-12-07 00:00:00,2021-12-07 11:45:00,0.7104213435,2021-12-28 12:30:00,0.7259052832363764,SL,0.07,104.94176340952508,0.28,-105.22176340952508
AUD_JPY,bearish,14,4,False,2021-12-07 00:00:00,2021-12-08 11:45:00,81.18475043,2021-12-30 15:00:00,83.70673690462695,SL,0.06,104.94176340952508,0.24,-105.18176340952508
CHF_JPY,bullish,15,5,True,2021-12-17 00:00:00,2021-12-17 00:00:00,123.687,2021-12-31 11:30:00,126.20480525345118,TP3,0.12,104.2027572058946,0.48,169.58121735653415
USD_CAD,bullish,15,5,True,2021-11-29 00:00:00,2021-12-07 09:45:00,1.2709597428,2021-12-31 13:00:00,1.2709597428,SL,0.07,103.831017476096,0.28,12.179722097131519
EUR_CAD,bearish,15,5,True,2021-12-29 00:00:00,2021-12-29 00:00:00,1.4491428860999997,2022-01-05 08:15:00,1.438227902494066,SL,0.14,102.75929212557891,0.56,117.61318594441563
XAG_USD,bullish,14,4,False,2022-01-05 00:00:00,2022-01-05 20:30:00,22.75957762716293,2022-01-06 13:15:00,22.03266891524043,SL,0.03,104.85085816108261,0.12,-104.97085816108262
EUR_CHF,bearish,15,5,True,2021-11-29 00:00:00,2021-11-29 00:00:00,1.0441,2022-01-07 14:15:00,1.0441,SL,0.1,109.44086301300153,0.4,12.732903561560184
GBP_CHF,bearish,15,5,True,2021-11-29 00:00:00,2022-01-03 17:00:00,1.2382570826000001,2022-01-10 18:00:00,1.2572302259613786,SL,0.05,103.78998241859622,0.2,-103.98998241859623
NZD_CAD,bearish,15,5,True,2021-11-29 00:00:00,2021-12-22 13:30:00,0.8759103604,2022-01-13 09:45:00,0.858804317396622,SL,0.09,103.48497034660627,0.36,118.64771589859727
USD_JPY,bullish,15,5,True,2021-12-06 00:00:00,2021-12-06 18:00:00,113.96668708,2022-01-14 00:45:00,113.96668708,SL,0.09,103.3876591444328,0.36,12.046519097331938
CAD_JPY,bullish,15,5,True,2021-12-08 00:00:00,2021-12-10 14:45:00,89.04654563999999,2022-01-14 01:00:00,90.94870483598713,SL,0.09,104.93708340952509,0.36,120.31764592095368
NZD_JPY,bullish,15,5,True,2022-01-12 00:00:00,2022-01-14 12:15:00,77.84680203999999,2022-01-20 20:00:00,77.29773310112822,SL,0.29,105.00105621519693,1.16,-106.16105621519692
EUR_JPY,bullish,15,5,True,2022-01-11 00:00:00,2022-01-11 00:00:00,130.588,2022-01-20 23:15:00,128.83220877630225,SL,0.09,103.0787037768776,0.36,-102.5502246505189
NZD_USD,bullish,14,4,False,2022-01-14 00:00:00,2022-01-14 13:00:00,0.6835909499999999,2022-01-21 08:15:00,0.6716561037996718,SL,0.09,105.00105621519693,0.36,-105.36105621519692
GBP_CAD,bullish,14,4,False,2022-01-10 00:00:00,2022-01-10 00:00:00,1.71914,2022-01-21 11:00:00,1.696718864406315,SL,0.06,103.90252043763287,0.24,-102.57903311614564
EUR_AUD,bearish,15,5,True,2021-12-28 00:00:00,2022-01-03 13:15:00,1.5691174875,2022-01-24 15:00:00,1.5910694984354672,SL,0.07,103.78998241859622,0.28,-104.06998241859623
CHF_JPY,bullish,15,5,True,2022-01-11 00:00:00,2022-01-20 23:15:00,124.21779,2022-01-25 04:30:00,124.21779,SL,0.12,104.15845385472466,0.48,12.01901446256696
USD_JPY,bullish,15,5,True,2022-01-21 00:00:00,2022-01-25 11:15:00,114.30546468,2022-01-25 15:00:00,113.78193542419675,SL,0.29,100.75884237123748,1.16,-101.91884237123747
AUD_CAD,bullish,14,4,False,2021-12-20 00:00:00,2022-01-06 17:15:00,0.9114854936999999,2022-01-27 15:45:00,0.8955991165606346,SL,0.09,103.90612043763286,0.36,-104.26612043763286
USD_CAD,bearish,15,5,True,2022-01-03 00:00:00,2022-01-03 15:30:00,1.2764671721,2022-01-28 08:15:00,1.2764671721,SL,0.06,103.78998241859622,0.24,12.214797890231546
AUD_JPY,bearish,14,4,False,2022-01-14 00:00:00,2022-01-14 00:00:00,83.084,2022-01-31 08:30:00,81.36869101777643,SL,0.1,104.48809765231978,0.4,118.56356928322222
USD_CHF,bullish,14,4,False,2021-11-29 00:00:00,2021-11-29 00:00:00,0.92482,2022-02-01 07:15:00,0.92482,SL,0.07,109.44086301300153,0.28,12.852903561560185
CAD_CHF,bullish,15,5,True,2022-01-12 00:00:00,2022-01-21 15:15:00,0.7261537250999999,2022-02-01 11:30:00,0.7261537250999999,SL,0.07,101.58829787102533,0.28,11.910595744523041
EUR_USD,bearish,15,5,True,2021-11-29 00:00:00,2021-11-30 06:30:00,1.1321152187999999,2022-02-02 12:00:00,1.1321152187999999,SL,0.05,108.43969524588452,0.2,12.812763429506145
GBP_USD,bearish,15,5,True,2022-01-21 00:00:00,2022-01-21 00:00:00,1.3584952109,2022-02-02 13:15:00,1.3584952109,SL,0.06,103.23550183286999,0.24,12.1482602199444
GBP_CAD,bearish,15,5,True,2022-01-24 00:00:00,2022-01-24 16:30:00,1.7057914636,2022-02-03 12:00:00,1.7270597263438223,SL,0.06,100.76316237123748,0.24,-101.00316237123748
AUD_CAD,bearish,15,5,True,2022-01-31 00:00:00,2022-01-31 01:45:00,0.8936891,2022-02-03 14:30:00,0.9075780782289439,SL,0.1,100.15078107036514,0.4,-100.55078107036515
EUR_JPY,bearish,15,5,True,2022-01-21 00:00:00,2022-02-03 12:15:00,129.6930561,2022-02-04 01:00:00,131.61262230175203,SL,0.08,99.73558900525046,0.32,-100.05558900525045
EUR_GBP,bearish,15,5,True,2021-12-24 00:00:00,2021-12-24 00:00:00,0.84455,2022-02-04 09:45:00,0.84455,SL,0.07,103.59462932438865,0.28,12.151355518926637
EUR_NZD,bullish,14,4,False,2021-12-21 00:00:00,2021-12-21 08:45:00,1.6744706999999999,2022-02-04 10:45:00,1.7287461058082165,TP3,0.07,103.48677034660628,0.28,170.4731710719003
AUD_JPY,bearish,15,5,True,2022-02-04 00:00:00,2022-02-04 00:00:00,82.177,2022-02-08 00:45:00,82.177,SL,0.21,99.49421990899152,0.84,11.099306389078983
AUD_CAD,bearish,15,5,True,2022-02-08 00:00:00,2022-02-08 01:30:00,0.9043602044999999,2022-02-09 10:15:00,0.9102333751219014,SL,0.23,99.66652334522138,0.92,-100.58652334522138
GBP_AUD,bullish,15,5,True,2021-11-29 00:00:00,2021-12-08 10:15:00,1.853068647,2022-02-09 14:15:00,1.889689489596715,SL,0.05,104.94176340952508,0.2,120.48302792095392
CAD_JPY,bullish,15,5,True,2022-01-24 00:00:00,2022-01-24 00:00:00,90.68114999999999,2022-02-11 18:45:00,90.68114999999999,SL,0.09,101.58829787102533,0.36,11.830595744523041
EUR_USD,bullish,15,5,True,2022-02-03 00:00:00,2022-02-03 00:00:00,1.12992,2022-02-14 15:30:00,1.12992,SL,0.05,100.6446174665916,0.2,11.877354095990992
AUD_JPY,bullish,15,5,True,2022-02-15 00:00:00,2022-02-15 00:00:00,82.422,2022-02-17 04:00:00,82.422,SL,0.1,99.59947569295238,0.4,11.551937083154286
USD_JPY,bullish,15,5,True,2022-01-28 00:00:00,2022-01-31 18:30:00,115.00903826999999,2022-02-17 08:15:00,115.00903826999999,SL,0.1,100.65361746659161,0.4,11.678434095990992
XAU_USD,bearish,14,4,False,2022-01-28 00:00:00,2022-02-04 09:45:00,1811.5732112670896,2022-02-21 00:15:00,1906.6633196308883,SL,0.01,98.59371960794427,0.04,-98.63371960794427
GBP_CHF,bullish,15,5,True,2022-01-28 00:00:00,2022-01-28 00:00:00,1.24652,2022-02-21 13:15:00,1.24652,SL,0.05,99.24820407057796,0.2,11.709784488469356
NZD_JPY,bullish,15,5,True,2022-02-10 00:00:00,2022-02-11 19:00:00,76.57049774999999,2022-02-21 23:15:00,76.57049774999999,SL,0.1,99.60127569295238,0.4,11.552153083154286
EUR_CHF,bearish,15,5,True,2022-02-21 00:00:00,2022-02-21 01:00:00,1.0439341398,2022-02-22 10:45:00,1.0439341398,SL,0.06,99.0273570379905,0.24,11.64328284455886
CAD_CHF,bearish,15,5,True,2022-02-02 00:00:00,2022-02-02 00:00:00,0.7246875142,2022-02-22 15:15:00,0.7246875142,SL,0.09,100.6485774665916,0.36,11.717829295990994
EUR_NZD,bullish,15,5,True,2022-02-07 00:00:00,2022-02-09 11:00:00,1.7108598806999997,2022-02-23 01:00:00,1.6774507272502162,SL,0.05,98.7612446351144,0.2,-98.9612446351144
EUR_JPY,bullish,15,5,True,2022-02-22 00:00:00,2022-02-22 00:00:00,129.66641,2022-02-24 00:30:00,129.66641,SL,0.09,99.13065750165443,0.36,11.535678900198532
AUD_JPY,bullish,15,5,True,2022-02-18 00:00:00,2022-02-18 00:00:00,82.465,2022-02-24 03:30:00,82.465,SL,0.1,99.69984312670078,0.4,11.563981175204095
CHF_JPY,bullish,15,5,True,2022-01-26 00:00:00,2022-01-26 00:00:00,124.044,2022-02-24 10:45:00,124.044,SL,0.14,99.84157278989635,0.56,11.420988734787562
GBP_CAD,bullish,15,5,True,2022-02-04 00:00:00,2022-02-07 06:45:00,1.7204852681999998,2022-02-24 11:15:00,1.7204852681999998,SL,0.06,99.67408334522138,0.24,11.720890001426564
GBP_USD,bullish,15,5,True,2022-02-03 00:00:00,2022-02-04 13:30:00,1.3530532482,2022-02-24 14:30:00,1.3338570264820004,SL,0.05,99.67408334522138,0.2,-99.87408334522138
USD_JPY,bullish,15,5,True,2022-02-18 00:00:00,2022-02-24 05:30:00,114.49664,2022-02-24 15:00:00,115.33009130253394,TP3,0.37,98.76380030592976,1.48,161.48027050478484
USD_CAD,bullish,15,5,True,2022-01-31 00:00:00,2022-02-01 08:00:00,1.2669552399,2022-02-28 16:30:00,1.2669552399,SL,0.06,100.65109746659161,0.24,11.838131695990993
EUR_CAD,bullish,14,4,False,2022-02-18 00:00:00,2022-02-18 00:00:00,1.44418,2022-03-01 13:15:00,1.4150782958082064,SL,0.05,99.69984312670078,0.2,-103.66568314286073
EUR_JPY,bullish,15,5,True,2022-02-25 00:00:00,2022-02-25 00:00:00,129.57686,2022-03-01 17:00:00,127.47169592187994,SL,0.07,99.41975917562976,0.28,-99.69975917562977
GBP_AUD,bearish,14,4,False,2022-02-22 00:00:00,2022-02-22 00:00:00,1.8872753841,2022-03-01 21:15:00,1.83492238772163,TP3,0.06,99.13065750165443,0.24,163.32558487772968
USD_CAD,bullish,15,5,True,2022-03-01 00:00:00,2022-03-01 00:00:00,1.2678886999999999,2022-03-02 01:30:00,1.2717569759895073,SL,0.38,99.9532169559466,1.52,113.42619949933986
CAD_JPY,bearish,14,4,False,2022-03-01 00:00:00,2022-03-02 15:00:00,91.19140257,2022-03-02 16:00:00,91.19140257,SL,0.35,100.50753412240464,1.4,10.660904094688556
EUR_USD,bearish,15,5,True,2022-02-23 00:00:00,2022-02-23 00:00:00,1.13322,2022-03-04 00:15:00,1.1029889328357656,TP3,0.07,99.33926815735724,0.28,165.94883247181136
NZD_USD,bearish,15,5,True,2022-02-10 00:00:00,2022-02-10 00:00:00,0.6665121527,2022-03-04 05:00:00,0.6823894054741468,SL,0.06,99.27890636399154,0.24,-99.51890636399153
AUD_CHF,bearish,15,5,True,2021-12-07 00:00:00,2021-12-07 12:45:00,0.6579814406000001,2022-03-04 08:00:00,0.6764070676231339,SL,0.06,104.94176340952508,0.24,-105.18176340952508
NZD_CAD,bearish,15,5,True,2022-01-14 00:00:00,2022-02-22 16:15:00,0.8595319240999999,2022-03-04 16:45:00,0.8733663188603898,SL,0.1,99.33926815735724,0.4,-99.73926815735724
CHF_JPY,bullish,15,5,True,2022-02-25 00:00:00,2022-02-25 00:00:00,124.846,2022-03-04 16:45:00,124.846,SL,0.09,99.41975917562976,0.36,11.570371101075573
USD_CAD,bullish,14,4,False,2022-03-03 00:00:00,2022-03-03 15:30:00,1.2674814664,2022-03-04 17:15:00,1.2739124188618287,SL,0.23,101.24772229871495,0.92,115.51488064352237
AUD_USD,bullish,14,4,False,2022-02-21 00:00:00,2022-02-24 15:45:00,0.7099460297999999,2022-03-07 00:00:00,0.7394307575456628,TP3,0.07,99.41975917562976,0.28,163.76260263978924
CHF_JPY,bullish,15,5,True,2022-03-08 00:00:00,2022-03-08 09:30:00,124.43681735999999,2022-03-08 15:00:00,124.43681735999999,SL,0.31,101.43826095153503,1.24,10.932591314184203
CAD_JPY,bullish,14,4,False,2022-03-03 00:00:00,2022-03-03 16:15:00,91.08693683999999,2022-03-08 16:30:00,89.67719452523087,SL,0.11,101.24772229871495,0.44,-101.68772229871495
EUR_GBP,bearish,15,5,True,2022-02-25 00:00:00,2022-02-25 00:00:00,0.8361582,2022-03-09 13:15:00,0.8361582,SL,0.08,99.41975917562976,0.32,11.610371101075572
CAD_JPY,bullish,15,5,True,2022-03-09 00:00:00,2022-03-09 00:00:00,90.01366999999999,2022-03-11 04:15:00,91.16590446359194,TP3,0.28,100.73000613803976,1.12,165.08451012776507
USD_CAD,bullish,15,5,True,2022-03-07 00:00:00,2022-03-07 00:00:00,1.27288,2022-03-11 13:30:00,1.27288,SL,0.07,100.50126422732532,0.28,11.78015170727904
CAD_CHF,bearish,14,4,False,2022-02-23 00:00:00,2022-02-23 07:15:00,0.7229786017,2022-03-11 15:30:00,0.7344801956857342,SL,0.09,98.4486169556412,0.36,-98.8086169556412
EUR_GBP,bearish,15,5,True,2022-03-10 00:00:00,2022-03-11 17:30:00,0.8363585075999999,2022-03-14 06:45:00,0.8388148575959701,SL,0.33,101.53715870336245,1.32,-102.85715870336244
USD_JPY,bullish,15,5,True,2022-02-25 00:00:00,2022-02-25 00:00:00,115.586,2022-03-16 18:00:00,118.76492074655503,TP3,0.1,99.41975917562976,0.4,164.13202914845525
EUR_JPY,bearish,15,5,True,2022-03-08 00:00:00,2022-03-09 14:00:00,127.86128498000001,2022-03-16 19:45:00,131.00835808362538,SL,0.05,100.83591454466884,0.2,-101.03591454466884
EUR_USD,bearish,15,5,True,2022-03-07 00:00:00,2022-03-09 16:30:00,1.1090441538,2022-03-17 14:30:00,1.1090441538,SL,0.04,100.83591454466884,0.16,11.940309745360262
GBP_JPY,bullish,15,5,True,2021-12-23 00:00:00,2022-03-04 15:00:00,152.10537315,2022-03-22 08:30:00,158.5580611030913,TP3,0.05,100.9092614153629,0.2,166.30028133534898
NZD_USD,bearish,15,5,True,2022-03-07 00:00:00,2022-03-07 15:45:00,0.6786600380999999,2022-03-22 10:30:00,0.6925954075293472,SL,0.07,101.43826095153503,0.28,-101.71826095153503
GBP_NZD,bullish,14,4,False,2021-11-29 00:00:00,2022-03-04 15:45:00,1.9329669509999998,2022-03-23 12:30:00,1.8967801684883672,SL,0.05,100.9092614153629,0.2,-101.10926141536291
GBP_CHF,bullish,14,4,False,2022-03-17 00:00:00,2022-03-17 13:45:00,1.2306078269999998,2022-03-23 15:30:00,1.2306078269999998,SL,0.05,101.39918028481212,0.2,11.967901634177455
USD_CAD,bullish,14,4,False,2022-03-14 00:00:00,2022-03-14 00:00:00,1.2766446056999998,2022-03-24 14:15:00,1.2538337059043594,SL,0.06,101.6460614910707,0.24,-101.88606149107069
NZD_CAD,bullish,14,4,False,2022-03-07 00:00:00,2022-03-11 16:00:00,0.8678103644999999,2022-03-25 20:45:00,0.8678103644999999,SL,0.08,101.53715870336245,0.32,11.864459044403494
EUR_GBP,bearish,15,5,True,2022-03-17 00:00:00,2022-03-17 00:00:00,0.8363585075999999,2022-03-29 17:15:00,0.8480209657799043,SL,0.07,101.39918028481212,0.28,-101.67918028481212
CAD_CHF,bullish,15,5,True,2022-03-14 00:00:00,2022-03-15 09:15:00,0.7289338967999999,2022-03-30 08:45:00,0.7415062824644137,SL,0.09,101.25882242470776,0.36,116.08764578841384
USD_CHF,bullish,15,5,True,2022-02-03 00:00:00,2022-02-03 00:00:00,0.9222767213999999,2022-03-30 14:15:00,0.9222767213999999,SL,0.06,100.6446174665916,0.24,11.83735409599099
GBP_CHF,bullish,14,4,False,2022-03-24 00:00:00,2022-03-24 00:00:00,1.2330143999999998,2022-03-30 17:45:00,1.2122389779290412,SL,0.05,101.28693768113445,0.2,-101.48693768113445
AUD_USD,bullish,14,4,False,2022-03-08 00:00:00,2022-03-08 05:45:00,0.7279458611999999,2022-04-05 05:30:00,0.7609585387263766,TP3,0.06,101.43826095153503,0.24,167.1331305700329
GBP_NZD,bearish,15,5,True,2022-03-30 00:00:00,2022-03-31 07:00:00,1.8916123701999998,2022-04-06 18:15:00,1.8916123701999998,SL,0.06,99.91007063720896,0.24,11.749208476465075
CAD_CHF,bullish,15,5,True,2022-03-31 00:00:00,2022-03-31 00:30:00,0.7389835751999999,2022-04-11 14:15:00,0.7389835751999999,SL,0.08,99.91007063720896,0.32,11.669208476465075
USD_CHF,bullish,15,5,True,2022-03-31 00:00:00,2022-03-31 14:45:00,0.9217474433000001,2022-04-11 15:15:00,0.9305468905652765,SL,0.12,99.91007063720896,0.48,114.41658123279022
AUD_USD,bullish,15,5,True,2022-04-06 00:00:00,2022-04-06 14:30:00,0.75474495,2022-04-11 23:45:00,0.7412388792710239,SL,0.08,101.73145021431344,0.32,-102.05145021431343
AUD_USD,bullish,14,4,False,2022-04-12 00:00:00,2022-04-12 12:30:00,0.7461381421,2022-04-12 18:15:00,0.7461381421,SL,0.21,101.2981820120388,0.84,11.315781841444656
GBP_NZD,bearish,15,5,True,2022-04-07 00:00:00,2022-04-07 00:00:00,1.8878931,2022-04-13 10:15:00,1.9198927839840343,SL,0.05,101.72929021431344,0.2,-101.92929021431344
EUR_GBP,bullish,14,4,False,2022-03-30 00:00:00,2022-03-31 13:15:00,0.8437249163999999,2022-04-14 00:45:00,0.829794299803391,SL,0.06,99.91007063720896,0.24,-100.15007063720896
AUD_USD,bullish,14,4,False,2022-04-13 00:00:00,2022-04-13 00:00:00,0.7461381421,2022-04-18 03:00:00,0.7369689079529473,SL,0.11,101.40002404861178,0.44,-101.84002404861178
GBP_CHF,bullish,14,4,False,2022-03-31 00:00:00,2022-03-31 08:00:00,1.218362973,2022-04-19 12:15:00,1.2303853944318746,SL,0.09,99.91007063720896,0.36,114.53658123279081
XAU_USD,bullish,15,5,True,2022-03-08 00:00:00,2022-03-15 01:15:00,1945.1765195361324,2022-04-19 19:15:00,1945.1765195361324,SL,0.01,101.25882242470776,0.04,12.111058690964931
NZD_USD,bullish,15,5,True,2022-03-29 00:00:00,2022-04-08 07:45:00,0.6856885859999999,2022-04-22 04:00:00,0.6695555809992756,SL,0.06,101.72929021431344,0.24,-101.96929021431343
USD_CHF,bullish,15,5,True,2022-04-12 00:00:00,2022-04-12 00:00:00,0.93086,2022-04-22 08:00:00,0.9559189322054681,TP3,0.09,101.2981820120388,0.36,168.40090907205558
USD_CAD,bearish,15,5,True,2022-03-25 00:00:00,2022-04-12 08:15:00,1.2657196995,2022-04-22 08:45:00,1.2657196995,SL,0.05,101.2981820120388,0.2,11.955781841444656
CAD_CHF,bullish,15,5,True,2022-04-12 00:00:00,2022-04-12 00:00:00,0.7389835751999999,2022-04-22 12:15:00,0.7530469507455482,SL,0.08,101.2981820120388,0.32,116.17290931384458
EUR_JPY,bullish,15,5,True,2022-04-12 00:00:00,2022-04-12 16:30:00,135.80325206999998,2022-04-25 02:30:00,138.23639329467534,SL,0.07,101.4075840486118,0.28,116.33872165590358
GBP_CHF,bearish,15,5,True,2022-04-20 00:00:00,2022-04-20 04:30:00,1.2370027626,2022-04-25 12:00:00,1.2178771159115769,TP3,0.11,101.11746123725312,0.44,166.40381104146778
EUR_GBP,bearish,15,5,True,2022-04-15 00:00:00,2022-04-20 09:30:00,0.832769827,2022-04-26 16:00:00,0.845191147613845,SL,0.07,101.11746123725312,0.28,-101.39746123725313
AUD_USD,bearish,14,4,False,2022-04-19 00:00:00,2022-04-20 14:30:00,0.7453697633,2022-04-26 20:30:00,0.7120734325539916,TP3,0.06,101.22686327382611,0.24,166.78432440181302
NZD_CAD,bearish,15,5,True,2022-03-28 00:00:00,2022-03-28 00:00:00,0.8669136102,2022-04-28 00:30:00,0.8376079659884703,TP3,0.1,100.80529641502545,0.4,165.9287390847919
EUR_USD,bearish,15,5,True,2022-03-18 00:00:00,2022-03-18 00:00:00,1.1090441538,2022-04-28 12:15:00,1.047793852779082,TP3,0.03,101.50729360663976,0.12,167.36703445095577
XAG_USD,bullish,15,5,True,2022-02-23 00:00:00,2022-04-25 05:30:00,23.720786744956968,2022-04-28 12:15:00,22.98569098290176,SL,0.03,103.80285014930082,0.12,-103.92285014930083
GBP_CHF,bearish,15,5,True,2022-04-26 00:00:00,2022-04-26 04:00:00,1.2238971033000001,2022-04-29 19:30:00,1.2238971033000001,SL,0.04,105.1912775905378,0.16,12.462953310864535
GBP_NZD,bearish,15,5,True,2022-04-27 00:00:00,2022-04-27 00:00:00,1.91307,2022-05-02 02:15:00,1.9537163546424168,SL,0.04,105.34674087713796,0.16,-101.7816023551779
XAU_USD,bullish,15,5,True,2022-04-20 00:00:00,2022-04-20 00:00:00,1947.73,2022-05-02 12:45:00,1861.6603997882135,SL,0.01,101.11746123725312,0.04,-96.70082181295123
NAS100_USD,bullish,15,5,True,2021-11-29 00:00:00,2021-11-29 00:00:00,16213.2,2022-05-02 18:15:00,12729.230613752503,SL,0.01,109.44086301300153,0.0,-107.12140607225913
NZD_CHF,bearish,15,5,True,2021-12-14 00:00:00,2022-03-07 01:30:00,0.6362749384999999,2022-05-05 03:00:00,0.6362749384999999,SL,0.06,101.43826095153503,0.24,11.932591314184203
CAD_CHF,bullish,15,5,True,2022-04-25 00:00:00,2022-04-25 12:15:00,0.7485284420999999,2022-05-05 03:00:00,0.7655207306501663,SL,0.07,105.1912775905378,0.28,120.68996922911862
GBP_NZD,bullish,14,4,False,2022-05-03 00:00:00,2022-05-04 18:15:00,1.9327698302999998,2022-05-05 03:00:00,1.9327698302999998,SL,0.05,104.45459157092779,0.2,12.334550988511335
NZD_CAD,bearish,15,5,True,2022-05-05 00:00:00,2022-05-05 03:00:00,0.8322320494,2022-05-05 03:15:00,0.8322320494,SL,0.07,105.0218288490155,0.28,12.322619461881862
EUR_CHF,bearish,15,5,True,2022-03-08 00:00:00,2022-03-09 14:00:00,1.0231301225999998,2022-05-09 14:45:00,1.0485386796965395,SL,0.04,100.83591454466884,0.16,-100.99591454466884
CAD_JPY,bullish,15,5,True,2022-04-19 00:00:00,2022-04-25 10:30:00,100.35152733,2022-05-09 15:15:00,100.35152733,SL,0.07,104.23967758184575,0.28,12.228761309821492
GBP_NZD,bullish,14,4,False,2022-05-06 00:00:00,2022-05-06 12:30:00,1.915574,2022-05-10 00:45:00,1.9580554162033237,TP3,0.09,105.8766899957978,0.36,174.33653849306666
CAD_JPY,bullish,15,5,True,2022-05-10 00:00:00,2022-05-10 01:00:00,99.62537,2022-05-11 17:30:00,99.62537,SL,0.09,106.53423561133339,0.36,12.424108273360007
EUR_JPY,bullish,15,5,True,2022-04-26 00:00:00,2022-04-26 11:45:00,136.15073346,2022-05-12 00:15:00,136.15073346,SL,0.11,105.1912775905378,0.44,12.182953310864535
EUR_GBP,bullish,14,4,False,2022-04-27 00:00:00,2022-04-28 07:00:00,0.8389158909,2022-05-12 11:15:00,0.8541873265379014,SL,0.06,106.96044786822681,0.24,122.76451504846096
CAD_JPY,bullish,15,5,True,2022-05-12 00:00:00,2022-05-12 08:00:00,99.44270591,2022-05-12 13:30:00,97.86659059300352,SL,0.1,107.10416172058436,0.4,-107.50416172058436
XAU_USD,bearish,14,4,False,2022-05-03 00:00:00,2022-05-05 12:30:00,1903.958985559082,2022-05-16 07:45:00,1789.3910942007317,TP3,0.02,105.76246653194329,0.08,174.42806977770633
EUR_CHF,bullish,15,5,True,2022-05-10 00:00:00,2022-05-12 11:45:00,1.0367293374,2022-05-18 15:15:00,1.0367293374,SL,0.05,107.63145593753208,0.2,12.715774712503851
CAD_JPY,bullish,15,5,True,2022-05-13 00:00:00,2022-05-13 00:45:00,99.62934999999999,2022-05-18 18:30:00,99.62934999999999,SL,0.07,107.12081233746483,0.28,12.57449748049578
GBP_JPY,bullish,15,5,True,2022-03-29 00:00:00,2022-05-12 08:00:00,158.12676833999998,2022-05-18 19:00:00,158.12676833999998,SL,0.03,107.10416172058436,0.12,12.732499406470124
CAD_CHF,bullish,15,5,True,2022-05-06 00:00:00,2022-05-10 00:00:00,0.7628997209999998,2022-05-19 07:30:00,0.7628997209999998,SL,0.07,105.5369408908731,0.28,12.384432906904772
EUR_USD,bearish,15,5,True,2022-05-17 00:00:00,2022-05-17 00:00:00,1.04467,2022-05-23 05:45:00,1.060899028965236,SL,0.07,108.34976951476635,0.28,-103.89674338426818
USD_CHF,bullish,15,5,True,2022-05-17 00:00:00,2022-05-19 03:00:00,0.9857409035999999,2022-05-23 12:15:00,0.9631540245457744,SL,0.05,108.57573248674903,0.2,-108.77573248674904
CAD_JPY,bullish,15,5,True,2022-05-19 00:00:00,2022-05-19 12:45:00,99.18359,2022-05-24 13:30:00,99.18359,SL,0.11,108.68887559728799,0.44,12.602665071674558
EUR_GBP,bullish,15,5,True,2022-05-13 00:00:00,2022-05-13 00:00:00,0.85027,2022-05-25 15:45:00,0.85027,SL,0.07,107.12081233746483,0.28,12.57449748049578
CAD_JPY,bullish,15,5,True,2022-05-25 00:00:00,2022-05-25 00:00:00,98.854,2022-05-26 07:00:00,98.854,SL,0.14,107.1179176735805,0.56,12.294150120829658
AUD_CAD,bullish,14,4,False,2022-02-14 00:00:00,2022-05-09 18:15:00,0.9039894398999999,2022-05-26 15:30:00,0.9039894398999999,SL,0.1,105.5369408908731,0.4,12.264432906904771
AUD_CAD,bearish,15,5,True,2022-05-27 00:00:00,2022-05-27 03:15:00,0.9106107215999999,2022-06-01 12:00:00,0.9106107215999999,SL,0.21,107.22244502466796,0.84,12.026693402960156
CAD_JPY,bullish,15,5,True,2022-05-27 00:00:00,2022-05-27 00:00:00,99.86855247,2022-06-06 12:45:00,104.27239202060865,TP3,0.08,107.22244502466796,0.32,176.59703429070208
AUD_CAD,bearish,15,5,True,2022-06-02 00:00:00,2022-06-02 09:15:00,0.9106107215999999,2022-06-07 04:30:00,0.9106107215999999,SL,0.22,107.67919060808467,0.88,12.04150287297016
GBP_CHF,bearish,15,5,True,2022-05-02 00:00:00,2022-05-02 00:00:00,1.2238971033000001,2022-06-07 14:45:00,1.2238971033000001,SL,0.05,107.09547272126363,0.2,12.651456726551636
CAD_CHF,bullish,15,5,True,2022-06-01 00:00:00,2022-06-02 06:30:00,0.7571685276,2022-06-10 06:15:00,0.7703145788954199,SL,0.09,107.67919060808467,0.36,123.47106919929738
EUR_JPY,bullish,15,5,True,2022-05-16 00:00:00,2022-05-16 08:45:00,136.15073346,2022-06-13 11:15:00,140.51490453110964,SL,0.04,108.34976951476635,0.16,124.44223494198141
AUD_CAD,bearish,15,5,True,2022-06-08 00:00:00,2022-06-08 00:00:00,0.9026933724,2022-06-15 18:00:00,0.9026933724,SL,0.13,109.84080483121473,0.52,12.660896579745767
USD_CAD,bullish,15,5,True,2022-04-25 00:00:00,2022-06-01 12:15:00,1.2627495762,2022-06-15 19:15:00,1.2863964368940608,SL,0.07,107.67919060808467,0.28,123.5510691992973
AUD_USD,bearish,15,5,True,2022-05-03 00:00:00,2022-06-02 18:00:00,0.7266425897,2022-06-15 19:15:00,0.7008116033601701,SL,0.05,108.14239157059123,0.2,124.16375030617981
EUR_USD,bearish,15,5,True,2022-06-07 00:00:00,2022-06-09 19:00:00,1.0544204328,2022-06-16 16:15:00,1.0544204328,SL,0.04,110.42566961841474,0.16,13.091080354209769
AUD_CAD,bearish,15,5,True,2022-06-16 00:00:00,2022-06-16 16:15:00,0.9061567424999999,2022-06-16 18:30:00,0.912964759592427,SL,0.22,114.19032858973031,0.88,-115.07032858973031
CAD_CHF,bullish,15,5,True,2022-06-13 00:00:00,2022-06-16 07:30:00,0.7633742418,2022-06-17 07:30:00,0.7439993473922482,SL,0.06,114.0721924109443,0.24,-114.31219241094429
AUD_CAD,bearish,15,5,True,2022-06-17 00:00:00,2022-06-17 03:45:00,0.9079973999999998,2022-06-20 09:00:00,0.9079973999999998,SL,0.3,113.15325563242273,1.2,12.37839067589073
AUD_CHF,bullish,15,5,True,2022-03-07 00:00:00,2022-06-17 13:00:00,0.6712701323999999,2022-06-24 13:45:00,0.6594920701321035,SL,0.1,112.12444590072424,0.4,-112.52444590072425
USD_CHF,bullish,15,5,True,2022-06-07 00:00:00,2022-06-16 15:15:00,0.9677703779999999,2022-06-24 14:15:00,0.9524645900907746,SL,0.07,114.19032858973031,0.28,-114.47032858973031
EUR_NZD,bearish,15,5,True,2022-02-24 00:00:00,2022-06-23 01:15:00,1.6866281218,2022-06-28 18:45:00,1.6866281218,SL,0.06,113.2018199041579,0.24,13.344218388498948
GBP_CHF,bearish,15,5,True,2022-06-08 00:00:00,2022-06-08 00:00:00,1.2205864,2022-06-29 06:15:00,1.1648492561101513,TP3,0.04,109.84080483121473,0.16,181.07732797150436
EUR_CHF,bearish,15,5,True,2022-05-19 00:00:00,2022-06-06 17:30:00,1.0380238398,2022-06-29 10:30:00,1.0007947890245716,TP3,0.06,109.38535072778781,0.24,180.24582870085
AUD_CAD,bearish,15,5,True,2022-06-21 00:00:00,2022-06-21 00:00:00,0.90504,2022-07-01 04:15:00,0.8804657365131731,TP3,0.13,112.48250097136108,0.52,184.6780848320799
EUR_JPY,bullish,15,5,True,2022-06-14 00:00:00,2022-06-16 08:00:00,139.22667804,2022-07-05 14:00:00,139.22667804,SL,0.04,114.19032858973031,0.16,13.542839430767637
EUR_USD,bearish,15,5,True,2022-06-17 00:00:00,2022-06-21 08:15:00,1.0565749382,2022-07-11 13:00:00,1.0065213080446709,TP3,0.05,112.48250097136108,0.2,185.39612660274565
EUR_GBP,bullish,15,5,True,2022-05-26 00:00:00,2022-07-07 15:15:00,0.84681465,2022-07-13 07:15:00,0.8405684928555799,SL,0.15,117.01585328467714,0.6,-117.61585328467713
NZD_CAD,bearish,15,5,True,2022-05-06 00:00:00,2022-05-25 02:00:00,0.8322320494,2022-07-13 14:00:00,0.7928510437882841,TP3,0.08,107.1179176735805,0.32,176.42456416140794
XAU_USD,bearish,14,4,False,2022-05-17 00:00:00,2022-05-19 14:00:00,1843.7433372546388,2022-07-14 13:00:00,1706.4155968689845,TP3,0.02,108.68887559728799,0.08,179.2566447355252
NZD_USD,bearish,15,5,True,2022-05-17 00:00:00,2022-05-19 13:15:00,0.6396323272,2022-07-18 00:00:00,0.6183161501627676,SL,0.06,108.68887559728799,0.24,124.75220693688127
AUD_USD,bearish,15,5,True,2022-06-16 00:00:00,2022-06-16 17:15:00,0.7058656564,2022-07-18 01:15:00,0.6814486772441637,SL,0.05,114.18888858973031,0.2,131.11722187819
AUD_CAD,bearish,15,5,True,2022-07-04 00:00:00,2022-07-07 09:30:00,0.888751313,2022-07-19 07:15:00,0.888751313,SL,0.09,117.01585328467714,0.36,13.681902394161256
USD_CHF,bullish,15,5,True,2022-06-27 00:00:00,2022-07-01 14:45:00,0.9683415819,2022-07-19 09:45:00,0.9683415819,SL,0.06,116.06183293790058,0.24,13.68741995254807
EUR_NZD,bullish,15,5,True,2022-06-29 00:00:00,2022-07-06 07:30:00,1.6597098629999996,2022-07-22 07:45:00,1.6289150318887755,SL,0.06,116.06039293790057,0.24,-116.30039293790057
AUD_USD,bearish,15,5,True,2022-07-19 00:00:00,2022-07-19 00:00:00,0.68057,2022-07-22 13:30:00,0.6951902509079256,SL,0.08,121.49343199041108,0.32,-122.82314135801197
NZD_USD,bearish,15,5,True,2022-07-19 00:00:00,2022-07-19 03:00:00,0.6163489093,2022-07-22 13:45:00,0.6282465988690581,SL,0.1,121.49343199041108,0.4,-121.89343199041109
CAD_CHF,bullish,15,5,True,2022-07-05 00:00:00,2022-07-05 12:00:00,0.7439766161999999,2022-07-25 02:15:00,0.7439766161999999,SL,0.1,116.06183293790058,0.4,13.52741995254807
AUD_USD,bearish,15,5,True,2022-07-25 00:00:00,2022-07-25 00:30:00,0.6875316153,2022-07-25 13:45:00,0.6965316125593866,SL,0.13,118.23887929383416,0.52,-118.75887929383416
AUD_CAD,bearish,15,5,True,2022-07-20 00:00:00,2022-07-20 00:15:00,0.8883229571999999,2022-07-26 14:45:00,0.8964629799018983,SL,0.2,121.48803199041109,0.8,-122.28803199041108
EUR_GBP,bullish,15,5,True,2022-07-14 00:00:00,2022-07-14 14:45:00,0.8525443177,2022-07-27 18:45:00,0.8377700437030784,SL,0.07,120.39414705768534,0.28,-120.67414705768535
AUD_USD,bearish,15,5,True,2022-07-26 00:00:00,2022-07-27 16:15:00,0.6875316153,2022-07-27 19:30:00,0.7011580896962312,SL,0.09,116.06585709227596,0.36,-116.42585709227596
AUD_CAD,bearish,15,5,True,2022-07-27 00:00:00,2022-07-27 01:45:00,0.8883229571999999,2022-07-27 21:00:00,0.898495246010926,SL,0.15,116.06585709227596,0.6,-116.66585709227596
NZD_USD,bearish,15,5,True,2022-07-25 00:00:00,2022-07-25 00:00:00,0.6225433706999999,2022-07-28 06:15:00,0.6283678281767753,SL,0.2,118.23887929383416,0.8,-119.03887929383416
EUR_JPY,bullish,15,5,True,2022-07-12 00:00:00,2022-07-14 07:15:00,140.48366991,2022-07-29 03:30:00,136.18392108506373,SL,0.04,118.87446118458334,0.16,-119.03446118458334
USD_CHF,bullish,15,5,True,2022-07-20 00:00:00,2022-07-20 00:00:00,0.9705947093999999,2022-07-29 06:30:00,0.9505520897509389,SL,0.06,121.48803199041109,0.24,-121.72803199041108
NZD_USD,bearish,15,5,True,2022-07-29 00:00:00,2022-07-29 12:30:00,0.6225433706999999,2022-08-01 08:30:00,0.6330414706575088,SL,0.1,109.64375198887637,0.4,-110.04375198887638
AUD_CAD,bearish,15,5,True,2022-07-28 00:00:00,2022-07-29 13:00:00,0.8883229571999999,2022-08-01 08:30:00,0.8993507681857753,SL,0.13,109.64375198887637,0.52,-110.16375198887637
CAD_JPY,bullish,15,5,True,2022-06-14 00:00:00,2022-06-16 09:30:00,102.34693673999999,2022-08-01 23:45:00,102.34693673999999,SL,0.04,114.19032858973031,0.16,13.542839430767637
AUD_CHF,bearish,15,5,True,2022-07-05 00:00:00,2022-07-08 13:15:00,0.6684706112,2022-08-03 18:45:00,0.6684706112,SL,0.07,117.26654684382301,0.28,13.791985621258762
CAD_CHF,bullish,14,4,False,2022-07-26 00:00:00,2022-07-26 00:00:00,0.7512475499999999,2022-08-10 11:00:00,0.7369037329797218,SL,0.08,117.16644938018965,0.32,-117.48644938018964
NZD_CAD,bearish,15,5,True,2022-07-26 00:00:00,2022-08-01 14:30:00,0.8133906895999999,2022-08-10 11:45:00,0.8133906895999999,SL,0.09,107.6618844530766,0.36,12.559426134369193
GBP_NZD,bullish,14,4,False,2022-05-11 00:00:00,2022-05-23 10:30:00,1.9396802102999997,2022-08-10 12:30:00,1.91466,DDD_4.2%,0.04,107.87118889247465,0.16,-64.3916906077336
XAU_USD,bearish,15,5,True,2022-07-15 00:00:00,2022-07-29 03:00:00,1758.021934012451,2022-08-10 12:30:00,1806.39,DDD_4.2%,0.01,111.81061442745133,0.04,-36.056254161955856
USD_CAD,bullish,15,5,True,2022-06-28 00:00:00,2022-08-01 09:15:00,1.2775943709,2022-08-10 12:30:00,1.28318,DDD_4.2%,0.05,107.6618844530766,0.2,28.504034354851402
EUR_NZD,bearish,15,5,True,2022-08-02 00:00:00,2022-08-02 00:00:00,1.62116,2022-08-10 12:30:00,1.61672,DDD_4.2%,0.08,107.6604444530766,0.32,21.850169963993647
EUR_USD,bearish,15,5,True,2022-07-19 00:00:00,2022-08-02 00:30:00,1.0284444773,2022-08-10 12:30:00,1.03375,DDD_4.2%,0.04,107.6604444530766,0.16,-19.80877222520357
AUD_CAD,bearish,15,5,True,2022-08-02 00:00:00,2022-08-02 07:15:00,0.8883229571999999,2022-08-10 12:30:00,0.90562,DDD_4.2%,0.1,107.6604444530766,0.4,-130.0447413272574
USD_CHF,bullish,15,5,True,2022-08-01 00:00:00,2022-08-02 18:45:00,0.9609370506000001,2022-08-10 12:30:00,0.94147,DDD_4.2%,0.08,107.78709232366792,0.32,-150.2102042514757
NZD_USD,bearish,15,5,True,2022-08-02 00:00:00,2022-08-02 18:45:00,0.6225433706999999,2022-08-10 12:30:00,0.63941,DDD_4.2%,0.08,107.78709232366792,0.32,-135.6774263554164
AUD_USD,bearish,15,5,True,2022-08-03 00:00:00,2022-08-03 00:00:00,0.6875316153,2022-08-10 12:30:00,0.70576,DDD_4.2%,0.05,107.90336715887724,0.2,-95.39604416119072
CAD_JPY,bullish,15,5,True,2022-08-02 00:00:00,2022-08-03 01:30:00,104.37152,2022-08-10 12:30:00,103.488,DDD_4.2%,0.1,107.90336715887724,0.4,-57.29625475648353
AUD_CHF,bearish,15,5,True,2022-08-04 00:00:00,2022-08-04 00:00:00,0.6644693580000001,2022-08-10 12:30:00,0.66445,DDD_4.2%,0.11,107.90084715887723,0.44,-0.23484331237126754
EUR_GBP,bearish,15,5,True,2022-07-28 00:00:00,2022-08-04 11:45:00,0.8425187176000001,2022-08-10 12:30:00,0.8444,DDD_4.2%,0.07,107.90084715887723,0.28,-15.694857076449397
EUR_JPY,bearish,14,4,False,2022-08-01 00:00:00,2022-08-05 14:15:00,137.76112703,2022-08-10 12:30:00,137.308,DDD_4.2%,0.04,108.01712199408655,0.16,13.212961062427281
USD_JPY,bullish,15,5,True,2022-08-11 00:00:00,2022-08-11 00:30:00,133.07909085,2022-08-11 12:00:00,132.12065578203524,SL,0.16,101.06903380876712,0.64,-101.70903380876712
CAD_JPY,bullish,15,5,True,2022-08-11 00:00:00,2022-08-11 11:30:00,103.670045,2022-08-15 08:45:00,103.670045,SL,0.16,101.06903380876712,0.64,11.488284057052054
GBP_CAD,bearish,15,5,True,2022-08-11 00:00:00,2022-08-11 00:00:00,1.56018,2022-08-15 11:00:00,1.56018,SL,0.08,101.06903380876712,0.32,11.808284057052054
EUR_USD,bearish,15,5,True,2022-08-11 00:00:00,2022-08-12 14:45:00,1.023817017,2022-08-16 09:00:00,1.0129529938684811,TP3,0.19,100.48111617402864,0.76,165.0338416871464
NZD_CHF,bearish,15,5,True,2022-08-11 00:00:00,2022-08-11 00:00:00,0.60385,2022-08-17 02:00:00,0.60385,SL,0.16,101.06903380876712,0.64,11.488284057052054
EUR_AUD,bearish,15,5,True,2022-08-11 00:00:00,2022-08-11 09:15:00,1.4563755698,2022-08-17 07:45:00,1.4563755698,SL,0.08,101.06903380876712,0.32,11.808284057052054
USD_JPY,bullish,15,5,True,2022-08-12 00:00:00,2022-08-15 12:15:00,132.847425,2022-08-19 07:00:00,136.5495206036155,TP3,0.09,100.69015033601006,0.36,165.77874805441658
USD_CAD,bearish,15,5,True,2022-08-11 00:00:00,2022-08-15 07:00:00,1.2811413437999999,2022-08-19 10:00:00,1.2984142970112293,SL,0.08,100.48111617402864,0.32,-100.80111617402864
AUD_CHF,bearish,15,5,True,2022-08-11 00:00:00,2022-08-11 00:00:00,0.6655356,2022-08-23 08:15:00,0.6655356,SL,0.11,101.06903380876712,0.44,11.688284057052055
EUR_GBP,bullish,14,4,False,2022-08-11 00:00:00,2022-08-11 00:00:00,0.8433,2022-08-23 09:30:00,0.8433,SL,0.07,101.06903380876712,0.28,11.848284057052055
EUR_CAD,bearish,15,5,True,2022-08-11 00:00:00,2022-08-11 07:30:00,1.3179585275999999,2022-08-24 10:45:00,1.2889324239503837,TP3,0.1,101.06903380876712,0.4,166.3639057844656
EUR_NZD,bearish,15,5,True,2022-08-11 00:00:00,2022-08-17 10:45:00,1.6142035444,2022-08-26 13:15:00,1.6142035444,SL,0.07,102.38534978111628,0.28,12.006241973733953
EUR_CHF,bearish,15,5,True,2022-08-11 00:00:00,2022-08-11 05:15:00,0.9667619000000001,2022-08-26 13:30:00,0.9667619000000001,SL,0.08,101.06903380876712,0.32,11.808284057052054
NAS100_USD,bullish,14,4,False,2022-08-17 00:00:00,2022-08-19 14:00:00,13277.472577499997,2022-08-26 18:15:00,12699.056357654194,SL,0.01,103.7360642894348,0.0,-103.7360642894348
GBP_USD,bearish,15,5,True,2022-08-11 00:00:00,2022-08-11 00:00:00,1.22102,2022-08-29 00:00:00,1.1694862078992574,TP3,0.04,101.06903380876712,0.16,164.5220418035299
GBP_JPY,bearish,15,5,True,2022-08-22 00:00:00,2022-08-26 14:00:00,162.60699,2022-08-29 16:00:00,162.60699,SL,0.1,105.54993553813495,0.4,12.265992264576193
EUR_CHF,bearish,15,5,True,2022-08-29 00:00:00,2022-08-29 00:00:00,0.96292,2022-08-31 08:00:00,0.9776531996359992,SL,0.07,104.73030488991122,0.28,-107.03775448974214
EUR_NZD,bearish,15,5,True,2022-08-30 00:00:00,2022-08-30 00:00:00,1.6232552567999998,2022-08-31 14:45:00,1.6407580893182419,SL,0.1,105.77436531420477,0.4,-106.17436531420478
EUR_AUD,bearish,15,5,True,2022-08-25 00:00:00,2022-08-25 00:00:00,1.44285,2022-08-31 19:45:00,1.4689161703103482,SL,0.06,105.33560480385788,0.24,-102.98924895384751
CAD_CHF,bullish,15,5,True,2022-08-29 00:00:00,2022-08-29 01:15:00,0.7412574479999999,2022-09-01 07:30:00,0.7412574479999999,SL,0.09,105.66523048357566,0.36,12.319827658029078
EUR_CAD,bearish,15,5,True,2022-08-25 00:00:00,2022-08-26 13:30:00,1.3012374384,2022-09-01 08:15:00,1.322756351699452,SL,0.07,105.55281553813495,0.28,-105.83281553813495
EUR_AUD,bearish,15,5,True,2022-09-01 00:00:00,2022-09-01 14:15:00,1.4566882853999998,2022-09-02 05:15:00,1.4693991772175403,SL,0.12,102.08693610446367,0.48,-102.56693610446368
AUD_CHF,bearish,15,5,True,2022-09-01 00:00:00,2022-09-01 14:15:00,0.6698324999999999,2022-09-02 12:00:00,0.6698324999999999,SL,0.13,102.08693610446367,0.52,11.730432332535642
GBP_JPY,bearish,15,5,True,2022-09-01 00:00:00,2022-09-01 00:00:00,161.03477999999998,2022-09-06 07:00:00,163.87176298913587,SL,0.05,103.04267144430689,0.2,-103.2426714443069
AUD_CAD,bullish,15,5,True,2022-08-11 00:00:00,2022-08-16 16:30:00,0.9017506616999998,2022-09-06 08:15:00,0.8889753413604645,SL,0.11,102.39398978111628,0.44,-102.83398978111627
GBP_NZD,bearish,15,5,True,2022-08-24 00:00:00,2022-08-24 00:00:00,1.90615,2022-09-06 09:15:00,1.90615,SL,0.05,104.38410243436502,0.2,12.326092292123803
EUR_NZD,bearish,15,5,True,2022-09-01 00:00:00,2022-09-02 19:00:00,1.6232552567999998,2022-09-06 18:45:00,1.6407196387103093,SL,0.1,101.49417735057803,0.4,-101.89417735057803
CHF_JPY,bullish,15,5,True,2022-08-11 00:00:00,2022-08-11 00:00:00,140.811,2022-09-06 22:45:00,145.75201237639487,TP3,0.06,101.06903380876712,0.24,165.66194630441237
GBP_NZD,bearish,15,5,True,2022-09-07 00:00:00,2022-09-07 00:15:00,1.9087462499999999,2022-09-07 11:45:00,1.9014483612911122,SL,0.25,100.21181877819642,1.0,114.24359159492538
EUR_AUD,bearish,15,5,True,2022-09-05 00:00:00,2022-09-05 00:00:00,1.4566882853999998,2022-09-07 14:15:00,1.479701097233213,SL,0.07,101.49417735057803,0.28,-101.77417735057803
EUR_CAD,bearish,15,5,True,2022-09-02 00:00:00,2022-09-02 07:30:00,1.31364555,2022-09-07 17:15:00,1.31364555,SL,0.09,101.27408757051633,0.36,11.79289050846196
AUD_JPY,bullish,15,5,True,2022-08-11 00:00:00,2022-08-15 12:00:00,93.50236790999999,2022-09-09 00:45:00,97.6512125011213,TP3,0.08,100.69015033601006,0.32,165.8187480544166
EUR_CAD,bearish,15,5,True,2022-09-08 00:00:00,2022-09-08 12:15:00,1.3155047999999998,2022-09-12 06:30:00,1.3155047999999998,SL,0.17,100.86516097042325,0.68,11.423819316450789
EUR_CHF,bearish,15,5,True,2022-09-07 00:00:00,2022-09-07 00:00:00,0.9732486731999999,2022-09-12 07:00:00,0.9732486731999999,SL,0.06,100.21181877819642,0.24,11.78541825338357
CAD_CHF,bullish,15,5,True,2022-09-02 00:00:00,2022-09-08 10:15:00,0.7412574479999999,2022-09-13 17:15:00,0.7297378262703651,SL,0.09,100.86516097042325,0.36,-101.22516097042325
NZD_CHF,bearish,15,5,True,2022-09-01 00:00:00,2022-09-02 10:45:00,0.5987499861,2022-09-15 10:30:00,0.5739570197015236,TP3,0.09,101.27408757051633,0.36,166.74224449135193
EUR_CAD,bearish,15,5,True,2022-09-13 00:00:00,2022-09-13 00:00:00,1.3143152016,2022-09-16 14:30:00,1.3288852162210678,SL,0.09,102.02268602922705,0.36,-102.38268602922705
EUR_CHF,bearish,15,5,True,2022-09-13 00:00:00,2022-09-13 00:00:00,0.96564,2022-09-16 15:15:00,0.96564,SL,0.07,102.02268602922705,0.28,11.962722323507245
NZD_JPY,bullish,15,5,True,2022-08-22 00:00:00,2022-08-22 00:00:00,84.82211457,2022-09-20 10:00:00,84.82211457,SL,0.08,103.7360642894348,0.32,12.128327714732174
USD_CAD,bullish,15,5,True,2022-08-22 00:00:00,2022-08-23 15:00:00,1.2938459445,2022-09-21 14:30:00,1.340436818738707,TP3,0.06,104.38410243436502,0.24,171.99376901670234
EUR_NZD,bullish,15,5,True,2022-09-13 00:00:00,2022-09-13 00:00:00,1.64996,2022-09-21 15:00:00,1.6803538465379422,SL,0.06,102.02268602922705,0.24,115.72113376588798
EUR_CHF,bearish,15,5,True,2022-09-19 00:00:00,2022-09-19 00:00:00,0.96528,2022-09-22 08:00:00,0.96528,SL,0.07,102.5808660847505,0.28,12.02970393017006
AUD_JPY,bullish,15,5,True,2022-09-12 00:00:00,2022-09-14 06:00:00,96.63188765999999,2022-09-22 08:30:00,94.25892671661941,SL,0.06,101.98990630804413,0.24,-102.22990630804412
GBP_JPY,bullish,15,5,True,2022-09-19 00:00:00,2022-09-19 00:00:00,163.84832981999998,2022-09-22 08:30:00,159.86581721245273,SL,0.04,102.5808660847505,0.16,-102.7408660847505
CHF_JPY,bullish,15,5,True,2022-09-07 00:00:00,2022-09-22 08:30:00,144.78189996,2022-09-22 11:30:00,144.78189996,SL,0.05,105.59461243181212,0.2,12.471353491817457
GBP_USD,bearish,15,5,True,2022-09-06 00:00:00,2022-09-12 07:00:00,1.1665989139,2022-09-23 07:15:00,1.1185035941671049,TP3,0.04,102.02484602922705,0.16,168.1809959482244
GBP_NZD,bullish,14,4,False,2022-09-14 00:00:00,2022-09-16 07:00:00,1.9114071885,2022-09-23 10:30:00,1.9114071885,SL,0.06,103.05389093649708,0.24,12.12646691237965
GBP_AUD,bearish,15,5,True,2022-08-11 00:00:00,2022-08-17 07:45:00,1.7339738037999999,2022-09-23 14:45:00,1.6671183655531987,TP3,0.05,102.38822978111628,0.2,168.740579138842
EUR_USD,bearish,15,5,True,2022-08-25 00:00:00,2022-09-12 06:45:00,1.0127147611,2022-09-26 00:45:00,0.9609584994520795,TP3,0.04,102.02484602922705,0.16,168.1809959482246
EUR_CAD,bearish,15,5,True,2022-09-19 00:00:00,2022-09-23 17:30:00,1.3143152016,2022-09-26 02:45:00,1.3143152016,SL,0.15,107.22027502874026,0.6,12.266433003448832
USD_CHF,bullish,15,5,True,2022-08-19 00:00:00,2022-09-12 12:00:00,0.952761507,2022-09-26 06:15:00,0.9850837965801416,TP3,0.07,102.02268602922705,0.28,168.0574319482245
AUD_NZD,bullish,15,5,True,2022-08-11 00:00:00,2022-08-11 01:15:00,1.1107561499999998,2022-09-26 18:45:00,1.145422116531849,TP3,0.1,101.06903380876712,0.4,166.36390578446594
CAD_JPY,bullish,15,5,True,2022-08-19 00:00:00,2022-09-22 12:15:00,104.62372805999999,2022-09-28 09:15:00,104.62372805999999,SL,0.08,103.86211766170332,0.32,12.143454119404398
AUD_CAD,bearish,15,5,True,2022-09-07 00:00:00,2022-09-07 21:00:00,0.8888418182,2022-09-28 15:45:00,0.8888418182,SL,0.11,100.86516097042325,0.44,11.66381931645079
GBP_AUD,bearish,15,5,True,2022-09-26 00:00:00,2022-09-28 10:00:00,1.6816487438,2022-09-29 09:30:00,1.6816487438,SL,0.04,110.42167340357807,0.16,13.090600808429368
GBP_CAD,bearish,15,5,True,2022-08-30 00:00:00,2022-09-30 08:30:00,1.5358043701,2022-09-30 17:15:00,1.5358043701,SL,0.06,110.65466967940604,0.24,13.038560361528726
USD_CHF,bullish,15,5,True,2022-09-27 00:00:00,2022-09-28 15:45:00,0.9785713943999998,2022-10-04 16:30:00,0.9785713943999998,SL,0.05,110.54092881085393,0.2,13.064911457302474
AUD_NZD,bullish,15,5,True,2022-09-27 00:00:00,2022-09-29 09:45:00,1.1367145362,2022-10-12 07:45:00,1.1186445730018368,SL,0.1,110.53552881085393,0.4,-110.93552881085394
AUD_CAD,bearish,15,5,True,2022-09-29 00:00:00,2022-09-29 15:00:00,0.8888418182,2022-10-12 12:30:00,0.8623344823297968,TP3,0.12,110.53552881085393,0.48,181.90362253790923
EUR_USD,bearish,15,5,True,2022-09-27 00:00:00,2022-09-29 19:15:00,0.9799663062,2022-10-13 17:30:00,0.9799663062,SL,0.04,110.65466967940604,0.16,13.118560361528726
GBP_JPY,bearish,15,5,True,2022-09-29 00:00:00,2022-10-03 05:45:00,162.19547536,2022-10-17 14:30:00,169.5689370355685,SL,0.02,110.89115759121191,0.08,-110.9711575912119
EUR_CHF,bearish,15,5,True,2022-09-23 00:00:00,2022-09-30 14:45:00,0.9626997727000001,2022-10-19 14:30:00,0.9825206106737882,SL,0.06,110.7741767226598,0.24,-111.0141767226598
AUD_JPY,bearish,15,5,True,2022-10-11 00:00:00,2022-10-13 17:15:00,92.62921456000001,2022-10-20 11:00:00,94.53617309809324,SL,0.09,111.88698005090357,0.36,-112.24698005090357
CAD_JPY,bullish,15,5,True,2022-09-29 00:00:00,2022-09-29 00:00:00,106.51409927,2022-10-21 14:45:00,109.11404290451524,SL,0.07,110.53696881085393,0.28,126.83751413248213
EUR_USD,bearish,15,5,True,2022-10-14 00:00:00,2022-10-17 15:45:00,0.9830281003,2022-10-26 14:45:00,1.0048709684051722,SL,0.05,111.11835064597304,0.2,-111.31835064597304
GBP_USD,bearish,15,5,True,2022-09-26 00:00:00,2022-09-29 22:00:00,1.1160871618,2022-10-26 16:15:00,1.1633999463306455,SL,0.02,110.65466967940604,0.08,-110.73466967940604
EUR_CAD,bullish,15,5,True,2022-09-27 00:00:00,2022-09-27 00:00:00,1.3233035999999998,2022-10-27 13:00:00,1.353899053988168,SL,0.05,110.31561902973,0.2,126.66296188418946
EUR_USD,bearish,15,5,True,2022-10-27 00:00:00,2022-10-27 18:00:00,0.9929077796999999,2022-11-02 18:00:00,0.9929077796999999,SL,0.09,109.27244819193551,0.36,12.752693783032264
AUD_JPY,bullish,15,5,True,2022-10-21 00:00:00,2022-10-21 15:15:00,93.45664644,2022-11-03 00:45:00,93.45664644,SL,0.09,110.13115793588757,0.36,12.85573895230651
EUR_CAD,bullish,15,5,True,2022-10-28 00:00:00,2022-10-28 00:00:00,1.3562581529999997,2022-11-04 12:30:00,1.3326894188232157,SL,0.06,109.27244819193551,0.24,-109.5124481919355
GBP_USD,bearish,15,5,True,2022-11-02 00:00:00,2022-11-02 00:00:00,1.1470330349,2022-11-07 09:00:00,1.1470330349,SL,0.05,109.50788887673076,0.2,12.940946665207692
EUR_USD,bearish,15,5,True,2022-11-03 00:00:00,2022-11-03 01:15:00,0.983407056,2022-11-07 17:30:00,1.0024876911031313,SL,0.06,109.61942312077805,0.24,-109.85942312077805
AUD_CAD,bearish,15,5,True,2022-10-19 00:00:00,2022-10-26 07:30:00,0.8758753563,2022-11-08 15:15:00,0.8758753563,SL,0.09,110.25009958645833,0.36,12.870011950375
XAU_USD,bearish,15,5,True,2022-08-11 00:00:00,2022-08-11 02:30:00,1733.5242838366698,2022-11-10 13:30:00,1733.5242838366698,SL,0.01,101.06903380876712,0.04,12.088284057052055
USD_CHF,bullish,15,5,True,2022-10-05 00:00:00,2022-10-05 00:00:00,0.97858,2022-11-10 13:30:00,0.97858,SL,0.05,111.12812016544336,0.2,13.135374419853205
GBP_CHF,bearish,15,5,True,2022-08-17 00:00:00,2022-10-28 14:45:00,1.1549673837999999,2022-11-10 13:30:00,1.1309792764151327,SL,0.05,109.27244819193551,0.2,125.46331542072606
CAD_JPY,bullish,15,5,True,2022-10-24 00:00:00,2022-10-27 05:30:00,107.12799711,2022-11-10 13:45:00,107.12799711,SL,0.06,108.72818587773834,0.24,12.8073823053286
AUD_JPY,bullish,15,5,True,2022-11-04 00:00:00,2022-11-04 00:00:00,93.374,2022-11-10 14:30:00,93.374,SL,0.09,109.85676174831828,0.36,12.822811409798195
CHF_JPY,bullish,15,5,True,2022-09-23 00:00:00,2022-09-23 00:00:00,145.73,2022-11-10 21:00:00,145.73,SL,0.03,103.86211766170332,0.12,12.343454119404399
CHF_JPY,bullish,15,5,True,2022-11-11 00:00:00,2022-11-11 00:00:00,146.796,2022-11-11 10:00:00,145.33207128670733,SL,0.11,109.46765725080508,0.44,-107.41153326394843
EUR_CAD,bullish,14,4,False,2022-11-07 00:00:00,2022-11-07 00:00:00,1.34524995,2022-11-15 19:00:00,1.3701826677751474,SL,0.06,108.98979501727905,0.24,125.09826426987108
AUD_CAD,bullish,14,4,False,2022-11-09 00:00:00,2022-11-09 00:00:00,0.8742696,2022-11-17 13:00:00,0.8896895838071183,SL,0.1,107.99602020919204,0.4,123.79542324057093
GBP_USD,bullish,15,5,True,2022-11-08 00:00:00,2022-11-09 13:15:00,1.1408765627999997,2022-11-17 13:30:00,1.1783686388679153,SL,0.03,107.99602020919204,0.12,124.07542324057101
GBP_CHF,bearish,15,5,True,2022-11-11 00:00:00,2022-11-11 05:15:00,1.1298384797,2022-11-17 21:45:00,1.1298384797,SL,0.04,109.46765725080508,0.16,12.97611887009661
NZD_CAD,bearish,15,5,True,2022-08-18 00:00:00,2022-11-15 07:00:00,0.8141705999999999,2022-11-23 13:15:00,0.8288856514427593,SL,0.1,108.6191785212604,0.4,-109.0191785212604
NZD_CHF,bearish,15,5,True,2022-09-22 00:00:00,2022-10-27 04:15:00,0.5763530137,2022-11-24 09:15:00,0.5909559501241969,SL,0.07,108.72818587773834,0.28,-109.00818587773834
CAD_CHF,bearish,15,5,True,2022-09-20 00:00:00,2022-10-31 14:45:00,0.7346328178,2022-11-29 16:15:00,0.6987751675288671,TP3,0.06,109.38987463268347,0.24,180.2532931439279
AUD_JPY,bearish,15,5,True,2022-11-11 00:00:00,2022-11-11 00:00:00,93.587,2022-11-30 13:30:00,93.587,SL,0.08,109.46765725080508,0.32,12.81611887009661
CHF_JPY,bullish,15,5,True,2022-11-14 00:00:00,2022-11-14 00:00:00,148.44860828999998,2022-12-02 07:00:00,143.86791066129348,SL,0.04,108.6191785212604,0.16,-108.77917852126039
GBP_JPY,bullish,15,5,True,2022-10-18 00:00:00,2022-11-10 21:00:00,164.39971101,2022-12-02 08:45:00,164.39971101,SL,0.03,109.35210154897915,0.12,13.002252185877499
AUD_JPY,bearish,15,5,True,2022-12-01 00:00:00,2022-12-01 00:00:00,93.33254822,2022-12-13 08:15:00,93.33254822,SL,0.09,111.51679044667696,0.36,13.022014853601235
USD_JPY,bullish,15,5,True,2022-08-22 00:00:00,2022-12-01 17:15:00,135.41751699,2022-12-13 13:30:00,135.41751699,SL,0.05,111.75642831368978,0.2,13.210771397642775
NZD_USD,bearish,15,5,True,2022-08-18 00:00:00,2022-12-01 10:00:00,0.6348749535999999,2022-12-13 14:00:00,0.6496407834743841,SL,0.08,111.63599018000737,0.32,-111.95599018000736
EUR_NZD,bullish,15,5,True,2022-09-22 00:00:00,2022-11-22 09:30:00,1.6714490267999997,2022-12-13 14:30:00,1.6382234681814114,SL,0.06,112.2141446638351,0.24,-112.4541446638351
XAU_USD,bullish,15,5,True,2022-12-06 00:00:00,2022-12-06 00:00:00,1776.2370245361326,2022-12-15 08:30:00,1776.2370245361326,SL,0.02,110.77633570699842,0.08,13.213160284839812
GBP_USD,bullish,15,5,True,2022-11-24 00:00:00,2022-11-28 19:45:00,1.1952314651999998,2022-12-15 15:00:00,1.2266341637577742,SL,0.04,110.37012345407497,0.16,126.76564197218613
GBP_NZD,bullish,14,4,False,2022-09-27 00:00:00,2022-09-27 00:00:00,1.9044450443999998,2022-12-16 20:15:00,1.9044450443999998,SL,0.02,110.31561902973,0.08,13.157874283567601
CHF_JPY,bullish,15,5,True,2022-12-05 00:00:00,2022-12-05 08:30:00,145.57604608,2022-12-20 03:00:00,145.57604608,SL,0.05,110.77633570699842,0.2,13.093160284839813
AUD_JPY,bullish,15,5,True,2022-12-14 00:00:00,2022-12-15 12:00:00,92.32360139999999,2022-12-20 03:00:00,90.78534228540873,SL,0.11,109.46801881186778,0.44,-109.90801881186778
GBP_JPY,bullish,15,5,True,2022-12-05 00:00:00,2022-12-20 03:00:00,164.92511457999998,2022-12-20 03:00:00,163.2457546037267,SL,0.1,110.13182936552903,0.4,-110.53182936552903
USD_JPY,bearish,15,5,True,2022-12-14 00:00:00,2022-12-15 15:15:00,137.56426826999999,2022-12-20 17:00:00,130.63935330738417,TP3,0.05,110.13254936552902,0.2,181.5187064531229
NZD_JPY,bearish,15,5,True,2022-10-04 00:00:00,2022-10-18 12:00:00,84.94289726999999,2022-12-28 14:45:00,84.94289726999999,SL,0.05,111.11835064597304,0.2,13.134202077516765
XAG_USD,bearish,15,5,True,2022-08-11 00:00:00,2022-08-11 00:00:00,19.83492943279266,2022-12-30 21:45:00,23.967,END,0.01,101.06903380876712,0.04,-59.37671685529689
EUR_CHF,bullish,15,5,True,2022-10-26 00:00:00,2022-11-10 12:45:00,0.9826036955999999,2022-12-30 21:45:00,0.98997,END,0.06,108.4680771853812,0.24,42.19282407632544
USD_CAD,bullish,15,5,True,2022-09-22 00:00:00,2022-11-10 14:45:00,1.3355984283,2022-12-30 21:45:00,1.35454,END,0.06,109.23396048437586,0.24,81.54296618095277
EUR_NZD,bearish,15,5,True,2022-12-14 00:00:00,2022-12-15 14:00:00,1.6700791226,2022-12-30 21:45:00,1.68538,END,0.06,109.46801881186778,0.24,-52.25071772866968
NZD_USD,bullish,15,5,True,2022-12-14 00:00:00,2022-12-15 17:45:00,0.6326084858999999,2022-12-30 21:45:00,0.6351,END,0.06,110.13254936552902,0.24,14.802979338380938
GBP_USD,bullish,15,5,True,2022-12-16 00:00:00,2022-12-16 09:00:00,1.2138482258999999,2022-12-30 21:45:00,1.20978,END,0.03,110.13254936552902,0.12,-14.225209349788747
GBP_NZD,bearish,15,5,True,2022-12-19 00:00:00,2022-12-19 00:00:00,1.9043888269,2022-12-30 21:45:00,1.90485,END,0.04,110.13182936552903,0.16,-1.3715337851601574
GBP_CHF,bullish,14,4,False,2022-11-18 00:00:00,2022-12-20 05:30:00,1.1244688524,2022-12-30 21:45:00,1.11844,END,0.05,108.26501388524721,0.2,-29.368362758234685
NZD_CHF,bullish,15,5,True,2022-11-25 00:00:00,2022-12-21 08:45:00,0.5823196125,2022-12-30 21:45:00,0.58722,END,0.08,109.89974690870818,0.32,40.558274165184926
NZD_CAD,bullish,15,5,True,2022-12-20 00:00:00,2022-12-22 13:45:00,0.8526019608,2022-12-30 21:45:00,0.86027,END,0.06,109.89974690870818,0.24,33.03401504609947
AUD_JPY,bearish,15,5,True,2022-12-27 00:00:00,2022-12-28 08:00:00,90.62457811000002,2022-12-30 21:45:00,89.392,END,0.06,109.89974690870818,0.24,45.06549296548354
CHF_JPY,bearish,15,5,True,2022-12-27 00:00:00,2022-12-28 14:45:00,144.67445867,2022-12-30 21:45:00,141.824,END,0.05,109.89974690870818,0.2,82.03466012912358
