{
  "initial_balance": 20000.0,
  "final_balance": 331755.1873101839,
  "net_pnl": 311755.1873101839,
  "return_pct": 1558.7759365509194,
  "total_trades": 823,
  "winners": 559,
  "losers": 264,
  "win_rate": 67.92223572296476,
  "total_r": 103.86379007382322,
  "gross_pnl": 117725.00531280278,
  "total_commissions": 2498.879999999999,
  "max_tdd_pct": 1.7237232422165836,
  "max_ddd_pct": 3.8663647680427813,
  "safety_events": 2,
  "trades_in_entry_queue": 0,
  "pending_orders": 0
}