time,open,high,low,close,volume
2015-01-01 22:00:00+00:00,6603.2,6607.0,6501.9,6537.9,41528
2015-01-04 22:00:00+00:00,6521.2,6566.6,6370.8,6394.2,60617
2015-01-05 22:00:00+00:00,6404.1,6435.7,6309.5,6355.5,69295
2015-01-06 22:00:00+00:00,6385.2,6443.4,6347.2,6430.6,57754
2015-01-07 22:00:00+00:00,6430.6,6563.7,6430.6,6550.1,41070
2015-01-08 22:00:00+00:00,6537.8,6552.3,6450.6,6476.0,53282
2015-01-11 22:00:00+00:00,6505.2,6524.1,6424.9,6446.6,41978
2015-01-12 22:00:00+00:00,6449.6,6538.6,6432.2,6476.0,47025
2015-01-13 22:00:00+00:00,6440.4,6460.8,6328.4,6391.8,65222
2015-01-14 22:00:00+00:00,6428.6,6487.4,6274.4,6448.1,76218
2015-01-15 22:00:00+00:00,6430.0,6569.4,6417.7,6562.2,49978
2015-01-18 22:00:00+00:00,6530.8,6579.8,6524.8,6570.6,26816
2015-01-19 22:00:00+00:00,6587.0,6627.0,6572.4,6611.4,46017
2015-01-20 22:00:00+00:00,6623.8,6710.7,6619.4,6699.5,54045
2015-01-21 22:00:00+00:00,6713.6,6822.8,6706.0,6811.4,63879
2015-01-22 22:00:00+00:00,6806.8,6826.2,6774.0,6789.4,40231
2015-01-25 22:00:00+00:00,6776.4,6866.9,6768.2,6844.8,37600
2015-01-26 22:00:00+00:00,6831.9,6844.2,6750.2,6801.7,46907
2015-01-27 22:00:00+00:00,6833.4,6839.7,6729.8,6734.0,50002
2015-01-28 22:00:00+00:00,6734.0,6820.6,6725.5,6813.6,53526
2015-01-29 22:00:00+00:00,6813.6,6820.2,6707.4,6707.4,59462
2015-02-01 22:00:00+00:00,6748.0,6782.2,6704.1,6773.3,54541
2015-02-02 22:00:00+00:00,6787.9,6878.4,6779.5,6871.8,45415
2015-02-03 22:00:00+00:00,6850.6,6857.2,6775.2,6800.4,47929
2015-02-04 22:00:00+00:00,6797.0,6843.2,6780.7,6831.5,40346
2015-02-05 22:00:00+00:00,6823.0,6859.2,6787.7,6802.2,38494
2015-02-08 22:00:00+00:00,6789.8,6817.1,6744.9,6791.0,48394
2015-02-09 22:00:00+00:00,6810.8,6817.7,6755.5,6807.6,47890
2015-02-10 22:00:00+00:00,6807.6,6816.0,6752.7,6792.9,38332
2015-02-11 22:00:00+00:00,6792.2,6835.7,6792.2,6830.6,42670
2015-02-12 22:00:00+00:00,6835.7,6866.7,6829.8,6865.8,35415
2015-02-15 22:00:00+00:00,6841.5,6852.1,6799.1,6813.7,16697
2015-02-16 22:00:00+00:00,6814.0,6891.0,6793.0,6876.7,32082
2015-02-17 22:00:00+00:00,6892.6,6896.9,6851.9,6873.8,24298
2015-02-18 22:00:00+00:00,6874.2,6893.2,6843.6,6872.0,32236
2015-02-19 22:00:00+00:00,6865.9,6945.4,6864.5,6933.8,39556
2015-02-22 22:00:00+00:00,6923.6,6940.6,6868.8,6888.2,23039
2015-02-23 22:00:00+00:00,6896.3,6942.3,6881.4,6926.4,22219
2015-02-24 22:00:00+00:00,6926.7,6938.3,6886.2,6905.9,18239
2015-02-25 22:00:00+00:00,6915.1,6941.9,6902.9,6932.8,21629
2015-02-26 22:00:00+00:00,6929.8,6952.8,6907.0,6908.6,21893
2015-03-01 22:00:00+00:00,6923.5,6957.0,6905.7,6932.6,19159
2015-03-02 22:00:00+00:00,6922.4,6945.3,6856.4,6887.2,21290
2015-03-03 22:00:00+00:00,6881.2,6914.3,6841.2,6897.0,25037
2015-03-04 22:00:00+00:00,6905.4,6963.0,6896.9,6949.6,20825
2015-03-05 22:00:00+00:00,6953.8,6955.3,6870.6,6877.6,25773
2015-03-08 21:00:00+00:00,6872.6,6886.7,6848.7,6860.6,20717
2015-03-09 21:00:00+00:00,6850.2,6859.5,6681.6,6704.0,31032
2015-03-10 21:00:00+00:00,6706.6,6727.7,6682.4,6720.9,24435
2015-03-11 21:00:00+00:00,6735.1,6797.0,6733.4,6760.4,25157
2015-03-12 21:00:00+00:00,6770.0,6773.5,6707.0,6757.6,23561
2015-03-15 21:00:00+00:00,6766.1,6813.2,6752.4,6792.4,19079
2015-03-16 21:00:00+00:00,6795.4,6855.4,6790.2,6838.0,25160
2015-03-17 21:00:00+00:00,6839.2,6989.5,6823.8,6953.6,26580
2015-03-18 21:00:00+00:00,6960.9,6986.5,6931.2,6963.8,24455
2015-03-19 21:00:00+00:00,6981.8,7034.4,6958.4,7020.7,24130
2015-03-22 21:00:00+00:00,7031.8,7045.8,6991.3,7021.2,24192
2015-03-23 21:00:00+00:00,7023.0,7066.7,7004.5,7010.8,23444
2015-03-24 21:00:00+00:00,7015.4,7036.2,6970.0,6984.6,25157
2015-03-25 21:00:00+00:00,6959.4,6980.3,6876.7,6898.0,43158
2015-03-26 21:00:00+00:00,6898.2,6912.1,6836.6,6867.2,32125
2015-03-29 21:00:00+00:00,6882.0,6912.2,6858.4,6903.3,26917
2015-03-30 21:00:00+00:00,6891.8,6904.3,6753.8,6771.7,37802
2015-03-31 21:00:00+00:00,6735.7,6849.0,6734.4,6801.8,40940
2015-04-01 21:00:00+00:00,6801.8,6845.4,6785.6,6838.2,23255
2015-04-06 21:00:00+00:00,6848.0,6960.0,6841.4,6923.4,23523
2015-04-07 21:00:00+00:00,6924.8,7005.6,6921.8,6956.4,30204
2015-04-08 21:00:00+00:00,6951.6,7040.4,6947.6,7029.0,23594
2015-04-09 21:00:00+00:00,7027.8,7091.1,7020.4,7076.9,21999
2015-04-12 21:00:00+00:00,7071.9,7076.0,7033.0,7037.7,20972
2015-04-13 21:00:00+00:00,7046.1,7081.2,7040.2,7069.8,28976
2015-04-14 21:00:00+00:00,7064.8,7104.1,7048.0,7091.0,24437
2015-04-15 21:00:00+00:00,7100.6,7123.6,7044.4,7071.5,26060
2015-04-16 21:00:00+00:00,7068.8,7098.3,6968.0,6992.6,45337
2015-04-19 21:00:00+00:00,7009.9,7061.6,7002.3,7027.6,22729
2015-04-20 21:00:00+00:00,7027.6,7097.2,7020.2,7058.8,27523
2015-04-21 21:00:00+00:00,7052.0,7081.2,6985.0,7033.3,33951
2015-04-22 21:00:00+00:00,7029.1,7083.8,6994.0,7072.9,32940
2015-04-23 21:00:00+00:00,7054.6,7102.4,7048.9,7058.0,28924
2015-04-26 21:00:00+00:00,7068.8,7120.2,7019.0,7066.4,33524
2015-04-27 21:00:00+00:00,7065.6,7084.2,6977.3,7045.2,33175
2015-04-28 21:00:00+00:00,7034.8,7056.2,6922.8,6975.5,46159
2015-04-29 21:00:00+00:00,6963.6,6986.0,6902.0,6932.7,56274
2015-04-30 21:00:00+00:00,6948.1,7027.6,6912.0,7026.9,19931
2015-05-04 21:00:00+00:00,7035.2,7048.0,6914.6,6931.0,46711
2015-05-05 21:00:00+00:00,6942.1,6967.4,6888.6,6916.1,43591
2015-05-06 21:00:00+00:00,6914.4,6921.4,6804.8,6892.9,51367
2015-05-07 21:00:00+00:00,6967.2,7060.6,6967.2,7042.9,46737
2015-05-10 21:00:00+00:00,7037.6,7083.5,7001.9,7017.6,37817
2015-05-11 21:00:00+00:00,7020.6,7034.7,6881.1,6930.6,48619
2015-05-12 21:00:00+00:00,6940.7,6987.7,6914.6,6930.6,38525
2015-05-13 21:00:00+00:00,6936.4,6992.7,6889.9,6981.8,35309
2015-05-14 21:00:00+00:00,6982.8,7018.6,6942.2,6981.7,37928
2015-05-17 21:00:00+00:00,6976.2,7025.4,6934.3,6980.8,31202
2015-05-18 21:00:00+00:00,6986.6,7016.4,6975.6,6993.4,30798
2015-05-19 21:00:00+00:00,7004.9,7027.0,6962.0,7017.2,25584
2015-05-20 21:00:00+00:00,7006.7,7036.8,6999.8,7023.5,21104
2015-05-21 21:00:00+00:00,7021.2,7070.8,7017.4,7041.6,19787
2015-05-25 21:00:00+00:00,7037.6,7057.4,6932.5,6959.6,33076
2015-05-26 21:00:00+00:00,6965.8,7059.7,6950.2,7043.0,29231
2015-05-27 21:00:00+00:00,7031.8,7054.4,7010.3,7048.8,24837
2015-05-28 21:00:00+00:00,7050.7,7076.0,6964.2,7003.8,39699
2015-05-31 21:00:00+00:00,7020.2,7041.8,6939.9,6964.6,36660
2015-06-01 21:00:00+00:00,6963.3,6974.0,6869.0,6920.8,41700
2015-06-02 21:00:00+00:00,6928.8,6985.4,6897.0,6930.1,36608
2015-06-03 21:00:00+00:00,6925.0,6928.0,6809.9,6839.6,48607
2015-06-04 21:00:00+00:00,6845.6,6851.0,6784.9,6823.8,42695
2015-06-07 21:00:00+00:00,6806.4,6824.2,6760.7,6778.0,40301
2015-06-08 21:00:00+00:00,6784.0,6801.9,6723.8,6734.5,42166
2015-06-09 21:00:00+00:00,6739.2,6841.0,6728.4,6823.4,37707
2015-06-10 21:00:00+00:00,6828.2,6875.5,6808.8,6841.5,37024
2015-06-11 21:00:00+00:00,6835.5,6838.6,6762.8,6788.4,43143
2015-06-14 21:00:00+00:00,6765.8,6776.2,6703.1,6723.6,33132
2015-06-15 21:00:00+00:00,6718.2,6725.9,6655.4,6720.4,25976
2015-06-16 21:00:00+00:00,6716.4,6731.2,6655.6,6676.8,30233
2015-06-17 21:00:00+00:00,6661.8,6742.4,6623.2,6711.9,34504
2015-06-18 21:00:00+00:00,6688.7,6759.4,6685.5,6695.2,28403
2015-06-21 21:00:00+00:00,6731.4,6825.1,6728.4,6798.0,41036
2015-06-22 21:00:00+00:00,6820.0,6855.3,6819.4,6832.5,25055
2015-06-23 21:00:00+00:00,6846.2,6872.2,6821.2,6822.6,34874
2015-06-24 21:00:00+00:00,6831.3,6868.5,6786.5,6793.1,41437
2015-06-25 21:00:00+00:00,6784.2,6789.8,6724.6,6745.4,29036
2015-06-28 21:00:00+00:00,6550.6,6684.5,6504.1,6550.0,48935
2015-06-29 21:00:00+00:00,6562.7,6594.0,6484.4,6526.6,62487
2015-06-30 21:00:00+00:00,6540.4,6629.1,6540.2,6567.6,46668
2015-07-01 21:00:00+00:00,6574.0,6638.2,6572.6,6616.8,28545
2015-07-02 21:00:00+00:00,6624.4,6624.4,6560.0,6575.1,20579
2015-07-05 21:00:00+00:00,6500.2,6559.4,6487.8,6507.8,41872
2015-07-06 21:00:00+00:00,6531.8,6538.3,6413.2,6508.5,46546
2015-07-07 21:00:00+00:00,6448.5,6501.4,6418.8,6450.1,50777
2015-07-08 21:00:00+00:00,6493.8,6581.2,6484.8,6537.4,40993
2015-07-09 21:00:00+00:00,6614.8,6679.6,6614.8,6676.3,44128
2015-07-12 21:00:00+00:00,6642.2,6757.8,6612.7,6720.0,31114
2015-07-13 21:00:00+00:00,6721.3,6742.8,6693.2,6734.5,20931
2015-07-14 21:00:00+00:00,6733.2,6761.0,6704.5,6721.7,20275
2015-07-15 21:00:00+00:00,6750.4,6789.2,6735.6,6772.0,20381
2015-07-16 21:00:00+00:00,6769.7,6787.0,6746.6,6761.6,17324
2015-07-19 21:00:00+00:00,6763.4,6795.6,6750.5,6774.2,16323
2015-07-20 21:00:00+00:00,6783.0,6783.3,6729.0,6742.7,18853
2015-07-21 21:00:00+00:00,6719.8,6723.4,6629.6,6669.5,23244
2015-07-22 21:00:00+00:00,6686.0,6695.0,6602.6,6608.2,27079
2015-07-23 21:00:00+00:00,6622.0,6664.8,6517.4,6524.4,24701
2015-07-26 21:00:00+00:00,6545.4,6564.2,6464.0,6469.3,33750
2015-07-27 21:00:00+00:00,6501.4,6565.4,6495.6,6555.6,26284
2015-07-28 21:00:00+00:00,6560.6,6621.9,6548.2,6611.0,28537
2015-07-29 21:00:00+00:00,6613.6,6674.1,6605.6,6647.7,29134
2015-07-30 21:00:00+00:00,6653.0,6683.6,6620.3,6660.7,27487
2015-08-02 21:00:00+00:00,6648.6,6684.6,6606.8,6637.0,27060
2015-08-03 21:00:00+00:00,6640.9,6689.8,6614.0,6662.8,28865
2015-08-04 21:00:00+00:00,6659.4,6737.4,6659.0,6703.1,25573
2015-08-05 21:00:00+00:00,6693.3,6743.6,6683.6,6725.6,25187
2015-08-06 21:00:00+00:00,6727.4,6734.4,6695.6,6711.8,29628
2015-08-09 21:00:00+00:00,6729.2,6742.1,6628.4,6718.0,27954
2015-08-10 21:00:00+00:00,6696.2,6696.4,6626.6,6645.6,38024
2015-08-11 21:00:00+00:00,6606.4,6610.2,6509.3,6599.2,53589
2015-08-12 21:00:00+00:00,6621.0,6646.6,6562.2,6576.4,39276
2015-08-13 21:00:00+00:00,6576.7,6613.5,6551.8,6593.6,34033
2015-08-16 21:00:00+00:00,6597.2,6603.5,6513.8,6575.8,37978
2015-08-17 21:00:00+00:00,6572.2,6575.8,6510.3,6529.5,35118
2015-08-18 21:00:00+00:00,6514.3,6518.7,6394.2,6419.6,50238
2015-08-19 21:00:00+00:00,6409.8,6418.4,6321.5,6325.2,54334
2015-08-20 21:00:00+00:00,6293.6,6353.4,6131.4,6142.1,77947
2015-08-23 21:00:00+00:00,6021.9,6074.6,5773.0,5881.4,176934
2015-08-24 21:00:00+00:00,5881.4,6122.0,5881.4,5936.9,142306
2015-08-25 21:00:00+00:00,6039.2,6100.7,5945.0,6078.2,133015
2015-08-26 21:00:00+00:00,6093.2,6237.0,6075.2,6211.6,98654
2015-08-27 21:00:00+00:00,6198.6,6264.4,6154.8,6244.4,80150
2015-08-31 21:00:00+00:00,6244.5,6249.0,5986.4,6015.2,112128
2015-09-01 21:00:00+00:00,6062.8,6165.4,6019.8,6126.0,97005
2015-09-02 21:00:00+00:00,6130.1,6218.3,6118.3,6159.2,76256
2015-09-03 21:00:00+00:00,6112.0,6143.5,6011.7,6046.2,79433
2015-09-06 21:00:00+00:00,6076.0,6126.3,6056.8,6070.2,31310
2015-09-07 21:00:00+00:00,6086.6,6197.3,6070.0,6169.4,46026
2015-09-08 21:00:00+00:00,6232.8,6289.0,6146.6,6148.6,62212
2015-09-09 21:00:00+00:00,6176.5,6222.4,6129.2,6174.8,73142
2015-09-10 21:00:00+00:00,6174.2,6180.9,6115.6,6158.6,46670
2015-09-13 21:00:00+00:00,6161.7,6196.1,6065.6,6093.2,48633
2015-09-14 21:00:00+00:00,6096.2,6178.6,6018.6,6174.6,40697
2015-09-15 21:00:00+00:00,6165.8,6255.9,6164.0,6254.9,35688
2015-09-16 21:00:00+00:00,6258.6,6262.0,6145.1,6172.8,43208
2015-09-17 21:00:00+00:00,6179.4,6185.5,6059.3,6094.2,66394
2015-09-20 21:00:00+00:00,6081.4,6166.3,6065.1,6097.2,56226
2015-09-21 21:00:00+00:00,6109.7,6121.4,5921.7,5961.4,62069
2015-09-22 21:00:00+00:00,5912.4,6063.6,5894.8,6020.6,57683
2015-09-23 21:00:00+00:00,6010.8,6050.7,5939.6,6012.8,75505
2015-09-24 21:00:00+00:00,6041.2,6128.2,6029.6,6069.4,64586
2015-09-27 21:00:00+00:00,6061.4,6094.7,5903.7,5925.7,66824
2015-09-28 21:00:00+00:00,5898.0,5947.2,5867.1,5924.4,82793
2015-09-29 21:00:00+00:00,5972.6,6076.2,5964.9,6071.7,64021
2015-09-30 21:00:00+00:00,6059.6,6170.0,6029.4,6092.5,80074
2015-10-01 21:00:00+00:00,6089.6,6223.9,6044.5,6223.6,72900
2015-10-04 21:00:00+00:00,6227.4,6330.8,6206.3,6329.4,54091
2015-10-05 21:00:00+00:00,6332.2,6339.4,6248.6,6308.4,51660
2015-10-06 21:00:00+00:00,6287.8,6392.0,6283.5,6367.8,62879
2015-10-07 21:00:00+00:00,6367.2,6429.2,6298.8,6425.6,59507
2015-10-08 21:00:00+00:00,6420.6,6451.0,6383.4,6407.8,48934
2015-10-11 21:00:00+00:00,6391.2,6409.6,6346.8,6369.8,39533
2015-10-12 21:00:00+00:00,6375.7,6378.2,6285.8,6291.4,51118
2015-10-13 21:00:00+00:00,6284.6,6310.5,6250.2,6253.4,51850
2015-10-14 21:00:00+00:00,6266.2,6389.6,6261.1,6378.3,51846
2015-10-15 21:00:00+00:00,6397.3,6397.3,6348.6,6382.2,46075
2015-10-18 21:00:00+00:00,6384.6,6400.8,6322.7,6347.4,38352
2015-10-19 21:00:00+00:00,6344.4,6359.4,6309.4,6342.2,43102
2015-10-20 21:00:00+00:00,6327.6,6378.8,6305.2,6315.4,49417
2015-10-21 21:00:00+00:00,6308.1,6407.4,6301.8,6391.0,46419
2015-10-22 21:00:00+00:00,6411.1,6487.2,6396.7,6453.7,53485
2015-10-25 21:00:00+00:00,6440.8,6451.1,6400.8,6413.0,34649
2015-10-26 21:00:00+00:00,6408.4,6414.2,6353.5,6373.8,36927
2015-10-27 21:00:00+00:00,6364.4,6452.9,6351.4,6449.3,47887
2015-10-28 21:00:00+00:00,6445.0,6445.3,6353.4,6390.6,48973
2015-10-29 21:00:00+00:00,6399.0,6414.3,6331.4,6334.3,45244
2015-11-01 22:00:00+00:00,6315.2,6396.9,6306.6,6385.9,35263
2015-11-02 22:00:00+00:00,6385.8,6406.6,6337.0,6386.0,35519
2015-11-03 22:00:00+00:00,6384.5,6454.0,6384.0,6401.6,43467
2015-11-04 22:00:00+00:00,6393.1,6420.6,6353.2,6374.8,41337
2015-11-05 22:00:00+00:00,6370.4,6393.6,6327.9,6373.0,47565
2015-11-08 22:00:00+00:00,6366.2,6378.2,6273.2,6310.0,38755
2015-11-09 22:00:00+00:00,6300.6,6325.8,6243.4,6280.8,38956
2015-11-10 22:00:00+00:00,6280.8,6322.8,6264.8,6277.2,32325
2015-11-11 22:00:00+00:00,6275.0,6307.4,6131.9,6150.9,48069
2015-11-12 22:00:00+00:00,6148.6,6169.3,6090.8,6102.5,54238
2015-11-15 22:00:00+00:00,6068.2,6231.8,6053.1,6231.2,52402
2015-11-16 22:00:00+00:00,6223.9,6282.5,6210.8,6250.4,45368
2015-11-17 22:00:00+00:00,6250.8,6319.0,6229.2,6314.4,42429
2015-11-18 22:00:00+00:00,6321.8,6377.0,6311.8,6339.3,33987
2015-11-19 22:00:00+00:00,6338.0,6371.1,6314.9,6316.4,36572
2015-11-22 22:00:00+00:00,6327.9,6335.5,6273.0,6293.3,33434
2015-11-23 22:00:00+00:00,6297.5,6320.2,6227.0,6314.0,44906
2015-11-24 22:00:00+00:00,6300.6,6355.8,6295.3,6346.1,28051
2015-11-25 22:00:00+00:00,6353.6,6409.5,6341.2,6393.6,17357
2015-11-26 22:00:00+00:00,6391.3,6398.7,6352.7,6382.5,25042
2015-11-29 22:00:00+00:00,6372.0,6396.0,6336.1,6361.5,29725
2015-11-30 22:00:00+00:00,6388.7,6431.7,6372.8,6431.4,32893
2015-12-01 22:00:00+00:00,6423.8,6455.4,6379.6,6388.6,37474
2015-12-02 22:00:00+00:00,6401.2,6452.1,6204.0,6225.8,77324
2015-12-03 22:00:00+00:00,6238.5,6300.2,6223.2,6293.6,55901
2015-12-06 22:00:00+00:00,6282.7,6292.5,6212.2,6239.2,42675
2015-12-07 22:00:00+00:00,6248.4,6251.6,6122.6,6146.0,53542
2015-12-08 22:00:00+00:00,6148.2,6178.3,6051.2,6089.4,62251
2015-12-09 22:00:00+00:00,6085.0,6129.5,6069.8,6075.0,48033
2015-12-10 22:00:00+00:00,6083.8,6089.2,5920.6,5930.4,63813
2015-12-13 22:00:00+00:00,5935.7,6011.8,5863.7,5947.3,64155
2015-12-14 22:00:00+00:00,5950.6,6039.2,5916.0,6013.4,30655
2015-12-15 22:00:00+00:00,6013.4,6152.8,6013.4,6136.3,37709
2015-12-16 22:00:00+00:00,6127.2,6170.4,6100.4,6101.5,32392
2015-12-17 22:00:00+00:00,6071.7,6107.9,6003.2,6005.0,52382
2015-12-20 22:00:00+00:00,6007.2,6113.6,5993.4,6050.9,37909
2015-12-21 22:00:00+00:00,6071.0,6129.2,6026.4,6124.5,38386
2015-12-22 22:00:00+00:00,6124.5,6267.0,6117.6,6260.8,27865
2015-12-23 22:00:00+00:00,6260.4,6266.6,6232.2,6259.1,5506
2015-12-28 22:00:00+00:00,6241.4,6321.8,6238.9,6302.9,22516
2015-12-29 22:00:00+00:00,6305.0,6305.6,6248.2,6252.5,21301
2015-12-30 22:00:00+00:00,6252.5,6263.7,6226.2,6249.4,4729
2016-01-03 22:00:00+00:00,6218.2,6235.0,6056.2,6126.3,59569
2016-01-04 22:00:00+00:00,6140.0,6158.8,6066.1,6142.6,47472
2016-01-05 22:00:00+00:00,6140.0,6140.3,5998.6,6036.4,56857
2016-01-06 22:00:00+00:00,6045.1,6054.2,5861.2,5874.4,77979
2016-01-07 22:00:00+00:00,5876.8,5997.8,5861.8,5871.2,76789
2016-01-10 22:00:00+00:00,5838.0,5924.9,5823.7,5888.6,68548
2016-01-11 22:00:00+00:00,5900.2,5969.6,5840.8,5932.8,65259
2016-01-12 22:00:00+00:00,5935.4,5992.4,5815.1,5836.4,62688
2016-01-13 22:00:00+00:00,5827.0,5982.5,5806.0,5952.0,76827
2016-01-14 22:00:00+00:00,5945.4,5945.7,5714.8,5761.0,93032
2016-01-17 22:00:00+00:00,5761.0,5830.3,5741.3,5751.8,48770
2016-01-18 22:00:00+00:00,5780.0,5892.5,5768.8,5823.5,75704
2016-01-19 22:00:00+00:00,5804.3,5818.4,5574.2,5704.8,97862
2016-01-20 22:00:00+00:00,5732.4,5798.9,5632.2,5755.1,108420
2016-01-21 22:00:00+00:00,5753.8,5929.2,5734.8,5905.8,68134
2016-01-24 22:00:00+00:00,5899.8,5931.7,5807.6,5809.8,67528
2016-01-25 22:00:00+00:00,5808.4,5915.8,5743.2,5908.7,67346
2016-01-26 22:00:00+00:00,5890.0,6001.7,5843.8,5903.2,70642
2016-01-27 22:00:00+00:00,5895.0,5995.2,5861.1,5922.2,87552
2016-01-28 22:00:00+00:00,5905.5,6103.0,5888.2,6095.9,74751
2016-01-31 22:00:00+00:00,6083.7,6094.6,5963.6,6033.5,67498
2016-02-01 22:00:00+00:00,6010.3,6022.6,5837.7,5858.0,63971
2016-02-02 22:00:00+00:00,5847.2,5892.7,5757.8,5859.0,89020
2016-02-03 22:00:00+00:00,5868.0,5918.2,5801.0,5879.6,88553
2016-02-04 22:00:00+00:00,5863.4,5917.2,5791.5,5810.8,86888
2016-02-07 22:00:00+00:00,5810.8,5857.9,5625.3,5682.8,94120
2016-02-08 22:00:00+00:00,5667.9,5708.3,5561.0,5621.3,100381
2016-02-09 22:00:00+00:00,5614.0,5680.2,5580.6,5596.7,93646
2016-02-10 22:00:00+00:00,5562.5,5601.6,5466.0,5542.0,104649
2016-02-11 22:00:00+00:00,5550.8,5700.0,5530.5,5698.2,74462
2016-02-14 22:00:00+00:00,5662.2,5812.5,5662.2,5776.7,25202
2016-02-15 22:00:00+00:00,5804.7,5866.5,5777.9,5860.2,81831
2016-02-16 22:00:00+00:00,5884.8,6021.4,5830.6,6001.8,63353
2016-02-17 22:00:00+00:00,6011.6,6021.1,5935.6,5949.6,65505
2016-02-18 22:00:00+00:00,5950.0,5989.9,5902.5,5930.5,66942
2016-02-21 22:00:00+00:00,5938.8,6051.8,5938.4,6018.4,50068
2016-02-22 22:00:00+00:00,6001.0,6009.6,5935.4,5937.6,59370
2016-02-23 22:00:00+00:00,5926.8,5947.5,5826.6,5933.8,77623
2016-02-24 22:00:00+00:00,5948.5,6037.8,5902.2,6036.5,75080
2016-02-25 22:00:00+00:00,6045.9,6105.2,6031.8,6065.2,65347
2016-02-28 22:00:00+00:00,6075.3,6093.5,6020.0,6038.0,72749
2016-02-29 22:00:00+00:00,6031.0,6170.2,6019.7,6158.5,67552
2016-03-01 22:00:00+00:00,6162.4,6198.0,6083.8,6138.6,64334
2016-03-02 22:00:00+00:00,6134.0,6171.2,6103.6,6149.7,49486
2016-03-03 22:00:00+00:00,6150.9,6216.4,6145.6,6180.6,70127
2016-03-06 22:00:00+00:00,6167.4,6209.6,6118.8,6167.5,59158
2016-03-07 22:00:00+00:00,6160.2,6168.8,6093.5,6107.6,69683
2016-03-08 22:00:00+00:00,6118.0,6169.1,6110.0,6139.3,62745
2016-03-09 22:00:00+00:00,6141.8,6201.9,6003.8,6059.6,103931
2016-03-10 22:00:00+00:00,6062.2,6159.9,6058.2,6159.6,69684
2016-03-13 21:00:00+00:00,6146.0,6194.0,6135.6,6166.2,43247
2016-03-14 21:00:00+00:00,6162.8,6164.0,6108.9,6154.4,41077
2016-03-15 21:00:00+00:00,6171.4,6189.8,6130.4,6184.9,43631
2016-03-16 21:00:00+00:00,6206.1,6233.4,6127.0,6206.4,40094
2016-03-17 21:00:00+00:00,6198.6,6241.2,6173.3,6183.6,50640
2016-03-20 21:00:00+00:00,6171.2,6216.3,6151.2,6192.0,46863
2016-03-21 21:00:00+00:00,6188.6,6199.0,6107.1,6186.0,58723
2016-03-22 21:00:00+00:00,6179.3,6216.4,6158.8,6168.6,49640
2016-03-23 21:00:00+00:00,6162.9,6172.0,6088.8,6146.4,45892
2016-03-28 21:00:00+00:00,6122.0,6156.4,6065.7,6140.7,48729
2016-03-29 21:00:00+00:00,6147.9,6219.5,6141.2,6195.5,37567
2016-03-30 21:00:00+00:00,6198.4,6198.8,6146.9,6154.4,39406
2016-03-31 21:00:00+00:00,6154.5,6165.6,6071.2,6153.4,56175
2016-04-03 21:00:00+00:00,6139.0,6198.2,6122.3,6158.4,44634
2016-04-04 21:00:00+00:00,6143.2,6150.2,6053.3,6065.1,54808
2016-04-05 21:00:00+00:00,6085.9,6179.9,6085.7,6177.4,51958
2016-04-06 21:00:00+00:00,6176.2,6204.3,6105.8,6118.7,53443
2016-04-07 21:00:00+00:00,6111.8,6215.7,6110.0,6190.8,45164
2016-04-10 21:00:00+00:00,6194.0,6227.0,6159.3,6173.3,50874
2016-04-11 21:00:00+00:00,6171.7,6258.8,6166.1,6250.0,52491
2016-04-12 21:00:00+00:00,6258.8,6370.4,6252.8,6361.9,46005
2016-04-13 21:00:00+00:00,6368.5,6376.0,6334.2,6359.2,43696
2016-04-14 21:00:00+00:00,6358.0,6373.1,6326.8,6328.1,34758
2016-04-17 21:00:00+00:00,6305.9,6354.0,6256.6,6347.8,42411
2016-04-18 21:00:00+00:00,6344.2,6413.7,6333.4,6402.7,41345
2016-04-19 21:00:00+00:00,6391.2,6425.5,6359.0,6403.5,45009
2016-04-20 21:00:00+00:00,6405.6,6428.6,6340.9,6355.2,57881
2016-04-21 21:00:00+00:00,6339.2,6364.0,6280.4,6312.4,51002
2016-04-24 21:00:00+00:00,6310.4,6315.7,6238.0,6264.2,43667
2016-04-25 21:00:00+00:00,6267.2,6288.0,6255.6,6282.2,43047
2016-04-26 21:00:00+00:00,6276.1,6332.8,6242.2,6316.2,46804
2016-04-27 21:00:00+00:00,6320.0,6331.0,6215.9,6254.6,48121
2016-04-28 21:00:00+00:00,6270.6,6285.3,6222.5,6241.8,56153
2016-05-02 21:00:00+00:00,6286.0,6287.0,6146.0,6177.8,54291
2016-05-03 21:00:00+00:00,6185.5,6193.3,6085.0,6105.8,49232
2016-05-04 21:00:00+00:00,6114.3,6146.0,6091.0,6107.4,39560
2016-05-05 21:00:00+00:00,6111.5,6149.1,6044.2,6140.0,53318
2016-05-08 21:00:00+00:00,6156.1,6168.3,6095.8,6111.2,39827
2016-05-09 21:00:00+00:00,6106.4,6171.0,6098.8,6156.0,43692
2016-05-10 21:00:00+00:00,6153.6,6161.8,6118.7,6132.2,40656
2016-05-11 21:00:00+00:00,6126.8,6189.8,6083.0,6110.7,46819
2016-05-12 21:00:00+00:00,6118.8,6136.2,6051.6,6088.2,57009
2016-05-15 21:00:00+00:00,6079.6,6168.6,6079.6,6162.8,28094
2016-05-16 21:00:00+00:00,6158.4,6208.4,6120.2,6130.0,46718
2016-05-17 21:00:00+00:00,6130.6,6162.2,6101.0,6132.6,58728
2016-05-18 21:00:00+00:00,6135.2,6141.8,6052.8,6090.2,54970
2016-05-19 21:00:00+00:00,6099.5,6163.4,6094.1,6153.4,42147
2016-05-22 21:00:00+00:00,6162.2,6176.0,6123.6,6134.0,42568
2016-05-23 21:00:00+00:00,6139.6,6244.0,6109.0,6236.1,33710
2016-05-24 21:00:00+00:00,6253.6,6280.0,6246.2,6274.0,35096
2016-05-25 21:00:00+00:00,6268.9,6284.1,6246.2,6261.7,32778
2016-05-26 21:00:00+00:00,6271.4,6278.9,6251.2,6267.8,27200
2016-05-30 21:00:00+00:00,6271.3,6290.1,6206.1,6224.8,33030
2016-05-31 21:00:00+00:00,6224.8,6233.4,6146.8,6204.6,38022
2016-06-01 21:00:00+00:00,6204.8,6223.2,6173.8,6219.6,37204
2016-06-02 21:00:00+00:00,6224.6,6254.4,6168.5,6232.0,43500
2016-06-05 21:00:00+00:00,6226.4,6301.6,6223.2,6270.6,36977
2016-06-06 21:00:00+00:00,6266.6,6322.1,6262.6,6264.4,29774
2016-06-07 21:00:00+00:00,6261.0,6305.5,6255.9,6294.2,29650
2016-06-08 21:00:00+00:00,6293.2,6303.6,6223.0,6235.0,36256
2016-06-09 21:00:00+00:00,6230.9,6236.2,6081.9,6104.8,42754
2016-06-12 21:00:00+00:00,6093.0,6105.6,6017.7,6034.7,54264
2016-06-13 21:00:00+00:00,6030.7,6044.4,5907.0,5941.8,53602
2016-06-14 21:00:00+00:00,5930.7,6008.2,5924.0,5947.2,46037
2016-06-15 21:00:00+00:00,5961.2,5996.0,5894.9,5989.8,46825
2016-06-16 21:00:00+00:00,5984.3,6056.3,5970.3,6051.6,45308
2016-06-19 21:00:00+00:00,6124.6,6238.8,6124.6,6160.6,40600
2016-06-20 21:00:00+00:00,6165.4,6283.3,6155.5,6245.0,45028
2016-06-21 21:00:00+00:00,6234.4,6320.8,6223.3,6255.3,49708
2016-06-22 21:00:00+00:00,6312.8,6389.6,6277.8,6347.0,59332
2016-06-23 21:00:00+00:00,6235.8,6260.5,5730.3,6054.8,128414
2016-06-26 21:00:00+00:00,5981.0,6127.0,5879.8,6007.3,37614
2016-06-27 21:00:00+00:00,6016.3,6198.8,5978.5,6197.6,57327
2016-06-28 21:00:00+00:00,6195.1,6376.8,6158.0,6344.0,57543
2016-06-29 21:00:00+00:00,6348.2,6583.3,6307.8,6558.6,73037
2016-06-30 21:00:00+00:00,6552.2,6616.1,6499.8,6585.0,56994
2016-07-03 21:00:00+00:00,6577.8,6629.2,6514.3,6550.6,28462
2016-07-04 21:00:00+00:00,6558.8,6564.8,6473.5,6549.8,55352
2016-07-05 21:00:00+00:00,6542.1,6581.5,6430.6,6544.3,65861
2016-07-06 21:00:00+00:00,6531.1,6580.8,6505.0,6535.3,48107
2016-07-07 21:00:00+00:00,6527.3,6607.3,6514.0,6594.6,46989
2016-07-10 21:00:00+00:00,6599.6,6697.2,6592.8,6668.8,17626
2016-07-11 21:00:00+00:00,6661.8,6704.8,6660.6,6668.2,15130
2016-07-12 21:00:00+00:00,6673.6,6718.2,6647.8,6683.2,16931
2016-07-13 21:00:00+00:00,6682.8,6744.8,6647.2,6661.6,20415
2016-07-14 21:00:00+00:00,6650.6,6678.2,6610.6,6665.0,17096
2016-07-17 21:00:00+00:00,6666.6,6715.6,6663.2,6691.8,38237
2016-07-18 21:00:00+00:00,6692.7,6710.8,6658.8,6703.3,38950
2016-07-19 21:00:00+00:00,6699.6,6736.8,6689.3,6702.8,32037
2016-07-20 21:00:00+00:00,6701.2,6731.0,6675.8,6686.3,39087
2016-07-21 21:00:00+00:00,6688.0,6736.6,6661.0,6728.3,36868
2016-07-24 21:00:00+00:00,6728.8,6755.0,6689.0,6708.0,33825
2016-07-25 21:00:00+00:00,6711.6,6744.0,6698.6,6728.4,33132
2016-07-26 21:00:00+00:00,6737.0,6777.8,6727.3,6733.3,33175
2016-07-27 21:00:00+00:00,6739.8,6762.8,6710.3,6735.0,38205
2016-07-28 21:00:00+00:00,6742.3,6742.8,6689.8,6731.8,40191
2016-07-31 21:00:00+00:00,6736.8,6769.3,6664.6,6672.6,31851
2016-08-01 21:00:00+00:00,6678.0,6694.6,6629.3,6657.8,38320
2016-08-02 21:00:00+00:00,6658.8,6675.1,6614.6,6643.6,35732
2016-08-03 21:00:00+00:00,6655.6,6758.6,6615.8,6758.0,41031
2016-08-04 21:00:00+00:00,6753.6,6803.8,6736.3,6789.3,35672
2016-08-07 21:00:00+00:00,6795.8,6829.8,6781.6,6815.0,21009
2016-08-08 21:00:00+00:00,6817.3,6863.8,6808.3,6833.3,19412
2016-08-09 21:00:00+00:00,6838.3,6866.8,6816.8,6848.0,21779
2016-08-10 21:00:00+00:00,6853.0,6943.8,6840.8,6931.3,27772
2016-08-11 21:00:00+00:00,6930.6,6953.3,6917.3,6930.8,23600
2016-08-14 21:00:00+00:00,6936.8,6973.1,6926.8,6958.6,19596
2016-08-15 21:00:00+00:00,6948.6,6954.8,6900.3,6904.8,25762
2016-08-16 21:00:00+00:00,6909.6,6931.3,6856.4,6899.8,27297
2016-08-17 21:00:00+00:00,6899.3,6909.6,6856.3,6883.0,23176
2016-08-18 21:00:00+00:00,6885.3,6885.3,6845.3,6867.6,25983
2016-08-21 21:00:00+00:00,6873.4,6889.8,6815.0,6844.8,32632
2016-08-22 21:00:00+00:00,6848.6,6888.8,6842.8,6861.0,26898
2016-08-23 21:00:00+00:00,6863.6,6870.3,6813.9,6818.8,31115
2016-08-24 21:00:00+00:00,6826.6,6832.3,6781.5,6812.3,33600
2016-08-25 21:00:00+00:00,6822.9,6861.6,6773.0,6801.8,39111
2016-08-29 21:00:00+00:00,6841.9,6854.6,6809.3,6824.0,27659
2016-08-30 21:00:00+00:00,6825.6,6833.8,6764.3,6790.6,32660
2016-08-31 21:00:00+00:00,6788.3,6828.8,6723.3,6776.6,38246
2016-09-01 21:00:00+00:00,6770.3,6930.8,6754.8,6898.8,43008
2016-09-04 21:00:00+00:00,6891.6,6925.8,6867.8,6884.3,25247
2016-09-05 21:00:00+00:00,6887.3,6898.8,6817.3,6831.8,29658
2016-09-06 21:00:00+00:00,6839.3,6855.3,6813.5,6838.0,30057
2016-09-07 21:00:00+00:00,6840.2,6890.3,6818.8,6861.8,43531
2016-09-08 21:00:00+00:00,6853.8,6860.3,6734.2,6735.5,45107
2016-09-11 21:00:00+00:00,6712.0,6764.3,6655.0,6763.3,56979
2016-09-12 21:00:00+00:00,6754.6,6757.3,6646.8,6665.0,56865
2016-09-13 21:00:00+00:00,6678.8,6721.6,6655.3,6666.0,37443
2016-09-14 21:00:00+00:00,6670.0,6750.8,6641.6,6743.8,36244
2016-09-15 21:00:00+00:00,6725.6,6748.8,6693.0,6740.8,50176
2016-09-18 21:00:00+00:00,6763.2,6819.0,6756.0,6793.3,34867
2016-09-19 21:00:00+00:00,6785.6,6870.8,6785.6,6824.8,35127
2016-09-20 21:00:00+00:00,6826.3,6880.8,6818.6,6869.3,43284
2016-09-21 21:00:00+00:00,6870.2,6939.3,6862.5,6912.8,34818
2016-09-22 21:00:00+00:00,6902.0,6920.3,6883.8,6893.8,32101
2016-09-25 21:00:00+00:00,6902.3,6906.3,6803.8,6819.8,35272
2016-09-26 21:00:00+00:00,6819.1,6869.8,6767.2,6824.1,41740
2016-09-27 21:00:00+00:00,6820.8,6904.3,6803.3,6904.3,45310
2016-09-28 21:00:00+00:00,6900.9,6941.8,6850.9,6865.0,49861
2016-09-29 21:00:00+00:00,6865.8,6922.3,6808.8,6907.6,55168
2016-10-02 21:00:00+00:00,6906.8,6996.8,6896.5,6967.3,28467
2016-10-03 21:00:00+00:00,6971.0,7127.3,6968.3,7051.0,55124
2016-10-04 21:00:00+00:00,7045.2,7079.0,7020.8,7037.0,36724
2016-10-05 21:00:00+00:00,7036.0,7058.0,6998.0,7030.6,39811
2016-10-06 21:00:00+00:00,7040.8,7078.0,7011.8,7059.6,57858
2016-10-09 21:00:00+00:00,7061.0,7103.3,7021.3,7095.3,35056
2016-10-10 21:00:00+00:00,7103.0,7128.6,7052.3,7073.8,41259
2016-10-11 21:00:00+00:00,7079.0,7083.6,7012.8,7040.3,37931
2016-10-12 21:00:00+00:00,7033.3,7034.0,6927.4,6994.0,46729
2016-10-13 21:00:00+00:00,6991.3,7054.8,6982.6,7014.8,39943
2016-10-16 21:00:00+00:00,7007.8,7014.6,6934.5,6949.3,37172
2016-10-17 21:00:00+00:00,6949.6,7032.8,6946.5,7006.6,34599
2016-10-18 21:00:00+00:00,7004.6,7032.8,6973.8,7019.3,27793
2016-10-19 21:00:00+00:00,7022.6,7051.3,7003.8,7036.3,39620
2016-10-20 21:00:00+00:00,7040.5,7061.3,7012.1,7037.8,33266
2016-10-23 21:00:00+00:00,7039.8,7067.8,6979.8,6995.8,28769
2016-10-24 21:00:00+00:00,6998.8,7066.8,6997.8,7009.8,30534
2016-10-25 21:00:00+00:00,7000.0,7002.8,6912.8,6939.6,41755
2016-10-26 21:00:00+00:00,6935.3,7010.3,6909.2,6978.6,47487
2016-10-27 21:00:00+00:00,6977.6,7006.8,6923.6,6957.0,50492
2016-10-30 21:00:00+00:00,6951.8,6985.5,6929.3,6938.8,29646
2016-10-31 21:00:00+00:00,6933.8,6991.8,6878.5,6902.0,46220
2016-11-01 21:00:00+00:00,6905.4,6906.3,6824.6,6839.3,46514
2016-11-02 21:00:00+00:00,6851.6,6872.3,6748.3,6758.6,45974
2016-11-03 21:00:00+00:00,6759.0,6773.2,6653.6,6660.6,43858
2016-11-06 22:00:00+00:00,6709.3,6809.3,6709.3,6809.0,30389
2016-11-07 22:00:00+00:00,6810.8,6870.6,6787.4,6857.8,34057
2016-11-08 22:00:00+00:00,6889.2,6945.6,6512.6,6922.0,133212
2016-11-09 22:00:00+00:00,6927.0,7006.0,6803.3,6838.2,82809
2016-11-10 22:00:00+00:00,6839.0,6858.8,6710.3,6738.3,61564
2016-11-13 22:00:00+00:00,6773.3,6816.3,6732.3,6771.8,61800
2016-11-14 22:00:00+00:00,6774.6,6821.6,6765.2,6821.6,48177
2016-11-15 22:00:00+00:00,6829.8,6835.3,6733.0,6753.0,44820
2016-11-16 22:00:00+00:00,6752.6,6806.3,6743.8,6806.3,36921
2016-11-17 22:00:00+00:00,6801.6,6812.0,6738.8,6768.6,43383
2016-11-20 22:00:00+00:00,6784.0,6821.8,6752.3,6793.0,36016
2016-11-21 22:00:00+00:00,6798.0,6852.3,6793.6,6847.3,31855
2016-11-22 22:00:00+00:00,6852.2,6881.0,6777.6,6831.8,39498
2016-11-23 22:00:00+00:00,6826.8,6843.8,6795.8,6826.8,23914
2016-11-24 22:00:00+00:00,6829.7,6858.8,6822.8,6844.6,20372
2016-11-27 22:00:00+00:00,6833.3,6848.2,6771.3,6786.8,37745
2016-11-28 22:00:00+00:00,6788.8,6804.0,6731.8,6776.3,35078
2016-11-29 22:00:00+00:00,6770.2,6850.3,6761.3,6777.8,52110
2016-11-30 22:00:00+00:00,6779.4,6795.0,6690.0,6731.0,52822
2016-12-01 22:00:00+00:00,6727.0,6748.0,6680.0,6721.5,40075
2016-12-04 22:00:00+00:00,6696.6,6802.0,6685.2,6756.4,57843
2016-12-05 22:00:00+00:00,6748.1,6815.6,6723.0,6808.0,35088
2016-12-06 22:00:00+00:00,6804.8,6941.0,6798.0,6926.6,36131
2016-12-07 22:00:00+00:00,6922.0,6951.8,6893.0,6931.6,48206
2016-12-08 22:00:00+00:00,6933.0,6979.0,6929.3,6976.8,32041
2016-12-11 22:00:00+00:00,6989.8,6996.5,6870.3,6881.8,35281
2016-12-12 22:00:00+00:00,6882.0,6981.8,6872.8,6972.3,27497
2016-12-13 22:00:00+00:00,6966.8,6988.6,6928.9,6939.0,32643
2016-12-14 22:00:00+00:00,6946.0,7013.6,6928.8,7004.6,35666
2016-12-15 22:00:00+00:00,7004.6,7040.3,6983.6,7002.6,33582
2016-12-18 22:00:00+00:00,7013.8,7032.3,6983.8,6999.8,22765
2016-12-19 22:00:00+00:00,7011.5,7044.8,6991.3,7030.5,24710
2016-12-20 22:00:00+00:00,7032.8,7054.2,7022.2,7032.8,20388
2016-12-21 22:00:00+00:00,7026.1,7060.3,7015.8,7037.6,19295
2016-12-22 22:00:00+00:00,7046.8,7068.0,7046.3,7064.6,7228
2016-12-27 22:00:00+00:00,7064.8,7107.3,7063.8,7075.6,19799
2016-12-28 22:00:00+00:00,7075.0,7122.3,7072.3,7097.3,21802
2016-12-29 22:00:00+00:00,7095.6,7136.8,7085.4,7106.6,11797
2017-01-02 22:00:00+00:00,7125.8,7204.0,7125.8,7182.3,34662
2017-01-03 22:00:00+00:00,7188.0,7197.8,7163.8,7196.0,26588
2017-01-04 22:00:00+00:00,7187.6,7207.8,7167.3,7192.3,31575
2017-01-05 22:00:00+00:00,7190.6,7223.3,7175.6,7217.6,26367
2017-01-08 22:00:00+00:00,7223.3,7239.4,7201.8,7232.0,21895
2017-01-09 22:00:00+00:00,7225.6,7280.8,7219.6,7262.0,22165
2017-01-10 22:00:00+00:00,7262.3,7327.3,7251.4,7299.0,38478
2017-01-11 22:00:00+00:00,7296.6,7329.3,7262.3,7325.3,32027
2017-01-12 22:00:00+00:00,7323.3,7340.8,7305.5,7332.0,26528
2017-01-15 22:00:00+00:00,7337.8,7358.3,7318.8,7326.8,19579
2017-01-16 22:00:00+00:00,7315.3,7323.8,7216.3,7227.3,35601
2017-01-17 22:00:00+00:00,7214.6,7256.0,7213.6,7255.6,24944
2017-01-18 22:00:00+00:00,7255.6,7260.8,7190.8,7203.6,29245
2017-01-19 22:00:00+00:00,7217.3,7223.3,7178.1,7197.0,35339
2017-01-22 22:00:00+00:00,7176.6,7183.6,7130.8,7174.8,30173
2017-01-23 22:00:00+00:00,7173.0,7186.6,7144.5,7174.6,28860
2017-01-24 22:00:00+00:00,7175.3,7206.3,7152.3,7175.8,27325
2017-01-25 22:00:00+00:00,7173.8,7191.8,7149.8,7160.8,23149
2017-01-26 22:00:00+00:00,7157.4,7185.8,7149.8,7173.8,22710
2017-01-29 22:00:00+00:00,7154.6,7158.8,7103.8,7137.6,27104
2017-01-30 22:00:00+00:00,7129.3,7162.3,7095.5,7129.3,32639
2017-01-31 22:00:00+00:00,7134.3,7169.3,7097.5,7115.3,30598
2017-02-01 22:00:00+00:00,7105.3,7161.8,7089.6,7154.3,34058
2017-02-02 22:00:00+00:00,7152.8,7198.8,7125.8,7186.0,25603
2017-02-05 22:00:00+00:00,7176.2,7204.8,7158.8,7172.6,27103
2017-02-06 22:00:00+00:00,7166.6,7221.3,7156.0,7174.8,27101
2017-02-07 22:00:00+00:00,7169.6,7189.0,7138.3,7182.0,28373
2017-02-08 22:00:00+00:00,7181.6,7234.3,7176.0,7229.0,25957
2017-02-09 22:00:00+00:00,7227.4,7266.4,7226.3,7257.8,26276
2017-02-12 22:00:00+00:00,7265.8,7289.8,7247.8,7273.6,21087
2017-02-13 22:00:00+00:00,7271.8,7284.2,7241.2,7278.0,23534
2017-02-14 22:00:00+00:00,7278.0,7314.8,7276.6,7311.3,24174
2017-02-15 22:00:00+00:00,7311.5,7318.6,7265.0,7285.3,27967
2017-02-16 22:00:00+00:00,7279.6,7314.2,7251.3,7308.8,32140
2017-02-19 22:00:00+00:00,7309.2,7321.3,7279.8,7297.3,17388
2017-02-20 22:00:00+00:00,7296.8,7300.8,7267.0,7286.6,25892
2017-02-21 22:00:00+00:00,7289.6,7310.6,7269.5,7305.3,29048
2017-02-22 22:00:00+00:00,7304.6,7319.8,7271.8,7282.3,26473
2017-02-23 22:00:00+00:00,7287.1,7287.1,7198.5,7277.8,30652
2017-02-26 22:00:00+00:00,7272.6,7292.6,7243.3,7280.0,25069
2017-02-27 22:00:00+00:00,7276.8,7288.8,7249.0,7276.3,23783
2017-02-28 22:00:00+00:00,7281.0,7399.3,7278.8,7388.0,29847
2017-03-01 22:00:00+00:00,7376.6,7395.8,7373.3,7383.6,23766
2017-03-02 22:00:00+00:00,7376.3,7385.8,7351.8,7370.3,25538
2017-03-05 22:00:00+00:00,7350.3,7367.8,7339.0,7365.6,19948
2017-03-06 22:00:00+00:00,7362.6,7370.3,7329.0,7331.3,17792
2017-03-07 22:00:00+00:00,7323.6,7351.3,7310.3,7314.6,27092
2017-03-08 22:00:00+00:00,7320.8,7324.6,7263.0,7315.8,28912
2017-03-09 22:00:00+00:00,7336.8,7372.3,7331.0,7350.8,30582
2017-03-12 21:00:00+00:00,7339.8,7375.3,7337.9,7372.6,21332
2017-03-13 21:00:00+00:00,7368.3,7387.3,7335.8,7359.8,26496
2017-03-14 21:00:00+00:00,7360.3,7393.1,7353.0,7390.1,31777
2017-03-15 21:00:00+00:00,7394.0,7444.8,7392.7,7416.6,29325
2017-03-16 21:00:00+00:00,7411.6,7450.3,7400.9,7428.8,21360
2017-03-19 21:00:00+00:00,7415.8,7435.3,7402.8,7420.3,18287
2017-03-20 21:00:00+00:00,7422.4,7441.3,7343.0,7350.3,37959
2017-03-21 21:00:00+00:00,7336.1,7345.3,7301.8,7328.0,34158
2017-03-22 21:00:00+00:00,7341.0,7347.0,7306.8,7328.8,30653
2017-03-23 21:00:00+00:00,7353.8,7354.3,7309.2,7334.8,28921
2017-03-26 21:00:00+00:00,7299.7,7310.3,7253.3,7302.3,29008
2017-03-27 21:00:00+00:00,7312.8,7364.6,7284.0,7363.6,22948
2017-03-28 21:00:00+00:00,7356.0,7380.8,7309.1,7376.8,23877
2017-03-29 21:00:00+00:00,7378.0,7388.3,7338.6,7364.8,20535
2017-03-30 21:00:00+00:00,7361.3,7361.3,7320.3,7335.8,20499
2017-04-02 21:00:00+00:00,7335.6,7352.3,7260.8,7311.8,23346
2017-04-03 21:00:00+00:00,7310.3,7340.3,7291.3,7339.6,20793
2017-04-04 21:00:00+00:00,7347.3,7360.8,7291.6,7299.8,27315
2017-04-05 21:00:00+00:00,7281.0,7323.3,7260.0,7305.8,28340
2017-04-06 21:00:00+00:00,7308.0,7357.8,7266.4,7353.6,32557
2017-04-09 21:00:00+00:00,7357.4,7361.8,7335.0,7347.8,21114
2017-04-10 21:00:00+00:00,7344.6,7407.3,7329.6,7382.3,33833
2017-04-11 21:00:00+00:00,7382.8,7401.8,7336.3,7337.3,30025
2017-04-12 21:00:00+00:00,7334.0,7350.0,7297.0,7305.8,26239
2017-04-17 21:00:00+00:00,7342.3,7344.8,7110.4,7131.6,39398
2017-04-18 21:00:00+00:00,7116.6,7150.3,7090.3,7100.3,28592
2017-04-19 21:00:00+00:00,7107.3,7127.8,7096.8,7114.8,27043
2017-04-20 21:00:00+00:00,7120.0,7135.3,7103.8,7115.8,26209
2017-04-23 21:00:00+00:00,7166.8,7280.3,7144.0,7266.3,32549
2017-04-24 21:00:00+00:00,7256.9,7290.3,7256.3,7278.0,20234
2017-04-25 21:00:00+00:00,7268.8,7300.6,7258.8,7261.0,22658
2017-04-26 21:00:00+00:00,7263.6,7268.1,7223.0,7246.8,18574
2017-04-27 21:00:00+00:00,7240.8,7246.8,7193.6,7197.3,19450
2017-05-01 21:00:00+00:00,7217.8,7262.8,7210.3,7254.3,18121
2017-05-02 21:00:00+00:00,7253.3,7254.8,7216.3,7248.6,18425
2017-05-03 21:00:00+00:00,7253.8,7281.2,7225.0,7259.6,21554
2017-05-04 21:00:00+00:00,7257.8,7313.0,7225.0,7312.8,20856
2017-05-07 21:00:00+00:00,7315.8,7334.0,7283.3,7310.0,20526
2017-05-08 21:00:00+00:00,7307.2,7357.8,7298.3,7344.6,17375
2017-05-09 21:00:00+00:00,7318.6,7392.6,7317.6,7383.3,17276
2017-05-10 21:00:00+00:00,7381.3,7404.8,7371.5,7399.3,23451
2017-05-11 21:00:00+00:00,7399.8,7440.8,7387.3,7440.3,18119
2017-05-14 21:00:00+00:00,7438.3,7464.8,7434.0,7464.8,16938
2017-05-15 21:00:00+00:00,7461.0,7528.8,7445.8,7515.0,18680
2017-05-16 21:00:00+00:00,7488.8,7525.8,7444.4,7445.6,29841
2017-05-17 21:00:00+00:00,7452.3,7493.8,7397.6,7475.0,42975
2017-05-18 21:00:00+00:00,7475.0,7491.0,7458.0,7491.0,21623
2017-05-21 21:00:00+00:00,7493.8,7519.3,7485.5,7510.6,18708
2017-05-22 21:00:00+00:00,7495.3,7523.8,7480.5,7507.3,21018
2017-05-23 21:00:00+00:00,7504.0,7523.2,7476.3,7520.0,16363
2017-05-24 21:00:00+00:00,7525.8,7542.6,7495.5,7522.8,22285
2017-05-25 21:00:00+00:00,7517.0,7553.3,7508.8,7545.6,19067
2017-05-29 21:00:00+00:00,7551.0,7551.0,7495.6,7526.8,19230
2017-05-30 21:00:00+00:00,7528.9,7585.8,7511.8,7527.3,25723
2017-05-31 21:00:00+00:00,7533.9,7574.3,7533.6,7572.8,20824
2017-06-01 21:00:00+00:00,7575.6,7599.8,7539.3,7566.8,24028
2017-06-04 21:00:00+00:00,7559.8,7563.8,7519.3,7545.8,11742
2017-06-05 21:00:00+00:00,7540.0,7540.0,7502.0,7523.8,19189
2017-06-06 21:00:00+00:00,7525.2,7555.3,7472.6,7492.5,21972
2017-06-07 21:00:00+00:00,7488.5,7501.3,7452.2,7472.8,24372
2017-06-08 21:00:00+00:00,7421.5,7549.0,7411.5,7511.0,35397
2017-06-11 21:00:00+00:00,7509.0,7540.3,7477.8,7521.2,26491
2017-06-12 21:00:00+00:00,7528.2,7550.8,7490.0,7500.5,19566
2017-06-13 21:00:00+00:00,7497.5,7545.3,7460.8,7490.5,27636
2017-06-14 21:00:00+00:00,7477.5,7485.9,7377.0,7433.5,23621
2017-06-15 21:00:00+00:00,7428.2,7499.6,7426.8,7489.0,22032
2017-06-18 21:00:00+00:00,7496.6,7539.8,7492.8,7531.0,17775
2017-06-19 21:00:00+00:00,7544.0,7559.8,7446.8,7470.9,21935
2017-06-20 21:00:00+00:00,7472.0,7472.5,7412.8,7447.8,27982
2017-06-21 21:00:00+00:00,7437.0,7460.2,7395.8,7426.5,20145
2017-06-22 21:00:00+00:00,7423.2,7441.6,7394.3,7429.8,20065
2017-06-25 21:00:00+00:00,7425.5,7480.8,7424.2,7451.8,19821
2017-06-26 21:00:00+00:00,7460.4,7460.5,7402.8,7406.5,28628
2017-06-27 21:00:00+00:00,7399.0,7444.8,7377.8,7411.8,33491
2017-06-28 21:00:00+00:00,7420.4,7454.2,7305.5,7332.5,34726
2017-06-29 21:00:00+00:00,7341.2,7377.3,7292.8,7326.2,30281
2017-07-02 21:00:00+00:00,7324.4,7384.3,7314.2,7357.5,21688
2017-07-03 21:00:00+00:00,7361.5,7379.8,7333.3,7349.8,17717
2017-07-04 21:00:00+00:00,7344.8,7383.8,7339.0,7376.5,28369
2017-07-05 21:00:00+00:00,7374.8,7378.5,7299.3,7319.8,29011
2017-07-06 21:00:00+00:00,7313.2,7367.8,7309.8,7362.2,23233
2017-07-09 21:00:00+00:00,7369.2,7388.0,7340.3,7369.0,17184
2017-07-10 21:00:00+00:00,7360.9,7383.5,7300.8,7355.5,21549
2017-07-11 21:00:00+00:00,7353.5,7438.8,7345.2,7416.0,25832
2017-07-12 21:00:00+00:00,7413.6,7428.2,7401.8,7420.0,18262
2017-07-13 21:00:00+00:00,7417.8,7429.0,7357.8,7386.5,18645
2017-07-16 21:00:00+00:00,7381.6,7426.6,7378.2,7394.6,17700
2017-07-17 21:00:00+00:00,7400.8,7415.8,7352.3,7399.5,25183
2017-07-18 21:00:00+00:00,7403.2,7440.3,7373.3,7430.0,19221
2017-07-19 21:00:00+00:00,7434.6,7500.3,7429.8,7490.8,28295
2017-07-20 21:00:00+00:00,7487.2,7511.6,7427.8,7449.8,27336
2017-07-23 21:00:00+00:00,7451.5,7451.5,7350.8,7396.8,26944
2017-07-24 21:00:00+00:00,7385.8,7449.6,7383.2,7433.2,26281
2017-07-25 21:00:00+00:00,7439.2,7482.6,7429.2,7438.5,27808
2017-07-26 21:00:00+00:00,7445.0,7458.8,7399.2,7429.5,30731
2017-07-27 21:00:00+00:00,7418.0,7420.2,7334.8,7370.0,29263
2017-07-30 21:00:00+00:00,7358.6,7419.3,7350.5,7376.5,24692
2017-07-31 21:00:00+00:00,7377.0,7435.6,7375.6,7424.5,22389
2017-08-01 21:00:00+00:00,7436.5,7438.2,7382.8,7418.5,23891
2017-08-02 21:00:00+00:00,7415.5,7485.6,7382.6,7462.5,27221
2017-08-03 21:00:00+00:00,7463.2,7519.2,7457.9,7518.8,21767
2017-08-06 21:00:00+00:00,7520.8,7536.6,7514.0,7534.2,15313
2017-08-07 21:00:00+00:00,7534.8,7548.8,7501.6,7510.8,21586
2017-08-08 21:00:00+00:00,7503.5,7512.0,7466.6,7505.8,30709
2017-08-09 21:00:00+00:00,7509.5,7516.0,7381.6,7383.2,43911
2017-08-10 21:00:00+00:00,7377.0,7385.0,7319.8,7321.8,37760
2017-08-13 21:00:00+00:00,7341.6,7397.4,7333.2,7379.8,23139
2017-08-14 21:00:00+00:00,7389.1,7434.5,7370.5,7408.0,25153
2017-08-15 21:00:00+00:00,7407.4,7460.4,7402.2,7437.4,25999
2017-08-16 21:00:00+00:00,7431.7,7455.5,7369.0,7369.4,35838
2017-08-17 21:00:00+00:00,7356.7,7381.1,7322.0,7335.4,36482
2017-08-20 21:00:00+00:00,7343.1,7349.3,7311.3,7338.5,29535
2017-08-21 21:00:00+00:00,7341.8,7406.2,7341.8,7402.5,20782
2017-08-22 21:00:00+00:00,7409.8,7412.8,7367.8,7408.0,25865
2017-08-23 21:00:00+00:00,7408.0,7450.3,7390.2,7412.8,24884
2017-08-24 21:00:00+00:00,7420.4,7449.8,7405.2,7406.2,25849
2017-08-28 21:00:00+00:00,7378.1,7384.0,7296.3,7365.8,31448
2017-08-29 21:00:00+00:00,7371.8,7384.8,7351.8,7379.2,17747
2017-08-30 21:00:00+00:00,7385.9,7445.8,7377.8,7430.5,22331
2017-08-31 21:00:00+00:00,7436.2,7460.8,7422.5,7446.8,20018
2017-09-03 21:00:00+00:00,7420.0,7434.8,7398.7,7424.5,16617
2017-09-04 21:00:00+00:00,7427.5,7436.8,7330.6,7346.0,29066
2017-09-05 21:00:00+00:00,7339.5,7376.2,7314.9,7365.2,26781
2017-09-06 21:00:00+00:00,7354.2,7413.6,7347.5,7396.8,28799
2017-09-07 21:00:00+00:00,7392.5,7394.5,7356.8,7360.8,22213
2017-09-10 21:00:00+00:00,7388.2,7435.6,7385.2,7427.8,18297
2017-09-11 21:00:00+00:00,7431.7,7436.8,7386.3,7401.2,19318
2017-09-12 21:00:00+00:00,7402.5,7403.3,7335.3,7390.0,17013
2017-09-13 21:00:00+00:00,7386.5,7398.8,7284.8,7306.5,15505
2017-09-14 21:00:00+00:00,7291.0,7293.8,7193.3,7213.5,27312
2017-09-17 21:00:00+00:00,7212.0,7261.2,7210.5,7257.0,19547
2017-09-18 21:00:00+00:00,7262.0,7284.3,7239.8,7273.8,20088
2017-09-19 21:00:00+00:00,7270.5,7294.8,7246.3,7291.0,22436
2017-09-20 21:00:00+00:00,7290.2,7290.2,7250.8,7252.0,19587
2017-09-21 21:00:00+00:00,7253.5,7319.8,7231.2,7306.8,24933
2017-09-24 21:00:00+00:00,7307.0,7319.0,7268.3,7296.5,22923
2017-09-25 21:00:00+00:00,7303.5,7310.0,7269.8,7283.0,21359
2017-09-26 21:00:00+00:00,7275.8,7327.2,7269.8,7320.0,21785
2017-09-27 21:00:00+00:00,7319.5,7328.2,7286.8,7323.2,20231
2017-09-28 21:00:00+00:00,7318.5,7381.8,7318.2,7371.0,19815
2017-10-01 21:00:00+00:00,7388.6,7439.8,7374.8,7426.2,18438
2017-10-02 21:00:00+00:00,7430.5,7468.3,7423.3,7463.5,12899
2017-10-03 21:00:00+00:00,7462.8,7475.0,7452.2,7462.2,17838
2017-10-04 21:00:00+00:00,7470.2,7511.6,7464.1,7509.5,19087
2017-10-05 21:00:00+00:00,7510.8,7527.3,7510.2,7523.2,19953
2017-10-06 21:00:00+00:00,7523.2,7523.2,7523.2,7523.2,1
2017-10-08 21:00:00+00:00,7531.8,7540.2,7484.2,7489.5,14902
2017-10-09 21:00:00+00:00,7496.8,7546.8,7495.8,7546.5,20738
2017-10-10 21:00:00+00:00,7549.3,7550.8,7515.8,7531.2,17100
2017-10-11 21:00:00+00:00,7537.2,7566.8,7527.2,7534.5,19592
2017-10-12 21:00:00+00:00,7534.0,7557.3,7522.5,7547.2,21853
2017-10-15 21:00:00+00:00,7557.0,7560.0,7520.2,7541.0,17545
2017-10-16 21:00:00+00:00,7538.0,7553.3,7507.6,7540.5,19085
2017-10-17 21:00:00+00:00,7539.0,7555.8,7525.3,7539.0,14542
2017-10-18 21:00:00+00:00,7543.5,7543.8,7485.6,7529.7,24098
2017-10-19 21:00:00+00:00,7533.3,7558.3,7513.6,7522.3,19893
2017-10-20 21:00:00+00:00,7522.2,7522.2,7522.2,7522.2,1
2017-10-22 21:00:00+00:00,7536.0,7540.6,7496.2,7500.3,16050
2017-10-23 21:00:00+00:00,7508.0,7534.8,7503.0,7521.6,16595
2017-10-24 21:00:00+00:00,7518.0,7525.8,7426.3,7459.3,27015
2017-10-25 21:00:00+00:00,7458.3,7496.3,7443.3,7486.8,24963
2017-10-26 21:00:00+00:00,7490.8,7520.6,7483.0,7497.8,24292
2017-10-29 21:00:00+00:00,7496.3,7501.3,7473.6,7477.6,17099
2017-10-30 21:00:00+00:00,7479.8,7515.3,7478.6,7496.3,15149
2017-10-31 21:00:00+00:00,7499.8,7531.0,7464.8,7468.3,22053
2017-11-01 21:00:00+00:00,7458.8,7569.8,7452.8,7563.0,27369
2017-11-02 21:00:00+00:00,7570.3,7579.3,7540.8,7554.6,16817
2017-11-05 22:00:00+00:00,7567.2,7573.8,7525.0,7565.5,14779
2017-11-06 22:00:00+00:00,7568.8,7590.6,7494.3,7509.3,19054
2017-11-07 22:00:00+00:00,7498.0,7535.3,7498.0,7525.8,17607
2017-11-08 22:00:00+00:00,7535.0,7546.8,7462.3,7500.6,31966
2017-11-09 22:00:00+00:00,7494.0,7505.8,7425.8,7447.6,24427
2017-11-12 22:00:00+00:00,7451.3,7477.8,7403.8,7426.0,22392
2017-11-13 22:00:00+00:00,7425.8,7439.8,7394.3,7411.8,24912
2017-11-14 22:00:00+00:00,7399.0,7414.6,7353.2,7373.8,29917
2017-11-15 22:00:00+00:00,7382.0,7411.0,7377.8,7397.5,23912
2017-11-16 22:00:00+00:00,7404.0,7412.8,7363.8,7392.0,24758
2017-11-19 22:00:00+00:00,7390.0,7404.3,7354.6,7394.8,23156
2017-11-20 22:00:00+00:00,7398.4,7423.8,7368.0,7412.8,23053
2017-11-21 22:00:00+00:00,7408.8,7459.8,7404.6,7421.3,22151
2017-11-22 22:00:00+00:00,7410.2,7427.6,7377.2,7412.3,16706
2017-11-23 22:00:00+00:00,7420.6,7428.8,7391.8,7418.0,19569
2017-11-26 22:00:00+00:00,7422.8,7440.6,7382.6,7390.0,24343
2017-11-27 22:00:00+00:00,7387.8,7475.3,7383.2,7440.0,29454
2017-11-28 22:00:00+00:00,7435.6,7445.3,7353.6,7387.0,34262
2017-11-29 22:00:00+00:00,7376.3,7418.3,7310.0,7322.3,30138
2017-11-30 22:00:00+00:00,7307.8,7354.8,7278.4,7332.0,46846
2017-12-03 22:00:00+00:00,7368.6,7369.0,7316.8,7321.8,35891
2017-12-04 22:00:00+00:00,7318.0,7373.8,7308.0,7312.6,31307
2017-12-05 22:00:00+00:00,7315.0,7370.3,7279.3,7338.8,29097
2017-12-06 22:00:00+00:00,7353.6,7371.8,7302.8,7308.6,28312
2017-12-07 22:00:00+00:00,7320.4,7413.8,7308.6,7407.3,26548
2017-12-10 22:00:00+00:00,7406.6,7461.3,7401.8,7459.0,21122
2017-12-11 22:00:00+00:00,7464.3,7503.3,7445.8,7487.0,23057
2017-12-12 22:00:00+00:00,7482.4,7511.3,7471.3,7479.8,19290
2017-12-13 22:00:00+00:00,7490.8,7494.8,7447.0,7452.6,19463
2017-12-14 22:00:00+00:00,7439.6,7502.3,7432.3,7489.6,26355
2017-12-17 22:00:00+00:00,7515.6,7545.6,7488.3,7539.8,23816
2017-12-18 22:00:00+00:00,7540.3,7562.3,7529.0,7529.0,21507
2017-12-19 22:00:00+00:00,7537.0,7549.3,7509.0,7526.8,22272
2017-12-20 22:00:00+00:00,7524.3,7608.8,7515.1,7581.0,17695
2017-12-21 22:00:00+00:00,7582.0,7613.3,7579.0,7582.8,8625
2017-12-26 22:00:00+00:00,7596.3,7631.8,7591.0,7617.6,17612
2017-12-27 22:00:00+00:00,7620.8,7639.6,7610.8,7627.3,13985
2017-12-28 22:00:00+00:00,7624.1,7695.2,7618.8,7694.4,7900
2018-01-01 22:00:00+00:00,7466.8,7705.3,7466.8,7647.8,23062
2018-01-02 22:00:00+00:00,7652.8,7693.6,7642.1,7693.3,20829
2018-01-03 22:00:00+00:00,7689.8,7700.4,7669.0,7693.8,19986
2018-01-04 22:00:00+00:00,7702.6,7725.8,7686.6,7719.6,18918
2018-01-07 22:00:00+00:00,7724.5,7728.8,7686.8,7711.8,17190
2018-01-08 22:00:00+00:00,7710.6,7731.3,7703.0,7729.3,19157
2018-01-09 22:00:00+00:00,7726.3,7753.8,7712.8,7734.8,23917
2018-01-10 22:00:00+00:00,7742.0,7770.3,7731.0,7770.0,22006
2018-01-11 22:00:00+00:00,7772.6,7790.3,7748.3,7773.0,22037
2018-01-14 22:00:00+00:00,7791.8,7794.0,7759.8,7770.0,15303
2018-01-15 22:00:00+00:00,7765.7,7789.8,7712.0,7718.6,27602
2018-01-16 22:00:00+00:00,7730.8,7746.8,7708.3,7727.3,24641
2018-01-17 22:00:00+00:00,7727.8,7740.8,7683.8,7710.6,24230
2018-01-18 22:00:00+00:00,7699.3,7733.3,7687.8,7732.6,22835
2018-01-21 22:00:00+00:00,7723.3,7739.8,7703.0,7732.0,19022
2018-01-22 22:00:00+00:00,7735.6,7745.0,7709.0,7735.6,23704
2018-01-23 22:00:00+00:00,7734.3,7734.6,7617.8,7646.0,31123
2018-01-24 22:00:00+00:00,7646.3,7658.6,7604.3,7630.6,36491
2018-01-25 22:00:00+00:00,7634.3,7689.6,7618.8,7689.6,26953
2018-01-28 22:00:00+00:00,7707.6,7707.8,7645.8,7651.8,28236
2018-01-29 22:00:00+00:00,7656.6,7656.8,7570.8,7578.0,40827
2018-01-30 22:00:00+00:00,7572.3,7599.6,7514.3,7531.0,34551
2018-01-31 22:00:00+00:00,7540.3,7558.3,7466.3,7483.8,40966
2018-02-01 22:00:00+00:00,7484.8,7491.0,7386.3,7386.8,48349
2018-02-04 22:00:00+00:00,7326.0,7383.1,7104.0,7124.3,65403
2018-02-05 22:00:00+00:00,7055.6,7294.0,6910.8,7258.6,158317
2018-02-06 22:00:00+00:00,7231.4,7294.8,7147.3,7227.0,75886
2018-02-07 22:00:00+00:00,7203.0,7244.0,7088.6,7088.8,81841
2018-02-08 22:00:00+00:00,7128.0,7153.1,6963.3,7111.8,111855
2018-02-11 22:00:00+00:00,7136.3,7198.1,7121.2,7188.8,70851
2018-02-12 22:00:00+00:00,7175.6,7199.3,7141.3,7177.8,52967
2018-02-13 22:00:00+00:00,7184.3,7233.8,7119.9,7231.3,65751
2018-02-14 22:00:00+00:00,7229.0,7266.0,7202.3,7247.0,46911
2018-02-15 22:00:00+00:00,7267.0,7298.3,7250.0,7285.6,45701
2018-02-18 22:00:00+00:00,7321.3,7321.3,7230.8,7242.3,20953
2018-02-19 22:00:00+00:00,7254.3,7260.8,7193.6,7212.0,42371
2018-02-20 22:00:00+00:00,7223.6,7285.0,7199.6,7222.3,44229
2018-02-21 22:00:00+00:00,7204.6,7266.8,7188.8,7226.3,52936
2018-02-22 22:00:00+00:00,7251.8,7279.8,7221.6,7278.8,36842
2018-02-25 22:00:00+00:00,7272.8,7322.8,7260.6,7322.0,30765
2018-02-26 22:00:00+00:00,7329.9,7336.4,7242.6,7249.6,44713
2018-02-27 22:00:00+00:00,7263.6,7294.6,7200.9,7206.0,51958
2018-02-28 22:00:00+00:00,7216.3,7230.8,7097.0,7129.8,76890
2018-03-01 22:00:00+00:00,7136.3,7162.3,7062.3,7128.0,71044
2018-03-04 22:00:00+00:00,7122.3,7150.3,7059.3,7145.8,53811
2018-03-05 22:00:00+00:00,7149.8,7197.0,7136.0,7160.8,47329
2018-03-06 22:00:00+00:00,7099.3,7179.5,7081.8,7157.6,56274
2018-03-07 22:00:00+00:00,7142.6,7218.3,7142.6,7205.6,39878
2018-03-08 22:00:00+00:00,7212.0,7235.6,7189.8,7234.8,36947
2018-03-11 21:00:00+00:00,7241.8,7255.3,7189.3,7201.0,33441
2018-03-12 21:00:00+00:00,7200.6,7226.3,7104.8,7119.8,47479
2018-03-13 21:00:00+00:00,7122.3,7176.6,7105.3,7129.6,54521
2018-03-14 21:00:00+00:00,7108.3,7166.3,7107.6,7143.6,36183
2018-03-15 21:00:00+00:00,7141.8,7190.3,7127.8,7158.0,35654
2018-03-18 21:00:00+00:00,7147.3,7156.6,7021.6,7062.6,45002
2018-03-19 21:00:00+00:00,7053.8,7079.0,7039.3,7067.0,38171
2018-03-20 21:00:00+00:00,7060.0,7072.3,6995.2,7019.3,39582
2018-03-21 21:00:00+00:00,7029.8,7039.0,6889.3,6902.3,60492
2018-03-22 21:00:00+00:00,6867.8,6952.6,6851.3,6866.0,75839
2018-03-25 21:00:00+00:00,6883.6,6957.8,6864.8,6948.3,54217
2018-03-26 21:00:00+00:00,6957.3,7042.8,6911.8,6933.0,56934
2018-03-27 21:00:00+00:00,6936.0,7061.8,6921.3,7025.8,87303
2018-03-28 21:00:00+00:00,7028.3,7111.3,7011.3,7078.3,50345
2018-04-02 21:00:00+00:00,6981.3,7065.0,6981.3,7047.3,53001
2018-04-03 21:00:00+00:00,7040.4,7105.0,6971.3,7104.6,61855
2018-04-04 21:00:00+00:00,7111.8,7225.6,7099.0,7216.8,42419
2018-04-05 21:00:00+00:00,7165.8,7217.3,7121.0,7146.3,60941
2018-04-08 21:00:00+00:00,7167.8,7222.3,7147.3,7174.6,38597
2018-04-09 21:00:00+00:00,7183.3,7274.3,7169.8,7260.0,52457
2018-04-10 21:00:00+00:00,7246.0,7274.8,7235.6,7236.8,41624
2018-04-11 21:00:00+00:00,7247.6,7273.6,7233.0,7265.6,35962
2018-04-12 21:00:00+00:00,7255.8,7278.3,7243.8,7264.6,33960
2018-04-15 21:00:00+00:00,7287.5,7298.8,7194.6,7200.8,32298
2018-04-16 21:00:00+00:00,7203.8,7249.6,7192.0,7238.6,28135
2018-04-17 21:00:00+00:00,7240.8,7329.3,7235.0,7321.5,27395
2018-04-18 21:00:00+00:00,7331.8,7359.0,7298.6,7345.6,39153
2018-04-19 21:00:00+00:00,7347.8,7378.6,7343.6,7367.6,33461
2018-04-22 21:00:00+00:00,7378.8,7409.3,7362.3,7406.6,28747
2018-04-23 21:00:00+00:00,7417.6,7436.3,7349.4,7365.8,38786
2018-04-24 21:00:00+00:00,7381.6,7404.3,7332.8,7382.3,42668
2018-04-25 21:00:00+00:00,7399.3,7451.3,7362.0,7443.6,30418
2018-04-26 21:00:00+00:00,7453.7,7519.6,7425.0,7514.6,30748
2018-04-29 21:00:00+00:00,7523.0,7547.3,7493.3,7499.0,28213
2018-04-30 21:00:00+00:00,7508.0,7547.4,7495.8,7537.3,21218
2018-05-01 21:00:00+00:00,7540.8,7570.3,7515.8,7521.8,32836
2018-05-02 21:00:00+00:00,7523.6,7555.8,7491.0,7544.0,40174
2018-05-03 21:00:00+00:00,7549.0,7585.8,7518.3,7580.8,32632
2018-05-07 21:00:00+00:00,7580.8,7596.8,7542.2,7574.6,32299
2018-05-08 21:00:00+00:00,7575.3,7703.8,7564.0,7698.6,28970
2018-05-09 21:00:00+00:00,7697.8,7729.3,7645.5,7723.3,29239
2018-05-10 21:00:00+00:00,7725.0,7742.8,7704.3,7722.0,28216
2018-05-13 21:00:00+00:00,7740.8,7744.8,7696.0,7712.6,24955
2018-05-14 21:00:00+00:00,7720.8,7758.3,7691.5,7724.3,33845
2018-05-15 21:00:00+00:00,7722.3,7764.6,7716.0,7753.3,25719
2018-05-16 21:00:00+00:00,7759.3,7806.3,7722.3,7788.0,27568
2018-05-17 21:00:00+00:00,7791.6,7798.8,7757.3,7782.3,29002
2018-05-20 21:00:00+00:00,7806.0,7876.6,7805.6,7861.6,20482
2018-05-21 21:00:00+00:00,7864.0,7904.6,7850.3,7863.0,23389
2018-05-22 21:00:00+00:00,7863.3,7875.6,7764.8,7800.3,32568
2018-05-23 21:00:00+00:00,7798.6,7814.8,7713.1,7748.0,32899
2018-05-24 21:00:00+00:00,7753.4,7772.1,7703.3,7717.3,30160
2018-05-28 21:00:00+00:00,7702.8,7706.0,7584.8,7618.5,31487
2018-05-29 21:00:00+00:00,7618.5,7714.3,7603.3,7711.8,24007
2018-05-30 21:00:00+00:00,7702.8,7724.8,7645.8,7687.8,50677
2018-05-31 21:00:00+00:00,7685.0,7743.3,7680.5,7703.6,33623
2018-06-03 21:00:00+00:00,7700.0,7768.8,7699.3,7720.0,25649
2018-06-04 21:00:00+00:00,7728.6,7738.8,7663.3,7668.0,28702
2018-06-05 21:00:00+00:00,7676.6,7736.8,7664.3,7729.3,29921
2018-06-06 21:00:00+00:00,7728.6,7774.8,7667.6,7681.3,38066
2018-06-07 21:00:00+00:00,7688.8,7717.8,7639.8,7697.6,39488
2018-06-10 21:00:00+00:00,7690.5,7775.8,7688.3,7757.3,31746
2018-06-11 21:00:00+00:00,7758.6,7769.3,7695.6,7698.6,32804
2018-06-12 21:00:00+00:00,7699.6,7745.3,7675.8,7690.8,29716
2018-06-13 21:00:00+00:00,7691.8,7798.3,7652.5,7780.8,35096
2018-06-14 21:00:00+00:00,7775.3,7785.6,7628.5,7670.0,41922
2018-06-17 21:00:00+00:00,7662.3,7666.6,7600.8,7654.6,29074
2018-06-18 21:00:00+00:00,7638.6,7638.8,7542.6,7635.0,37649
2018-06-19 21:00:00+00:00,7635.6,7705.8,7618.0,7643.8,31438
2018-06-20 21:00:00+00:00,7660.6,7685.3,7548.6,7557.0,41307
2018-06-21 21:00:00+00:00,7553.6,7699.8,7553.6,7674.6,35407
2018-06-24 21:00:00+00:00,7663.3,7677.2,7486.3,7503.3,43306
2018-06-25 21:00:00+00:00,7495.3,7581.8,7491.8,7566.3,40557
2018-06-26 21:00:00+00:00,7568.3,7637.8,7511.8,7577.3,55586
2018-06-27 21:00:00+00:00,7590.6,7655.8,7573.3,7642.0,56845
2018-06-28 21:00:00+00:00,7652.6,7706.6,7613.8,7619.8,47458
2018-07-01 21:00:00+00:00,7632.6,7632.6,7534.8,7568.3,46791
2018-07-02 21:00:00+00:00,7564.8,7631.8,7542.5,7573.8,46205
2018-07-03 21:00:00+00:00,7574.0,7586.3,7557.8,7579.6,22543
2018-07-04 21:00:00+00:00,7572.3,7624.6,7561.6,7619.8,42156
2018-07-05 21:00:00+00:00,7613.3,7649.0,7568.0,7622.3,39058
2018-07-08 21:00:00+00:00,7626.6,7712.0,7622.3,7698.8,30799
2018-07-09 21:00:00+00:00,7708.6,7715.3,7674.8,7696.6,29539
2018-07-10 21:00:00+00:00,7667.6,7667.6,7565.3,7592.6,39225
2018-07-11 21:00:00+00:00,7586.3,7673.8,7585.0,7669.6,33559
2018-07-12 21:00:00+00:00,7674.6,7716.5,7656.3,7667.0,29433
2018-07-15 21:00:00+00:00,7683.8,7684.6,7561.8,7620.0,28846
2018-07-16 21:00:00+00:00,7608.3,7681.3,7578.5,7654.0,32772
2018-07-17 21:00:00+00:00,7659.0,7686.0,7647.3,7673.6,27374
2018-07-18 21:00:00+00:00,7674.0,7702.3,7657.6,7677.8,32605
2018-07-19 21:00:00+00:00,7684.6,7703.6,7628.0,7668.0,38779
2018-07-22 21:00:00+00:00,7659.0,7676.3,7617.8,7658.8,30474
2018-07-23 21:00:00+00:00,7674.0,7738.8,7644.5,7701.0,35708
2018-07-24 21:00:00+00:00,7704.3,7713.6,7636.8,7688.6,35383
2018-07-25 21:00:00+00:00,7677.0,7685.8,7640.6,7671.8,33990
2018-07-26 21:00:00+00:00,7675.6,7717.8,7666.8,7678.6,33008
2018-07-29 21:00:00+00:00,7671.3,7716.8,7651.1,7684.3,29398
2018-07-30 21:00:00+00:00,7687.3,7782.4,7680.3,7742.6,36057
2018-07-31 21:00:00+00:00,7744.6,7756.3,7630.0,7650.6,37258
2018-08-01 21:00:00+00:00,7639.8,7654.3,7534.5,7623.6,41648
2018-08-02 21:00:00+00:00,7625.3,7680.3,7588.5,7679.0,30706
2018-08-05 21:00:00+00:00,7667.3,7694.0,7635.3,7662.3,28076
2018-08-06 21:00:00+00:00,7671.6,7748.3,7661.3,7715.8,24504
2018-08-07 21:00:00+00:00,7711.3,7780.8,7700.5,7763.6,30524
2018-08-08 21:00:00+00:00,7762.0,7804.4,7730.8,7765.0,26824
2018-08-09 21:00:00+00:00,7769.3,7769.3,7672.5,7679.1,41161
2018-08-12 21:00:00+00:00,7681.8,7681.8,7617.3,7647.6,36304
2018-08-13 21:00:00+00:00,7656.0,7677.3,7599.8,7644.0,32971
2018-08-14 21:00:00+00:00,7642.3,7650.3,7474.0,7517.8,51812
2018-08-15 21:00:00+00:00,7507.8,7587.3,7506.0,7557.3,32452
2018-08-16 21:00:00+00:00,7560.8,7594.8,7526.3,7571.0,33737
2018-08-19 21:00:00+00:00,7577.2,7630.3,7562.0,7602.0,16788
2018-08-20 21:00:00+00:00,7598.0,7612.0,7562.3,7563.5,15386
2018-08-21 21:00:00+00:00,7540.5,7616.3,7529.3,7577.0,18137
2018-08-22 21:00:00+00:00,7580.3,7614.3,7547.8,7553.3,18928
2018-08-23 21:00:00+00:00,7555.0,7594.8,7545.3,7578.8,15125
2018-08-27 21:00:00+00:00,7611.8,7645.3,7599.8,7618.5,16200
2018-08-28 21:00:00+00:00,7628.8,7650.8,7545.8,7568.6,19171
2018-08-29 21:00:00+00:00,7571.2,7572.0,7488.2,7499.8,19383
2018-08-30 21:00:00+00:00,7486.8,7510.3,7419.0,7440.8,23514
2018-09-02 21:00:00+00:00,7449.6,7516.8,7428.0,7490.0,15692
2018-09-03 21:00:00+00:00,7490.3,7534.3,7436.2,7450.5,25722
2018-09-04 21:00:00+00:00,7452.0,7458.0,7354.8,7403.3,30743
2018-09-05 21:00:00+00:00,7390.8,7402.8,7312.0,7343.6,42881
2018-09-06 21:00:00+00:00,7331.6,7340.6,7230.0,7288.3,44349
2018-09-09 21:00:00+00:00,7288.3,7310.8,7257.3,7277.8,31869
2018-09-10 21:00:00+00:00,7277.0,7295.3,7221.3,7274.0,32965
2018-09-11 21:00:00+00:00,7272.6,7325.8,7250.8,7297.0,38525
2018-09-12 21:00:00+00:00,7293.2,7319.8,7274.8,7291.6,36665
2018-09-13 21:00:00+00:00,7296.6,7324.3,7281.3,7310.6,32094
2018-09-16 21:00:00+00:00,7303.6,7319.8,7267.3,7267.8,28775
2018-09-17 21:00:00+00:00,7238.0,7322.3,7235.0,7310.6,33892
2018-09-18 21:00:00+00:00,7308.8,7346.0,7278.0,7338.6,29104
2018-09-19 21:00:00+00:00,7342.3,7386.3,7323.0,7377.3,26444
2018-09-20 21:00:00+00:00,7385.6,7501.3,7380.3,7478.3,34380
2018-09-23 21:00:00+00:00,7459.6,7485.8,7448.3,7450.0,24483
2018-09-24 21:00:00+00:00,7450.8,7515.3,7443.6,7478.3,26818
2018-09-25 21:00:00+00:00,7479.0,7521.8,7479.0,7488.0,29165
2018-09-26 21:00:00+00:00,7495.4,7559.3,7486.8,7542.0,29904
2018-09-27 21:00:00+00:00,7544.6,7557.0,7474.0,7497.0,38626
2018-09-30 21:00:00+00:00,7517.8,7525.8,7460.8,7498.0,31670
2018-10-01 21:00:00+00:00,7496.8,7498.0,7444.6,7481.6,33131
2018-10-02 21:00:00+00:00,7485.3,7534.8,7477.0,7517.3,26485
2018-10-03 21:00:00+00:00,7512.6,7520.3,7399.4,7422.0,48442
2018-10-04 21:00:00+00:00,7423.6,7450.8,7297.2,7318.6,47292
2018-10-07 21:00:00+00:00,7319.8,7323.6,7223.0,7262.0,45415
2018-10-08 21:00:00+00:00,7251.3,7255.3,7182.3,7227.8,49667
2018-10-09 21:00:00+00:00,7217.6,7239.3,7090.3,7092.6,68427
2018-10-10 21:00:00+00:00,7081.8,7092.3,6922.8,6967.6,114632
2018-10-11 21:00:00+00:00,6990.4,7074.3,6953.8,7024.8,80039
2018-10-14 21:00:00+00:00,7015.3,7043.8,6960.5,7026.3,57640
2018-10-15 21:00:00+00:00,7021.6,7085.3,6997.3,7078.0,42859
2018-10-16 21:00:00+00:00,7087.6,7094.8,7017.8,7061.3,47939
2018-10-17 21:00:00+00:00,7055.3,7079.3,6981.6,7008.0,57290
2018-10-18 21:00:00+00:00,7010.8,7071.8,7010.8,7038.8,61858
2018-10-21 21:00:00+00:00,7010.3,7114.8,7007.3,7053.8,53027
2018-10-22 21:00:00+00:00,7035.3,7036.3,6927.6,7006.3,71489
2018-10-23 21:00:00+00:00,7011.8,7050.8,6892.8,6892.8,74242
2018-10-24 21:00:00+00:00,6905.6,7030.0,6887.8,6996.6,74021
2018-10-25 21:00:00+00:00,6949.0,6981.3,6851.0,6943.0,92449
2018-10-28 21:00:00+00:00,6960.3,7087.6,6918.0,6975.6,71176
2018-10-29 21:00:00+00:00,6993.0,7085.8,6982.0,7085.8,74759
2018-10-30 21:00:00+00:00,7083.0,7162.8,7077.8,7110.0,53514
2018-10-31 21:00:00+00:00,7114.0,7165.8,7077.0,7122.8,60742
2018-11-01 21:00:00+00:00,7129.5,7196.6,7072.3,7112.8,62913
2018-11-04 22:00:00+00:00,7097.3,7142.0,7077.8,7104.0,43727
2018-11-05 22:00:00+00:00,7116.8,7125.3,7027.8,7068.8,44608
2018-11-06 22:00:00+00:00,7055.0,7151.8,7049.3,7151.6,44274
2018-11-07 22:00:00+00:00,7156.6,7177.3,7119.0,7132.0,40938
2018-11-08 22:00:00+00:00,7129.6,7140.0,7075.0,7129.8,46354
2018-11-11 22:00:00+00:00,7131.6,7180.6,7048.8,7054.3,46614
2018-11-12 22:00:00+00:00,7043.8,7108.3,7016.8,7043.6,56042
2018-11-13 22:00:00+00:00,7060.3,7113.3,6976.9,7029.8,69766
2018-11-14 22:00:00+00:00,7026.3,7110.6,6990.6,7095.3,82395
2018-11-15 22:00:00+00:00,7098.0,7105.6,6977.3,7045.0,59174
2018-11-18 22:00:00+00:00,7035.8,7079.0,6978.0,7001.6,55201
2018-11-19 22:00:00+00:00,6996.8,7015.6,6908.8,6932.3,80057
2018-11-20 22:00:00+00:00,6933.3,7070.8,6929.0,7056.0,56280
2018-11-21 22:00:00+00:00,7059.8,7068.8,6956.0,6972.8,36338
2018-11-22 22:00:00+00:00,6986.0,6998.8,6920.6,6953.8,39763
2018-11-25 22:00:00+00:00,6966.6,7059.0,6962.8,7058.5,45473
2018-11-26 22:00:00+00:00,7025.0,7093.6,6992.0,7047.3,54300
2018-11-27 22:00:00+00:00,7048.8,7082.8,6995.6,7079.9,47441
2018-11-28 22:00:00+00:00,7075.0,7089.0,7026.0,7057.3,52378
2018-11-29 22:00:00+00:00,7054.3,7054.6,6967.8,7019.6,44487
2018-12-02 22:00:00+00:00,7086.3,7155.3,7053.0,7100.6,52531
2018-12-03 22:00:00+00:00,7087.3,7106.8,6933.0,6942.8,63003
2018-12-04 22:00:00+00:00,6957.0,6986.6,6916.0,6923.6,31688
2018-12-05 22:00:00+00:00,6898.3,6899.6,6675.0,6789.8,114490
2018-12-06 22:00:00+00:00,6795.3,6874.6,6738.0,6765.8,78206
2018-12-09 22:00:00+00:00,6736.3,6821.3,6715.3,6776.0,92693
2018-12-10 22:00:00+00:00,6765.3,6860.6,6745.2,6825.3,68467
2018-12-11 22:00:00+00:00,6847.6,6904.6,6827.6,6858.8,64723
2018-12-12 22:00:00+00:00,6859.6,6912.6,6847.3,6857.6,59662
2018-12-13 22:00:00+00:00,6837.8,6869.6,6789.3,6807.6,52210
2018-12-16 22:00:00+00:00,6822.6,6855.6,6693.6,6722.0,55756
2018-12-17 22:00:00+00:00,6747.6,6765.1,6684.6,6702.6,59808
2018-12-18 22:00:00+00:00,6690.3,6793.6,6665.5,6690.6,63642
2018-12-19 22:00:00+00:00,6697.0,6764.1,6632.3,6662.0,74168
2018-12-20 22:00:00+00:00,6690.0,6748.6,6633.6,6638.0,75282
2018-12-23 22:00:00+00:00,6635.8,6697.6,6635.8,6671.3,11774
2018-12-26 22:00:00+00:00,6695.8,6758.8,6539.8,6661.6,91356
2018-12-27 22:00:00+00:00,6661.3,6759.8,6630.6,6734.0,72324
2018-12-30 22:00:00+00:00,6756.6,6761.0,6720.6,6735.0,10809
2019-01-01 22:00:00+00:00,6752.8,6763.8,6599.0,6747.8,68506
2019-01-02 22:00:00+00:00,6710.3,6754.8,6678.4,6700.3,70955
2019-01-03 22:00:00+00:00,6683.8,6863.3,6680.3,6840.3,66465
2019-01-06 22:00:00+00:00,6854.8,6873.0,6775.4,6821.8,53305
2019-01-07 22:00:00+00:00,6823.6,6901.8,6801.6,6892.8,48278
2019-01-08 22:00:00+00:00,6899.6,6947.6,6891.3,6901.0,49822
2019-01-09 22:00:00+00:00,6887.8,6971.3,6860.6,6965.6,46546
2019-01-10 22:00:00+00:00,6959.3,7003.3,6900.3,6915.0,45587
2019-01-13 22:00:00+00:00,6899.3,6909.0,6840.8,6863.3,35382
2019-01-14 22:00:00+00:00,6878.0,6941.8,6848.3,6881.3,48603
2019-01-15 22:00:00+00:00,6878.3,6913.6,6844.0,6853.8,37155
2019-01-16 22:00:00+00:00,6853.8,6859.6,6796.3,6850.3,40321
2019-01-17 22:00:00+00:00,6859.0,7001.8,6858.0,6992.0,43540
2019-01-20 22:00:00+00:00,6995.5,6997.3,6954.8,6978.8,22146
2019-01-21 22:00:00+00:00,6966.3,6974.3,6847.4,6860.6,44403
2019-01-22 22:00:00+00:00,6866.8,6897.3,6809.0,6839.6,51675
2019-01-23 22:00:00+00:00,6840.6,6854.8,6800.6,6821.8,48867
2019-01-24 22:00:00+00:00,6822.3,6858.8,6791.3,6793.6,43200
2019-01-27 22:00:00+00:00,6787.8,6812.6,6731.6,6772.0,41573
2019-01-28 22:00:00+00:00,6748.3,6871.4,6747.0,6855.8,42985
2019-01-29 22:00:00+00:00,6868.0,6967.3,6852.0,6939.0,42987
2019-01-30 22:00:00+00:00,6934.5,6993.0,6934.5,6975.5,47317
2019-01-31 22:00:00+00:00,6981.3,7031.2,6963.8,7015.0,43277
2019-02-03 22:00:00+00:00,7024.0,7060.4,6999.3,7057.0,33024
2019-02-04 22:00:00+00:00,7053.3,7183.8,7049.0,7167.3,37957
2019-02-05 22:00:00+00:00,7164.3,7181.3,7141.4,7157.0,34915
2019-02-06 22:00:00+00:00,7154.0,7184.8,7086.3,7107.5,56893
2019-02-07 22:00:00+00:00,7108.0,7112.8,7060.8,7107.6,47644
2019-02-10 22:00:00+00:00,7099.3,7141.3,7079.5,7105.0,39903
2019-02-11 22:00:00+00:00,7120.0,7160.3,7109.0,7134.8,33296
2019-02-12 22:00:00+00:00,7148.3,7191.3,7133.0,7175.8,39963
2019-02-13 22:00:00+00:00,7171.6,7234.6,7171.6,7204.0,54404
2019-02-14 22:00:00+00:00,7205.0,7263.6,7180.5,7240.6,49595
2019-02-17 22:00:00+00:00,7244.6,7249.8,7207.5,7214.3,19205
2019-02-18 22:00:00+00:00,7221.0,7231.6,7159.3,7176.3,32727
2019-02-19 22:00:00+00:00,7176.6,7242.0,7164.6,7233.0,38413
2019-02-20 22:00:00+00:00,7229.6,7257.3,7157.3,7184.0,41775
2019-02-21 22:00:00+00:00,7185.0,7229.3,7172.8,7188.6,33107
2019-02-24 22:00:00+00:00,7203.8,7216.0,7157.8,7167.0,29745
2019-02-25 22:00:00+00:00,7156.0,7173.3,7093.3,7146.8,41488
2019-02-26 22:00:00+00:00,7140.0,7157.0,7084.3,7108.5,32363
2019-02-27 22:00:00+00:00,7104.6,7116.8,7051.8,7083.6,33080
2019-02-28 22:00:00+00:00,7098.0,7135.3,7098.0,7129.6,30358
2019-03-03 22:00:00+00:00,7138.0,7169.8,7097.1,7129.8,36451
2019-03-04 22:00:00+00:00,7129.8,7194.3,7117.6,7174.0,30473
2019-03-05 22:00:00+00:00,7167.8,7212.8,7165.3,7175.6,28961
2019-03-06 22:00:00+00:00,7169.8,7206.3,7139.3,7153.1,45609
2019-03-07 22:00:00+00:00,7145.3,7155.3,7089.6,7151.3,41562
2019-03-10 21:00:00+00:00,7145.0,7186.6,7111.0,7139.3,30043
2019-03-11 21:00:00+00:00,7137.8,7168.3,7082.3,7159.3,40028
2019-03-12 21:00:00+00:00,7156.0,7184.8,7125.3,7149.2,33204
2019-03-13 21:00:00+00:00,7146.0,7220.6,7136.8,7183.8,29948
2019-03-14 21:00:00+00:00,7190.3,7245.8,7187.8,7232.0,31717
2019-03-17 21:00:00+00:00,7227.6,7303.3,7225.6,7292.6,24701
2019-03-18 21:00:00+00:00,7287.6,7349.8,7284.6,7294.8,30523
2019-03-19 21:00:00+00:00,7287.3,7341.3,7273.3,7304.8,39395
2019-03-20 21:00:00+00:00,7321.3,7376.3,7298.6,7355.0,38043
2019-03-21 21:00:00+00:00,7356.0,7357.6,7190.8,7192.8,53916
2019-03-24 21:00:00+00:00,7172.6,7212.8,7150.0,7188.6,51136
2019-03-25 21:00:00+00:00,7204.8,7226.8,7174.6,7215.6,38779
2019-03-26 21:00:00+00:00,7209.0,7232.0,7159.3,7204.6,49722
2019-03-27 21:00:00+00:00,7191.3,7267.8,7191.3,7267.3,40663
2019-03-28 21:00:00+00:00,7265.3,7292.0,7235.5,7289.6,43049
2019-03-31 21:00:00+00:00,7308.8,7351.2,7293.6,7334.6,37100
2019-04-01 21:00:00+00:00,7328.8,7403.3,7327.8,7376.6,33742
2019-04-02 21:00:00+00:00,7373.2,7426.6,7366.8,7405.6,35146
2019-04-03 21:00:00+00:00,7404.8,7427.3,7376.5,7419.0,29000
2019-04-04 21:00:00+00:00,7419.0,7470.3,7408.6,7459.6,26402
2019-04-07 21:00:00+00:00,7473.6,7474.6,7424.8,7459.0,21081
2019-04-08 21:00:00+00:00,7464.3,7481.8,7415.6,7423.3,28594
2019-04-09 21:00:00+00:00,7422.0,7443.3,7409.3,7413.3,24424
2019-04-10 21:00:00+00:00,7421.0,7450.8,7390.5,7432.8,25050
2019-04-11 21:00:00+00:00,7439.0,7463.3,7422.8,7454.6,23745
2019-04-14 21:00:00+00:00,7454.3,7456.8,7426.3,7444.6,17374
2019-04-15 21:00:00+00:00,7446.0,7486.3,7440.8,7454.3,18000
2019-04-16 21:00:00+00:00,7454.6,7478.3,7445.5,7477.3,25047
2019-04-17 21:00:00+00:00,7473.3,7494.3,7438.4,7485.0,28653
2019-04-22 21:00:00+00:00,7489.6,7530.8,7468.3,7518.8,19333
2019-04-23 21:00:00+00:00,7524.6,7525.0,7455.3,7478.8,21678
2019-04-24 21:00:00+00:00,7476.8,7488.3,7408.8,7456.5,24777
2019-04-25 21:00:00+00:00,7446.6,7450.6,7402.0,7438.8,27800
2019-04-28 21:00:00+00:00,7439.8,7460.3,7404.3,7456.3,18715
2019-04-29 21:00:00+00:00,7451.8,7456.3,7392.3,7435.0,21764
2019-04-30 21:00:00+00:00,7444.8,7459.0,7342.6,7346.6,12425
2019-05-01 21:00:00+00:00,7338.3,7395.8,7331.3,7345.8,32126
2019-05-02 21:00:00+00:00,7346.6,7419.3,7341.3,7388.5,21291
2019-05-06 21:00:00+00:00,7373.3,7374.1,7215.3,7236.3,34005
2019-05-07 21:00:00+00:00,7236.3,7282.3,7219.2,7265.8,41135
2019-05-08 21:00:00+00:00,7268.8,7274.9,7194.3,7248.3,44793
2019-05-09 21:00:00+00:00,7247.3,7285.8,7191.5,7275.5,46676
2019-05-12 21:00:00+00:00,7233.3,7233.3,7148.8,7160.0,31773
2019-05-13 21:00:00+00:00,7137.0,7263.8,7136.8,7249.0,22984
2019-05-14 21:00:00+00:00,7252.6,7313.3,7226.0,7301.8,30515
2019-05-15 21:00:00+00:00,7300.0,7379.8,7270.2,7352.8,24682
2019-05-16 21:00:00+00:00,7361.5,7371.8,7319.5,7349.5,30361
2019-05-19 21:00:00+00:00,7369.0,7384.6,7276.8,7313.8,26161
2019-05-20 21:00:00+00:00,7324.5,7376.0,7317.6,7363.8,21156
2019-05-21 21:00:00+00:00,7363.5,7377.0,7315.8,7328.5,20391
2019-05-22 21:00:00+00:00,7328.5,7328.5,7212.2,7233.8,31212
2019-05-23 21:00:00+00:00,7229.3,7304.8,7228.5,7277.8,21147
2019-05-27 21:00:00+00:00,7303.6,7315.3,7241.3,7242.6,47308
2019-05-28 21:00:00+00:00,7246.6,7248.6,7148.8,7194.8,50928
2019-05-29 21:00:00+00:00,7189.0,7241.1,7182.0,7229.0,34160
2019-05-30 21:00:00+00:00,7193.3,7202.8,7133.0,7153.3,56054
2019-06-02 21:00:00+00:00,7125.0,7194.2,7081.2,7161.2,30494
2019-06-03 21:00:00+00:00,7171.6,7228.4,7138.2,7227.3,26153
2019-06-04 21:00:00+00:00,7237.3,7261.3,7201.5,7231.6,40651
2019-06-05 21:00:00+00:00,7232.8,7290.8,7220.5,7274.4,29443
2019-06-06 21:00:00+00:00,7275.3,7352.8,7269.0,7344.8,24374
2019-06-09 21:00:00+00:00,7360.6,7389.0,7352.8,7374.3,17638
2019-06-10 21:00:00+00:00,7371.0,7423.8,7364.6,7389.2,21404
2019-06-11 21:00:00+00:00,7386.2,7395.8,7328.8,7359.3,21740
2019-06-12 21:00:00+00:00,7366.5,7402.8,7342.9,7373.3,22874
2019-06-13 21:00:00+00:00,7374.8,7387.8,7318.5,7366.3,22570
2019-06-16 21:00:00+00:00,7373.0,7377.5,7325.8,7364.8,16810
2019-06-17 21:00:00+00:00,7371.3,7470.8,7345.2,7446.6,30545
2019-06-18 21:00:00+00:00,7459.6,7459.6,7391.0,7414.8,21522
2019-06-19 21:00:00+00:00,7428.5,7462.3,7414.5,7432.6,25153
2019-06-20 21:00:00+00:00,7435.2,7456.3,7376.5,7379.8,26481
2019-06-23 21:00:00+00:00,7378.0,7434.8,7374.8,7400.2,16030
2019-06-24 21:00:00+00:00,7405.6,7428.8,7368.8,7395.6,19767
2019-06-25 21:00:00+00:00,7396.0,7435.0,7396.0,7405.0,18188
2019-06-26 21:00:00+00:00,7406.0,7445.3,7378.8,7409.5,20489
2019-06-27 21:00:00+00:00,7409.5,7443.8,7399.0,7435.2,15317
2019-06-30 21:00:00+00:00,7475.8,7532.3,7469.2,7506.0,20847
2019-07-01 21:00:00+00:00,7502.3,7567.8,7501.8,7565.3,17617
2019-07-02 21:00:00+00:00,7567.3,7624.8,7561.6,7623.8,13991
2019-07-03 21:00:00+00:00,7623.8,7626.3,7598.0,7602.5,7036
2019-07-04 21:00:00+00:00,7607.3,7608.3,7541.0,7565.0,16501
2019-07-07 21:00:00+00:00,7565.0,7572.3,7532.0,7554.5,12910
2019-07-08 21:00:00+00:00,7554.5,7554.5,7515.5,7541.0,15663
2019-07-09 21:00:00+00:00,7545.5,7558.8,7513.8,7539.5,22478
2019-07-10 21:00:00+00:00,7545.3,7558.8,7499.2,7527.0,17320
2019-07-11 21:00:00+00:00,7532.3,7542.0,7487.8,7492.0,15484
2019-07-14 21:00:00+00:00,7486.0,7542.8,7478.8,7525.8,16070
2019-07-15 21:00:00+00:00,7528.8,7584.8,7521.0,7551.3,16682
2019-07-16 21:00:00+00:00,7551.3,7571.6,7511.8,7522.0,15883
2019-07-17 21:00:00+00:00,7511.3,7516.8,7474.2,7485.8,20601
2019-07-18 21:00:00+00:00,7485.8,7540.0,7466.2,7499.0,20392
2019-07-21 21:00:00+00:00,7504.5,7543.3,7482.2,7513.8,17730
2019-07-22 21:00:00+00:00,7513.8,7592.8,7510.3,7560.8,20652
2019-07-23 21:00:00+00:00,7560.8,7562.6,7469.2,7511.3,19609
2019-07-24 21:00:00+00:00,7510.3,7537.3,7455.2,7469.0,33931
2019-07-25 21:00:00+00:00,7473.8,7558.3,7469.8,7550.3,18193
2019-07-28 21:00:00+00:00,7551.8,7705.8,7542.3,7684.6,20014
2019-07-29 21:00:00+00:00,7686.3,7724.6,7622.8,7634.3,38312
2019-07-30 21:00:00+00:00,7641.2,7656.3,7517.0,7562.8,33138
2019-07-31 21:00:00+00:00,7562.8,7602.8,7477.5,7501.6,39382
2019-08-01 21:00:00+00:00,7493.0,7500.2,7370.8,7386.6,55413
2019-08-04 21:00:00+00:00,7358.3,7369.8,7152.5,7191.6,51114
2019-08-05 21:00:00+00:00,7080.9,7229.6,7077.5,7195.0,50594
2019-08-06 21:00:00+00:00,7176.8,7240.2,7137.0,7236.2,47007
2019-08-07 21:00:00+00:00,7225.6,7315.2,7198.5,7308.3,33279
2019-08-08 21:00:00+00:00,7300.5,7317.3,7248.2,7300.8,34692
2019-08-11 21:00:00+00:00,7294.6,7317.3,7209.0,7222.9,32981
2019-08-12 21:00:00+00:00,7233.8,7288.3,7170.8,7280.6,47971
2019-08-13 21:00:00+00:00,7289.2,7290.0,7106.6,7106.6,45579
2019-08-14 21:00:00+00:00,7110.8,7167.0,7035.8,7091.6,69054
2019-08-15 21:00:00+00:00,7096.8,7145.0,7092.0,7140.0,31211
2019-08-18 21:00:00+00:00,7162.3,7226.8,7146.6,7191.8,23036
2019-08-19 21:00:00+00:00,7184.8,7242.8,7114.8,7117.3,28976
2019-08-20 21:00:00+00:00,7102.6,7226.8,7101.8,7206.6,21779
2019-08-21 21:00:00+00:00,7219.8,7221.3,7115.2,7145.3,32303
2019-08-22 21:00:00+00:00,7135.5,7200.8,7034.5,7037.6,52812
2019-08-26 21:00:00+00:00,7111.6,7116.8,7050.5,7075.0,34150
2019-08-27 21:00:00+00:00,7081.0,7137.8,7053.2,7115.6,35350
2019-08-28 21:00:00+00:00,7114.6,7206.3,7092.0,7191.6,28730
2019-08-29 21:00:00+00:00,7193.0,7244.3,7185.0,7233.3,25740
2019-09-01 21:00:00+00:00,7213.6,7317.8,7207.2,7278.0,18599
2019-09-02 21:00:00+00:00,7281.5,7318.8,7235.8,7268.5,35432
2019-09-03 21:00:00+00:00,7268.5,7331.8,7260.8,7301.5,24941
2019-09-04 21:00:00+00:00,7301.5,7358.3,7256.5,7264.2,27802
2019-09-05 21:00:00+00:00,7268.6,7304.8,7251.5,7298.0,21407
2019-09-08 21:00:00+00:00,7303.8,7334.3,7212.8,7247.0,22736
2019-09-09 21:00:00+00:00,7251.3,7292.3,7207.0,7285.0,25680
2019-09-10 21:00:00+00:00,7287.3,7358.0,7281.8,7353.8,21680
2019-09-11 21:00:00+00:00,7353.8,7388.5,7309.5,7361.8,36999
2019-09-12 21:00:00+00:00,7369.5,7384.2,7323.2,7335.8,22534
2019-09-15 21:00:00+00:00,7315.8,7370.3,7312.6,7327.0,29316
2019-09-16 21:00:00+00:00,7335.3,7351.3,7292.5,7321.6,25016
2019-09-17 21:00:00+00:00,7313.6,7351.6,7299.0,7318.3,20646
2019-09-18 21:00:00+00:00,7311.0,7374.0,7287.2,7321.8,9421
2019-09-19 21:00:00+00:00,7321.8,7377.0,7313.3,7326.8,10839
2019-09-22 21:00:00+00:00,7346.0,7362.8,7282.4,7336.8,23149
2019-09-23 21:00:00+00:00,7359.3,7363.8,7245.0,7252.5,30171
2019-09-24 21:00:00+00:00,7266.0,7314.2,7211.5,7304.0,28038
2019-09-25 21:00:00+00:00,7307.6,7389.3,7274.8,7377.3,28383
2019-09-26 21:00:00+00:00,7371.5,7443.3,7358.3,7401.0,29418
2019-09-29 21:00:00+00:00,7412.2,7441.8,7402.8,7407.8,21880
2019-09-30 21:00:00+00:00,7417.8,7435.3,7308.8,7320.3,33554
2019-10-01 21:00:00+00:00,7327.0,7333.2,7088.5,7111.6,41008
2019-10-02 21:00:00+00:00,7111.6,7121.6,7006.3,7118.2,45844
2019-10-03 21:00:00+00:00,7118.8,7175.8,7081.0,7174.2,37726
2019-10-06 21:00:00+00:00,7162.8,7220.3,7136.2,7199.0,27096
2019-10-07 21:00:00+00:00,7193.0,7231.3,7138.0,7140.2,42335
2019-10-08 21:00:00+00:00,7142.6,7199.6,7140.6,7185.8,34786
2019-10-09 21:00:00+00:00,7162.3,7220.8,7118.0,7148.5,44313
2019-10-10 21:00:00+00:00,7166.3,7260.6,7149.2,7228.5,49439
2019-10-13 21:00:00+00:00,7248.3,7265.3,7200.0,7229.6,31360
2019-10-14 21:00:00+00:00,7238.2,7250.8,7178.8,7204.8,42115
2019-10-15 21:00:00+00:00,7208.3,7221.8,7151.0,7170.3,41512
2019-10-16 21:00:00+00:00,7167.8,7243.8,7163.0,7185.0,42282
2019-10-17 21:00:00+00:00,7188.2,7202.8,7133.3,7144.3,31864
2019-10-20 21:00:00+00:00,7144.2,7200.0,7144.0,7165.5,25731
2019-10-21 21:00:00+00:00,7174.8,7230.8,7147.3,7202.3,24910
2019-10-22 21:00:00+00:00,7202.3,7265.6,7185.8,7250.6,23455
2019-10-23 21:00:00+00:00,7258.2,7339.8,7250.3,7322.8,24752
2019-10-24 21:00:00+00:00,7315.8,7336.8,7277.2,7324.3,20241
2019-10-27 21:00:00+00:00,7328.5,7346.0,7289.8,7334.5,19833
2019-10-28 21:00:00+00:00,7334.5,7343.5,7262.5,7309.6,21119
2019-10-29 21:00:00+00:00,7300.8,7341.0,7274.2,7335.8,20070
2019-10-30 21:00:00+00:00,7335.8,7337.8,7239.5,7263.2,30208
2019-10-31 21:00:00+00:00,7263.2,7312.8,7260.5,7311.8,21022
2019-11-03 22:00:00+00:00,7320.6,7392.3,7312.8,7372.0,17858
2019-11-04 22:00:00+00:00,7372.6,7406.8,7305.5,7305.5,19549
2019-11-05 22:00:00+00:00,7368.8,7402.2,7360.8,7392.0,18119
2019-11-06 22:00:00+00:00,7393.8,7436.8,7389.0,7405.2,23216
2019-11-07 22:00:00+00:00,7403.2,7403.2,7348.2,7382.8,19349
2019-11-10 22:00:00+00:00,7368.3,7372.6,7256.6,7337.6,18339
2019-11-11 22:00:00+00:00,7337.3,7390.3,7322.3,7354.6,31262
2019-11-12 22:00:00+00:00,7345.6,7362.8,7299.3,7349.0,29870
2019-11-13 22:00:00+00:00,7349.3,7368.3,7295.8,7321.8,32879
2019-11-14 22:00:00+00:00,7339.8,7352.0,7254.3,7324.0,30036
2019-11-17 22:00:00+00:00,7315.6,7348.3,7304.5,7319.3,29328
2019-11-18 22:00:00+00:00,7311.8,7413.8,7308.1,7332.3,31015
2019-11-19 22:00:00+00:00,7330.0,7330.6,7224.8,7255.8,41159
2019-11-20 22:00:00+00:00,7228.3,7260.8,7202.8,7256.8,47143
2019-11-21 22:00:00+00:00,7258.3,7348.6,7256.0,7338.0,34689
2019-11-24 22:00:00+00:00,7355.0,7403.3,7348.6,7401.3,23609
2019-11-25 22:00:00+00:00,7404.8,7430.8,7385.0,7405.0,30611
2019-11-26 22:00:00+00:00,7411.8,7447.3,7409.0,7434.5,24070
2019-11-27 22:00:00+00:00,7415.0,7426.6,7392.6,7420.4,15311
2019-11-28 22:00:00+00:00,7421.0,7429.8,7343.8,7350.3,26102
2019-12-01 22:00:00+00:00,7376.8,7407.6,7279.8,7300.6,32486
2019-12-02 22:00:00+00:00,7312.8,7314.0,7138.6,7193.0,40676
2019-12-03 22:00:00+00:00,7176.2,7203.8,7137.6,7199.6,35622
2019-12-04 22:00:00+00:00,7194.8,7203.8,7130.2,7143.6,28474
2019-12-05 22:00:00+00:00,7161.3,7246.3,7148.8,7232.6,23581
2019-12-08 22:00:00+00:00,7217.7,7256.2,7209.7,7232.2,18326
2019-12-09 22:00:00+00:00,7233.9,7243.9,7136.4,7205.9,32920
2019-12-10 22:00:00+00:00,7213.5,7253.6,7194.5,7218.2,28480
2019-12-11 22:00:00+00:00,7224.6,7308.8,7218.4,7278.4,42062
2019-12-12 22:00:00+00:00,7260.7,7430.7,7242.0,7375.2,48554
2019-12-15 22:00:00+00:00,7386.0,7554.7,7373.6,7524.0,24145
2019-12-16 22:00:00+00:00,7508.8,7544.8,7497.6,7518.3,26335
2019-12-17 22:00:00+00:00,7527.4,7569.1,7509.4,7565.1,15907
2019-12-18 22:00:00+00:00,7573.4,7601.9,7540.2,7584.9,17374
2019-12-19 22:00:00+00:00,7593.3,7623.8,7575.3,7582.6,26306
2019-12-22 22:00:00+00:00,7586.6,7644.1,7571.1,7630.1,19738
2019-12-23 22:00:00+00:00,7631.0,7647.0,7618.8,7646.3,6492
2019-12-26 22:00:00+00:00,7657.5,7690.8,7633.5,7646.8,18880
2019-12-29 22:00:00+00:00,7639.4,7652.1,7577.2,7579.8,16567
2019-12-30 22:00:00+00:00,7581.8,7586.3,7540.6,7550.0,8813
2020-01-01 22:00:00+00:00,7566.7,7631.7,7556.2,7631.7,27019
2020-01-02 22:00:00+00:00,7635.6,7639.6,7552.4,7597.6,35782
2020-01-05 22:00:00+00:00,7582.6,7602.4,7529.4,7589.9,29541
2020-01-06 22:00:00+00:00,7595.6,7624.2,7564.2,7571.2,29663
2020-01-07 22:00:00+00:00,7511.3,7612.0,7492.8,7589.2,42280
2020-01-08 22:00:00+00:00,7599.0,7620.7,7584.2,7619.2,17565
2020-01-09 22:00:00+00:00,7632.0,7636.8,7566.3,7573.3,21926
2020-01-12 22:00:00+00:00,7573.3,7639.9,7573.3,7620.9,21324
2020-01-13 22:00:00+00:00,7640.7,7655.2,7590.2,7629.4,26319
2020-01-14 22:00:00+00:00,7624.8,7648.7,7611.7,7629.7,23783
2020-01-15 22:00:00+00:00,7635.4,7658.4,7597.4,7625.4,22962
2020-01-16 22:00:00+00:00,7634.4,7693.4,7623.4,7687.9,21263
2020-01-19 22:00:00+00:00,7691.3,7696.0,7642.3,7658.8,13713
2020-01-20 22:00:00+00:00,7659.6,7660.6,7552.1,7598.6,28186
2020-01-21 22:00:00+00:00,7604.1,7642.1,7564.1,7569.8,27385
2020-01-22 22:00:00+00:00,7566.4,7577.2,7504.9,7553.9,31230
2020-01-23 22:00:00+00:00,7560.0,7646.4,7541.6,7560.4,33805
2020-01-26 22:00:00+00:00,7517.2,7522.0,7396.0,7408.8,44702
2020-01-27 22:00:00+00:00,7411.4,7496.4,7409.2,7486.4,37136
2020-01-28 22:00:00+00:00,7481.0,7520.6,7466.8,7483.0,32778
2020-01-29 22:00:00+00:00,7475.0,7475.0,7362.0,7437.4,53015
2020-01-30 22:00:00+00:00,7441.4,7448.8,7236.4,7268.1,54338
2020-02-02 22:00:00+00:00,7290.5,7370.3,7281.5,7332.8,47865
2020-02-03 22:00:00+00:00,7337.4,7448.4,7337.2,7429.9,33455
2020-02-04 22:00:00+00:00,7421.8,7518.3,7404.1,7501.4,45604
2020-02-05 22:00:00+00:00,7505.0,7544.4,7489.7,7520.2,33785
2020-02-06 22:00:00+00:00,7511.4,7518.2,7446.2,7459.2,36424
2020-02-09 22:00:00+00:00,7448.9,7474.4,7433.1,7470.6,31038
2020-02-10 22:00:00+00:00,7484.5,7536.7,7483.2,7504.7,29410
2020-02-11 22:00:00+00:00,7503.6,7562.8,7503.0,7561.3,26867
2020-02-12 22:00:00+00:00,7528.9,7533.1,7408.6,7444.9,36448
2020-02-13 22:00:00+00:00,7451.2,7477.4,7392.2,7413.2,28020
2020-02-16 22:00:00+00:00,7416.7,7454.0,7409.2,7431.4,5088
2020-02-17 22:00:00+00:00,7409.2,7426.7,7354.9,7400.4,11882
2020-02-18 22:00:00+00:00,7409.0,7476.1,7405.8,7469.1,9157
2020-02-19 22:00:00+00:00,7474.4,7484.2,7425.7,7461.4,13894
2020-02-20 22:00:00+00:00,7448.2,7453.7,7371.4,7407.4,15906
2020-02-23 22:00:00+00:00,7333.1,7339.7,7114.6,7121.9,24708
2020-02-24 22:00:00+00:00,7165.1,7203.6,6911.8,6934.1,32899
2020-02-25 22:00:00+00:00,6939.5,7050.3,6871.0,6958.8,47617
2020-02-26 22:00:00+00:00,6896.9,6948.2,6679.9,6680.4,54927
2020-02-27 22:00:00+00:00,6679.1,6685.1,6447.6,6629.0,94606
2020-03-01 22:00:00+00:00,6578.1,6767.3,6489.3,6741.3,71964
2020-03-02 22:00:00+00:00,6762.9,6843.8,6603.6,6638.8,88911
2020-03-03 22:00:00+00:00,6682.9,6888.8,6671.9,6879.6,47514
2020-03-04 22:00:00+00:00,6832.8,6845.3,6596.8,6621.1,46923
2020-03-05 22:00:00+00:00,6639.8,6643.5,6401.8,6475.3,67600
2020-03-08 21:00:00+00:00,6229.9,6238.2,5807.8,5812.4,92708
2020-03-09 21:00:00+00:00,6044.6,6228.2,5923.4,6150.2,96947
2020-03-10 21:00:00+00:00,6055.5,6105.2,5771.7,5825.2,91667
2020-03-11 21:00:00+00:00,5798.1,5816.6,5198.8,5287.8,108748
2020-03-12 21:00:00+00:00,5324.6,5696.6,5207.2,5653.6,106104
2020-03-15 21:00:00+00:00,5293.2,5333.0,4838.8,5047.8,93004
2020-03-16 21:00:00+00:00,5154.6,5374.2,4982.2,5261.9,106304
2020-03-17 21:00:00+00:00,5170.0,5238.8,4943.8,5087.0,84064
2020-03-18 21:00:00+00:00,5123.2,5254.3,4833.5,5150.8,70554
2020-03-19 21:00:00+00:00,5133.7,5396.4,4977.2,4990.7,101529
2020-03-22 21:00:00+00:00,4784.0,5176.8,4762.2,4974.0,116074
2020-03-23 21:00:00+00:00,5046.6,5443.6,5046.6,5432.9,82997
2020-03-24 21:00:00+00:00,5380.6,5735.1,5343.4,5596.6,114805
2020-03-25 21:00:00+00:00,5585.8,5803.4,5448.6,5787.4,99171
2020-03-26 21:00:00+00:00,5734.2,5739.4,5387.9,5427.9,80339
2020-03-29 21:00:00+00:00,5386.8,5590.7,5342.2,5581.4,79387
2020-03-30 21:00:00+00:00,5592.1,5709.3,5518.3,5588.0,74995
2020-03-31 21:00:00+00:00,5537.0,5563.8,5353.1,5355.4,64711
2020-04-01 21:00:00+00:00,5368.3,5541.2,5357.8,5483.2,73091
2020-04-02 21:00:00+00:00,5448.6,5471.1,5337.3,5369.8,57792
2020-04-05 21:00:00+00:00,5427.9,5645.6,5423.2,5628.4,43171
2020-04-06 21:00:00+00:00,5643.4,5765.7,5555.6,5607.4,68695
2020-04-07 21:00:00+00:00,5617.1,5706.1,5552.3,5680.6,52594
2020-04-08 21:00:00+00:00,5694.2,5867.6,5658.1,5850.1,56650
2020-04-13 21:00:00+00:00,5811.0,5928.2,5758.6,5779.1,33744
2020-04-14 21:00:00+00:00,5768.0,5776.3,5552.3,5561.8,40093
2020-04-15 21:00:00+00:00,5524.1,5643.6,5516.9,5637.4,42621
2020-04-16 21:00:00+00:00,5739.8,5817.8,5716.3,5805.4,40839
2020-04-19 21:00:00+00:00,5773.2,5825.0,5681.0,5711.0,35427
2020-04-20 21:00:00+00:00,5714.0,5746.5,5603.8,5627.3,45735
2020-04-21 21:00:00+00:00,5641.2,5767.0,5608.6,5756.9,28106
2020-04-22 21:00:00+00:00,5738.8,5819.9,5711.4,5751.4,34515
2020-04-23 21:00:00+00:00,5709.7,5786.2,5693.2,5765.8,26282
2020-04-26 21:00:00+00:00,5758.0,5852.1,5752.0,5846.1,23144
2020-04-27 21:00:00+00:00,5832.2,5952.0,5805.2,5894.5,26503
2020-04-28 21:00:00+00:00,5909.3,6109.2,5908.3,6082.6,28483
2020-04-29 21:00:00+00:00,6102.4,6182.9,5820.9,5857.6,38329
2020-04-30 21:00:00+00:00,5809.9,5829.9,5706.9,5721.2,13896
2020-05-03 21:00:00+00:00,5656.7,5784.9,5635.8,5784.9,28232
2020-05-04 21:00:00+00:00,5773.2,5841.0,5760.0,5793.4,23506
2020-05-05 21:00:00+00:00,5802.1,5885.4,5760.4,5793.8,25093
2020-05-06 21:00:00+00:00,5781.4,5926.4,5781.4,5880.6,20960
2020-05-10 21:00:00+00:00,5880.6,5978.3,5874.3,5941.0,17759
2020-05-11 21:00:00+00:00,5925.6,5992.1,5885.0,5903.3,21804
2020-05-12 21:00:00+00:00,5850.0,5929.5,5810.7,5844.0,29923
2020-05-13 21:00:00+00:00,5834.9,5837.7,5635.2,5757.2,34061
2020-05-14 21:00:00+00:00,5776.1,5826.6,5734.8,5815.0,28903
2020-05-17 21:00:00+00:00,5834.9,6063.2,5834.9,6048.7,19783
2020-05-18 21:00:00+00:00,6057.6,6100.9,5918.6,5918.6,30067
2020-05-19 21:00:00+00:00,5930.2,6059.5,5925.3,6048.8,22914
2020-05-20 21:00:00+00:00,6038.7,6077.0,5984.2,6001.0,22262
2020-05-21 21:00:00+00:00,6008.8,6027.6,5872.0,5998.6,21576
2020-05-25 21:00:00+00:00,6074.8,6150.0,6028.3,6040.8,18657
2020-05-26 21:00:00+00:00,6048.0,6158.1,6034.4,6151.8,24798
2020-05-27 21:00:00+00:00,6166.3,6229.8,6141.6,6176.8,25392
2020-05-28 21:00:00+00:00,6158.2,6181.2,6033.4,6090.7,31316
2020-05-31 21:00:00+00:00,6066.1,6189.8,6064.1,6188.8,21018
2020-06-01 21:00:00+00:00,6160.2,6233.2,6148.9,6229.2,18529
2020-06-02 21:00:00+00:00,6247.9,6402.2,6245.4,6381.6,18887
2020-06-03 21:00:00+00:00,6390.9,6398.4,6306.1,6331.6,23345
2020-06-04 21:00:00+00:00,6333.4,6494.9,6324.6,6450.6,23963
2020-06-07 21:00:00+00:00,6480.4,6510.9,6419.1,6501.1,19959
2020-06-08 21:00:00+00:00,6496.7,6513.5,6310.2,6331.5,25680
2020-06-09 21:00:00+00:00,6351.4,6385.9,6290.9,6303.9,28616
2020-06-10 21:00:00+00:00,6262.8,6291.2,5963.2,5973.9,44608
2020-06-11 21:00:00+00:00,6018.2,6183.7,5979.2,6141.0,55264
2020-06-14 21:00:00+00:00,6066.4,6145.5,5931.0,6128.8,54075
2020-06-15 21:00:00+00:00,6179.6,6300.5,6162.6,6237.8,44371
2020-06-16 21:00:00+00:00,6276.6,6330.3,6233.8,6237.8,42660
2020-06-17 21:00:00+00:00,6221.8,6297.4,6160.1,6228.4,39340
2020-06-18 21:00:00+00:00,6257.4,6334.4,6219.6,6256.1,26434
2020-06-21 21:00:00+00:00,6207.9,6324.7,6206.4,6280.6,21819
2020-06-22 21:00:00+00:00,6301.4,6355.9,6201.7,6298.2,21684
2020-06-23 21:00:00+00:00,6292.2,6320.6,6108.2,6125.7,25597
2020-06-24 21:00:00+00:00,6123.8,6229.8,6038.3,6228.4,30104
2020-06-25 21:00:00+00:00,6220.9,6275.7,6146.4,6157.9,23557
2020-06-28 21:00:00+00:00,6151.8,6265.8,6120.4,6243.1,25094
2020-06-29 21:00:00+00:00,6264.8,6276.6,6158.8,6205.8,20090
2020-06-30 21:00:00+00:00,6196.7,6215.2,6093.4,6192.2,19040
2020-07-01 21:00:00+00:00,6183.0,6270.7,6164.4,6237.4,18929
2020-07-02 21:00:00+00:00,6241.8,6275.5,6144.0,6188.0,12415
2020-07-05 21:00:00+00:00,6196.6,6315.9,6196.6,6294.2,17266
2020-07-06 21:00:00+00:00,6314.6,6330.8,6162.2,6164.4,15548
2020-07-07 21:00:00+00:00,6171.6,6219.9,6132.9,6195.2,16312
2020-07-08 21:00:00+00:00,6201.7,6218.2,6038.2,6079.5,18501
2020-07-09 21:00:00+00:00,6088.2,6143.1,6003.7,6141.2,17523
2020-07-12 21:00:00+00:00,6158.9,6203.4,6094.2,6108.5,16406
2020-07-13 21:00:00+00:00,6136.0,6222.0,6098.2,6212.5,23749
2020-07-14 21:00:00+00:00,6250.0,6333.8,6216.0,6304.0,18618
2020-07-15 21:00:00+00:00,6312.7,6312.7,6235.4,6278.9,17741
2020-07-16 21:00:00+00:00,6277.7,6310.9,6237.2,6310.9,12051
2020-07-19 21:00:00+00:00,6313.2,6318.0,6228.7,6279.2,17153
2020-07-20 21:00:00+00:00,6274.2,6326.0,6244.8,6252.0,14927
2020-07-21 21:00:00+00:00,6264.2,6284.0,6204.3,6221.6,14593
2020-07-22 21:00:00+00:00,6207.6,6283.6,6159.1,6181.6,17165
2020-07-23 21:00:00+00:00,6183.0,6192.4,6104.1,6117.9,20075
2020-07-26 21:00:00+00:00,6112.1,6150.1,6090.6,6135.6,13557
2020-07-27 21:00:00+00:00,6148.1,6170.6,6088.1,6106.9,15754
2020-07-28 21:00:00+00:00,6116.0,6166.5,6108.8,6151.8,12386
2020-07-29 21:00:00+00:00,6158.4,6167.7,5926.9,6036.7,19145
2020-07-30 21:00:00+00:00,6051.3,6060.8,5859.6,5906.6,24483
2020-08-02 21:00:00+00:00,5899.6,6047.1,5862.3,6021.2,16148
2020-08-03 21:00:00+00:00,6025.4,6068.4,5990.1,6043.7,18083
2020-08-04 21:00:00+00:00,6048.8,6118.8,6030.8,6083.4,12778
2020-08-05 21:00:00+00:00,6075.8,6102.3,5984.3,6054.5,17042
2020-08-06 21:00:00+00:00,6056.6,6062.1,5999.1,6059.1,16941
2020-08-09 21:00:00+00:00,6055.8,6107.8,6031.8,6085.3,14648
2020-08-10 21:00:00+00:00,6082.5,6212.0,6077.0,6134.0,17872
2020-08-11 21:00:00+00:00,6155.0,6302.2,6133.4,6274.2,16939
2020-08-12 21:00:00+00:00,6251.6,6253.6,6164.4,6180.4,15421
2020-08-13 21:00:00+00:00,6184.9,6205.4,6035.9,6086.1,16370
2020-08-16 21:00:00+00:00,6088.7,6143.7,6059.7,6120.8,14259
2020-08-17 21:00:00+00:00,6126.7,6165.5,6061.0,6070.2,14919
2020-08-18 21:00:00+00:00,6075.0,6121.5,6045.3,6085.8,13672
2020-08-19 21:00:00+00:00,6060.6,6078.7,6009.4,6016.9,15952
2020-08-20 21:00:00+00:00,6025.6,6048.4,5948.4,6019.2,16035
2020-08-23 21:00:00+00:00,6019.5,6123.0,6007.0,6114.2,12542
2020-08-24 21:00:00+00:00,6123.2,6178.0,6016.0,6052.2,13480
2020-08-25 21:00:00+00:00,6051.2,6062.0,5991.7,6054.2,12677
2020-08-26 21:00:00+00:00,6055.4,6064.7,5988.4,6005.2,15395
2020-08-27 21:00:00+00:00,6009.7,6045.7,5954.0,5985.7,18349
2020-08-31 21:00:00+00:00,5920.2,5972.7,5822.7,5872.5,21245
2020-09-01 21:00:00+00:00,5886.5,5979.0,5882.0,5971.7,19823
2020-09-02 21:00:00+00:00,5971.1,6000.1,5794.4,5816.6,29231
2020-09-03 21:00:00+00:00,5789.6,5904.9,5776.4,5837.6,37593
2020-09-06 21:00:00+00:00,5814.4,5949.4,5809.2,5938.7,19063
2020-09-07 21:00:00+00:00,5943.4,5987.9,5868.7,5899.4,30204
2020-09-08 21:00:00+00:00,5868.5,6038.0,5868.5,6007.0,23689
2020-09-09 21:00:00+00:00,6021.8,6030.4,5949.4,5958.8,26893
2020-09-10 21:00:00+00:00,5965.2,6059.9,5965.2,6027.6,24107
2020-09-13 21:00:00+00:00,6057.3,6082.4,6010.9,6020.4,13843
2020-09-14 21:00:00+00:00,6033.2,6128.4,6013.6,6085.0,12673
2020-09-15 21:00:00+00:00,6096.8,6130.2,6066.0,6082.2,12498
2020-09-16 21:00:00+00:00,6083.6,6089.8,6003.1,6050.8,22697
2020-09-17 21:00:00+00:00,6048.0,6077.3,5986.0,6001.8,16563
2020-09-20 21:00:00+00:00,6005.2,6018.1,5783.6,5837.8,22608
2020-09-21 21:00:00+00:00,5860.9,5898.1,5798.4,5892.8,20729
2020-09-22 21:00:00+00:00,5888.2,5982.9,5853.1,5860.1,20525
2020-09-23 21:00:00+00:00,5846.8,5902.1,5810.6,5837.2,21771
2020-09-24 21:00:00+00:00,5869.4,5888.5,5776.7,5885.4,18750
2020-09-27 21:00:00+00:00,5891.0,5962.8,5882.1,5946.6,14271
2020-09-28 21:00:00+00:00,5967.1,5969.6,5867.6,5901.9,13480
2020-09-29 21:00:00+00:00,5914.0,5940.8,5854.3,5872.5,24146
2020-09-30 21:00:00+00:00,5879.0,5933.0,5854.0,5886.4,18028
2020-10-01 21:00:00+00:00,5884.2,5921.7,5799.9,5907.7,26381
2020-10-04 21:00:00+00:00,5941.0,5981.5,5921.0,5969.0,12036
2020-10-05 21:00:00+00:00,5958.4,5976.1,5905.3,5915.6,17982
2020-10-06 21:00:00+00:00,5911.0,5980.5,5910.5,5955.0,13938
2020-10-07 21:00:00+00:00,5958.4,6007.9,5931.4,6002.4,11819
2020-10-08 21:00:00+00:00,6016.3,6045.1,5994.3,6010.6,10286
2020-10-11 21:00:00+00:00,6011.0,6042.3,5996.0,6027.0,9585
2020-10-12 21:00:00+00:00,6029.2,6034.8,5954.5,5977.0,12622
2020-10-13 21:00:00+00:00,5985.2,6015.3,5907.3,5910.0,11618
2020-10-14 21:00:00+00:00,5932.4,5935.8,5787.3,5868.8,16930
2020-10-15 21:00:00+00:00,5875.6,5939.7,5861.2,5922.2,16211
2020-10-18 21:00:00+00:00,5928.4,5966.9,5850.4,5856.7,12583
2020-10-19 21:00:00+00:00,5881.6,5921.4,5859.6,5890.2,14894
2020-10-20 21:00:00+00:00,5899.5,5921.4,5763.2,5765.7,16835
2020-10-21 21:00:00+00:00,5747.0,5813.5,5717.6,5806.0,16610
2020-10-22 21:00:00+00:00,5805.1,5889.1,5784.7,5875.4,13605
2020-10-25 21:00:00+00:00,5845.0,5872.5,5760.3,5797.2,19895
2020-10-26 21:00:00+00:00,5823.3,5823.3,5697.8,5698.2,18668
2020-10-27 21:00:00+00:00,5698.1,5720.5,5527.3,5555.6,29943
2020-10-28 21:00:00+00:00,5555.8,5635.6,5536.2,5592.4,32213
2020-10-29 21:00:00+00:00,5576.8,5611.8,5491.4,5600.9,39361
2020-11-01 22:00:00+00:00,5558.6,5674.6,5552.9,5666.8,27896
2020-11-02 22:00:00+00:00,5687.8,5812.0,5684.9,5792.8,20107
2020-11-03 22:00:00+00:00,5763.6,5906.9,5660.5,5856.5,88397
2020-11-04 22:00:00+00:00,5860.0,5936.7,5854.1,5900.4,33838
2020-11-05 22:00:00+00:00,5882.6,5954.7,5859.9,5908.7,27685
2020-11-08 22:00:00+00:00,5975.1,6264.4,5967.2,6157.8,80463
2020-11-09 22:00:00+00:00,6144.2,6319.6,6108.0,6283.0,55800
2020-11-10 22:00:00+00:00,6265.9,6403.9,6265.9,6375.0,38494
2020-11-11 22:00:00+00:00,6352.4,6373.7,6270.9,6286.3,31077
2020-11-12 22:00:00+00:00,6279.8,6355.6,6262.6,6343.8,26752
2020-11-15 22:00:00+00:00,6370.1,6468.7,6334.9,6430.0,26776
2020-11-16 22:00:00+00:00,6415.5,6428.5,6312.8,6362.9,17506
2020-11-17 22:00:00+00:00,6350.5,6398.7,6321.1,6321.8,17446
2020-11-18 22:00:00+00:00,6315.0,6374.3,6311.6,6369.7,19714
2020-11-19 22:00:00+00:00,6341.4,6396.2,6322.7,6358.6,17282
2020-11-22 22:00:00+00:00,6372.2,6394.7,6323.6,6350.3,19855
2020-11-23 22:00:00+00:00,6377.8,6455.8,6367.2,6451.6,15621
2020-11-24 22:00:00+00:00,6465.0,6489.8,6374.9,6392.9,20046
2020-11-25 22:00:00+00:00,6395.0,6415.0,6343.9,6350.1,13550
2020-11-26 22:00:00+00:00,6357.6,6420.4,6303.4,6418.1,21045
2020-11-29 22:00:00+00:00,6384.4,6407.4,6248.6,6252.4,30759
2020-11-30 22:00:00+00:00,6296.1,6399.4,6289.1,6393.6,25069
2020-12-01 22:00:00+00:00,6370.6,6469.4,6352.4,6445.6,21229
2020-12-02 22:00:00+00:00,6437.0,6511.1,6429.2,6480.4,18073
2020-12-03 22:00:00+00:00,6482.7,6568.7,6482.2,6562.7,19356
2020-12-06 22:00:00+00:00,6562.0,6601.7,6519.8,6534.9,16091
2020-12-07 22:00:00+00:00,6539.3,6574.8,6518.2,6573.4,11852
2020-12-08 22:00:00+00:00,6585.3,6624.9,6539.6,6578.6,14231
2020-12-09 22:00:00+00:00,6569.0,6641.2,6560.7,6600.0,14198
2020-12-10 22:00:00+00:00,6611.5,6614.1,6520.6,6568.0,16162
2020-12-13 22:00:00+00:00,6590.5,6593.5,6507.7,6512.7,13499
2020-12-14 22:00:00+00:00,6514.6,6560.6,6484.3,6547.1,15918
2020-12-15 22:00:00+00:00,6538.1,6600.7,6531.7,6580.1,11684
2020-12-16 22:00:00+00:00,6566.8,6604.8,6544.8,6553.6,10497
2020-12-17 22:00:00+00:00,6551.0,6605.8,6506.5,6518.0,13977
2020-12-20 22:00:00+00:00,6475.4,6475.6,6310.0,6434.0,33478
2020-12-21 22:00:00+00:00,6411.2,6467.4,6370.0,6461.2,17998
2020-12-22 22:00:00+00:00,6431.9,6526.0,6414.4,6511.0,18178
2020-12-23 22:00:00+00:00,6504.3,6538.4,6477.2,6510.2,8247
2020-12-28 22:00:00+00:00,6570.8,6679.7,6558.3,6586.7,15274
2020-12-29 22:00:00+00:00,6583.0,6624.7,6506.9,6510.8,11953
2020-12-30 22:00:00+00:00,6517.9,6524.2,6430.2,6457.3,9528
2021-01-03 22:00:00+00:00,6484.9,6664.9,6468.9,6552.9,26876
2021-01-04 22:00:00+00:00,6566.2,6649.4,6516.9,6624.4,24935
2021-01-05 22:00:00+00:00,6627.5,6870.6,6602.3,6834.5,49484
2021-01-06 22:00:00+00:00,6851.4,6964.2,6797.8,6863.2,22369
2021-01-07 22:00:00+00:00,6885.9,6916.3,6840.8,6910.7,19065
2021-01-10 22:00:00+00:00,6888.9,6889.6,6772.6,6802.7,20175
2021-01-11 22:00:00+00:00,6823.4,6830.8,6726.1,6772.4,21202
2021-01-12 22:00:00+00:00,6759.8,6781.3,6739.8,6754.1,12903
2021-01-13 22:00:00+00:00,6760.9,6816.6,6742.4,6800.4,17324
2021-01-14 22:00:00+00:00,6799.0,6806.2,6679.9,6730.4,23881
2021-01-17 22:00:00+00:00,6730.4,6748.8,6713.4,6741.6,14828
2021-01-18 22:00:00+00:00,6752.0,6776.6,6702.1,6736.0,14659
2021-01-19 22:00:00+00:00,6736.7,6765.3,6700.9,6763.6,15969
2021-01-20 22:00:00+00:00,6767.8,6784.1,6704.9,6735.0,11728
2021-01-21 22:00:00+00:00,6720.4,6730.9,6651.1,6698.4,18443
2021-01-24 22:00:00+00:00,6711.1,6721.5,6611.5,6681.5,18644
2021-01-25 22:00:00+00:00,6667.6,6707.8,6626.5,6664.2,16960
2021-01-26 22:00:00+00:00,6665.9,6673.3,6517.8,6526.0,32887
2021-01-27 22:00:00+00:00,6538.0,6574.0,6453.8,6543.4,37849
2021-01-28 22:00:00+00:00,6525.6,6537.4,6368.5,6398.8,44928
2021-01-31 22:00:00+00:00,6395.3,6515.8,6394.2,6511.1,27802
2021-02-01 22:00:00+00:00,6508.6,6554.8,6497.9,6551.6,17980
2021-02-02 22:00:00+00:00,6564.9,6596.3,6509.3,6553.1,18390
2021-02-03 22:00:00+00:00,6544.2,6575.8,6497.3,6519.0,12104
2021-02-04 22:00:00+00:00,6519.8,6538.0,6475.8,6523.4,12088
2021-02-07 22:00:00+00:00,6542.0,6588.3,6520.5,6548.6,9816
2021-02-08 22:00:00+00:00,6550.1,6573.8,6516.1,6563.6,12168
2021-02-09 22:00:00+00:00,6563.6,6600.6,6497.8,6529.5,13172
2021-02-10 22:00:00+00:00,6524.7,6574.1,6524.2,6550.8,10927
2021-02-11 22:00:00+00:00,6544.9,6627.7,6501.5,6625.6,10280
2021-02-14 22:00:00+00:00,6622.9,6779.0,6622.3,6762.0,9218
2021-02-15 22:00:00+00:00,6764.5,6801.3,6736.4,6746.1,13259
2021-02-16 22:00:00+00:00,6733.8,6771.6,6702.3,6728.6,16918
2021-02-17 22:00:00+00:00,6723.6,6735.1,6593.1,6629.0,17677
2021-02-18 22:00:00+00:00,6630.4,6650.8,6580.9,6604.1,24588
2021-02-21 22:00:00+00:00,6626.1,6629.3,6549.0,6592.3,20857
2021-02-22 22:00:00+00:00,6595.2,6678.8,6555.8,6623.6,24695
2021-02-23 22:00:00+00:00,6617.8,6693.0,6567.4,6683.9,25729
2021-02-24 22:00:00+00:00,6678.6,6709.5,6574.4,6594.6,24368
2021-02-25 22:00:00+00:00,6587.2,6651.8,6466.3,6493.9,53225
2021-02-28 22:00:00+00:00,6531.1,6618.8,6522.9,6613.0,17735
2021-03-01 22:00:00+00:00,6601.8,6665.8,6556.7,6629.2,19286
2021-03-02 22:00:00+00:00,6640.4,6709.7,6619.8,6644.4,17935
2021-03-03 22:00:00+00:00,6626.2,6670.0,6564.2,6603.2,38308
2021-03-04 22:00:00+00:00,6570.8,6712.5,6552.8,6701.0,40956
2021-03-07 22:00:00+00:00,6715.2,6732.7,6611.0,6698.6,35332
2021-03-08 22:00:00+00:00,6707.4,6787.7,6684.0,6731.2,24315
2021-03-09 22:00:00+00:00,6721.4,6742.8,6677.7,6734.4,22834
2021-03-10 22:00:00+00:00,6724.1,6760.6,6697.5,6727.6,11862
2021-03-11 22:00:00+00:00,6729.1,6799.0,6696.5,6798.1,11345
2021-03-14 21:00:00+00:00,6797.3,6810.6,6723.0,6772.8,13656
2021-03-15 21:00:00+00:00,6770.8,6814.3,6770.8,6799.8,10778
2021-03-16 21:00:00+00:00,6795.9,6805.5,6753.3,6781.1,12141
2021-03-17 21:00:00+00:00,6794.6,6806.1,6716.5,6735.6,15826
2021-03-18 21:00:00+00:00,6742.0,6756.5,6663.8,6720.1,19901
2021-03-21 21:00:00+00:00,6712.8,6737.3,6646.8,6717.8,13381
2021-03-22 21:00:00+00:00,6717.9,6724.8,6660.4,6671.0,11837
2021-03-23 21:00:00+00:00,6666.4,6725.0,6651.0,6697.1,11424
2021-03-24 21:00:00+00:00,6695.4,6731.6,6617.1,6708.4,17814
2021-03-25 21:00:00+00:00,6705.4,6784.1,6697.9,6770.2,11468
2021-03-28 21:00:00+00:00,6770.3,6777.4,6704.6,6770.9,12573
2021-03-29 21:00:00+00:00,6777.6,6793.6,6728.6,6772.6,10227
2021-03-30 21:00:00+00:00,6776.8,6789.6,6713.5,6728.9,9320
2021-03-31 21:00:00+00:00,6728.4,6786.8,6718.4,6779.5,7723
2021-04-05 21:00:00+00:00,6822.4,6845.7,6759.0,6829.8,10669
2021-04-06 21:00:00+00:00,6835.8,6910.5,6830.5,6909.1,8585
2021-04-07 21:00:00+00:00,6915.8,6956.5,6891.8,6950.6,8673
2021-04-08 21:00:00+00:00,6958.0,6964.8,6911.8,6940.2,7970
2021-04-11 21:00:00+00:00,6940.1,6940.1,6856.8,6899.8,8340
2021-04-12 21:00:00+00:00,6899.9,6904.8,6861.5,6897.8,7403
2021-04-13 21:00:00+00:00,6894.3,6947.3,6885.5,6928.1,7147
2021-04-14 21:00:00+00:00,6929.7,7004.0,6929.0,6997.9,8009
2021-04-15 21:00:00+00:00,6998.4,7039.7,6987.9,7030.4,7932
2021-04-18 21:00:00+00:00,7013.4,7042.1,6980.0,6993.9,9244
2021-04-19 21:00:00+00:00,7000.1,7009.8,6853.8,6877.3,11093
2021-04-20 21:00:00+00:00,6874.6,6934.6,6843.5,6933.5,10583
2021-04-21 21:00:00+00:00,6920.0,6943.8,6890.0,6899.2,11678
2021-04-22 21:00:00+00:00,6905.8,6946.8,6893.1,6927.4,7974
2021-04-25 21:00:00+00:00,6920.4,6974.5,6915.0,6960.8,7153
2021-04-26 21:00:00+00:00,6966.1,6980.5,6930.3,6954.5,7427
2021-04-27 21:00:00+00:00,6950.6,6989.5,6941.8,6968.6,8082
2021-04-28 21:00:00+00:00,6972.1,7020.8,6941.2,6971.6,8826
2021-04-29 21:00:00+00:00,6962.9,7011.2,6934.6,6968.1,9424
2021-05-03 21:00:00+00:00,7003.0,7041.3,6912.1,6947.3,15299
2021-05-04 21:00:00+00:00,6951.4,7059.1,6947.4,7052.9,8616
2021-05-05 21:00:00+00:00,7044.4,7103.6,7027.3,7101.3,11127
2021-05-06 21:00:00+00:00,7096.6,7152.6,7081.4,7144.6,9327
2021-05-09 21:00:00+00:00,7146.2,7169.8,7072.0,7077.6,8590
2021-05-10 21:00:00+00:00,7078.1,7080.8,6912.1,6965.6,19806
2021-05-11 21:00:00+00:00,6965.2,7029.5,6895.2,6969.2,25036
2021-05-12 21:00:00+00:00,6970.8,6992.2,6822.5,6979.6,22413
2021-05-13 21:00:00+00:00,6985.2,7075.6,6981.0,7071.4,12581
2021-05-16 21:00:00+00:00,7069.2,7075.5,6988.6,7058.5,16454
2021-05-17 21:00:00+00:00,7066.2,7108.1,7014.7,7016.7,9599
2021-05-18 21:00:00+00:00,7000.0,7017.1,6896.3,6981.1,23503
2021-05-19 21:00:00+00:00,6958.6,7029.8,6927.0,7026.1,11942
2021-05-20 21:00:00+00:00,7030.0,7037.4,6972.3,7019.5,11916
2021-05-23 21:00:00+00:00,7021.2,7066.0,7014.8,7053.4,8429
2021-05-24 21:00:00+00:00,7061.9,7081.0,7002.5,7011.8,9718
2021-05-25 21:00:00+00:00,7022.3,7053.0,7000.3,7029.2,9475
2021-05-26 21:00:00+00:00,7027.9,7045.2,6998.6,7030.3,9112
2021-05-27 21:00:00+00:00,7043.0,7055.2,7013.7,7014.6,7590
2021-05-31 21:00:00+00:00,7041.4,7119.8,6990.4,7075.4,10631
2021-06-01 21:00:00+00:00,7074.4,7123.9,7067.9,7106.8,9577
2021-06-02 21:00:00+00:00,7105.3,7122.2,7012.5,7068.2,10173
2021-06-03 21:00:00+00:00,7056.8,7085.9,7038.6,7078.0,7527
2021-06-06 21:00:00+00:00,7081.7,7099.4,7039.6,7079.7,7553
2021-06-07 21:00:00+00:00,7085.4,7122.4,7072.2,7101.7,6818
2021-06-08 21:00:00+00:00,7101.0,7109.9,7045.4,7081.6,7394
2021-06-09 21:00:00+00:00,7082.4,7118.7,7077.7,7088.0,7902
2021-06-10 21:00:00+00:00,7086.8,7156.6,7075.6,7152.0,6194
2021-06-13 21:00:00+00:00,7159.8,7192.0,7136.0,7159.9,6430
2021-06-14 21:00:00+00:00,7162.3,7189.8,7153.4,7183.4,7638
2021-06-15 21:00:00+00:00,7179.8,7217.8,7148.9,7171.8,10698
2021-06-16 21:00:00+00:00,7152.4,7172.0,7127.5,7160.3,9839
2021-06-17 21:00:00+00:00,7161.2,7161.2,7003.8,7015.4,14452
2021-06-20 21:00:00+00:00,7005.0,7092.8,6947.3,7087.4,16147
2021-06-21 21:00:00+00:00,7089.9,7098.4,7059.8,7078.9,9855
2021-06-22 21:00:00+00:00,7082.6,7127.0,7064.9,7071.0,8437
2021-06-23 21:00:00+00:00,7071.0,7119.2,7067.1,7115.0,7334
2021-06-24 21:00:00+00:00,7122.8,7148.5,7107.8,7147.0,5060
2021-06-27 21:00:00+00:00,7149.8,7152.6,7064.8,7076.5,7180
2021-06-28 21:00:00+00:00,7073.6,7116.8,7060.0,7077.6,7275
2021-06-29 21:00:00+00:00,7086.4,7098.8,7003.5,7054.3,10508
2021-06-30 21:00:00+00:00,7061.0,7143.6,7046.9,7142.0,11129
2021-07-01 21:00:00+00:00,7136.6,7158.8,7099.8,7123.8,8053
2021-07-04 21:00:00+00:00,7119.4,7159.3,7100.5,7147.3,6138
2021-07-05 21:00:00+00:00,7151.8,7162.3,7064.0,7092.4,10361
2021-07-06 21:00:00+00:00,7086.9,7151.3,7078.4,7142.0,10625
2021-07-07 21:00:00+00:00,7135.5,7137.8,6967.5,7025.8,21056
2021-07-08 21:00:00+00:00,7015.0,7111.5,6993.5,7100.4,14011
2021-07-11 21:00:00+00:00,7106.8,7121.2,7051.0,7109.4,10175
2021-07-12 21:00:00+00:00,7114.6,7136.7,7103.8,7113.0,8346
2021-07-13 21:00:00+00:00,7108.4,7122.0,7060.3,7075.9,9887
2021-07-14 21:00:00+00:00,7073.8,7101.5,6990.0,7008.3,13342
2021-07-15 21:00:00+00:00,7001.2,7051.6,6964.4,6975.6,13211
2021-07-18 21:00:00+00:00,6960.6,6960.6,6798.8,6843.8,24181
2021-07-19 21:00:00+00:00,6848.1,6924.0,6819.2,6905.0,18367
2021-07-20 21:00:00+00:00,6914.8,7011.5,6874.9,7005.4,16010
2021-07-21 21:00:00+00:00,7003.4,7015.7,6950.5,6967.6,10552
2021-07-22 21:00:00+00:00,6980.4,7036.6,6968.0,7023.0,8079
2021-07-25 21:00:00+00:00,7025.8,7034.2,6975.3,7025.9,9649
2021-07-26 21:00:00+00:00,7020.8,7029.6,6922.5,7006.8,13938
2021-07-27 21:00:00+00:00,7003.3,7024.8,6972.5,7010.1,15236
2021-07-28 21:00:00+00:00,7011.9,7093.3,6997.0,7058.5,10528
2021-07-29 21:00:00+00:00,7046.5,7056.5,6994.4,7033.9,13631
2021-08-01 21:00:00+00:00,7055.2,7119.0,7046.6,7065.5,10116
2021-08-02 21:00:00+00:00,7073.8,7132.0,7069.3,7123.8,10349
2021-08-03 21:00:00+00:00,7114.5,7150.0,7112.9,7120.8,7987
2021-08-04 21:00:00+00:00,7118.8,7138.5,7103.1,7128.8,6018
2021-08-05 21:00:00+00:00,7128.4,7144.2,7112.2,7131.6,5967
2021-08-08 21:00:00+00:00,7110.7,7148.6,7096.6,7144.9,6195
2021-08-09 21:00:00+00:00,7142.4,7185.6,7123.1,7185.3,5069
2021-08-10 21:00:00+00:00,7183.1,7244.3,7177.6,7243.4,5810
2021-08-11 21:00:00+00:00,7209.2,7219.2,7187.3,7210.3,5507
2021-08-12 21:00:00+00:00,7211.6,7228.3,7198.9,7213.4,4527
2021-08-15 21:00:00+00:00,7210.0,7210.3,7119.5,7173.1,8716
2021-08-16 21:00:00+00:00,7171.0,7192.5,7114.0,7181.1,10586
2021-08-17 21:00:00+00:00,7169.4,7211.4,7130.1,7130.4,8338
2021-08-18 21:00:00+00:00,7108.6,7119.2,6990.2,7075.3,19061
2021-08-19 21:00:00+00:00,7072.7,7116.1,7031.8,7111.2,12856
2021-08-22 21:00:00+00:00,7107.2,7152.3,7099.8,7113.3,8153
2021-08-23 21:00:00+00:00,7120.8,7132.3,7075.3,7113.3,5831
2021-08-24 21:00:00+00:00,7114.4,7154.1,7105.7,7139.3,4937
2021-08-25 21:00:00+00:00,7132.4,7146.3,7093.3,7125.2,8711
2021-08-26 21:00:00+00:00,7119.2,7160.3,7108.8,7150.4,6374
2021-08-30 21:00:00+00:00,7142.1,7179.3,7091.6,7122.9,9187
2021-08-31 21:00:00+00:00,7129.2,7190.1,7126.2,7159.2,7596
2021-09-01 21:00:00+00:00,7147.6,7170.6,7125.2,7147.4,5714
2021-09-02 21:00:00+00:00,7148.7,7180.9,7120.6,7139.2,7497
2021-09-05 21:00:00+00:00,7133.8,7196.9,7120.4,7184.7,4805
2021-09-06 21:00:00+00:00,7176.8,7179.9,7114.6,7123.2,7149
2021-09-07 21:00:00+00:00,7112.9,7131.6,7057.9,7081.4,12425
2021-09-08 21:00:00+00:00,7076.5,7081.5,6990.4,7005.0,11467
2021-09-09 21:00:00+00:00,7003.5,7056.5,7000.3,7005.4,10077
2021-09-12 21:00:00+00:00,7027.9,7092.8,7014.4,7066.0,10954
2021-09-13 21:00:00+00:00,7072.1,7078.3,7017.8,7024.0,10384
2021-09-14 21:00:00+00:00,7022.8,7051.3,7010.4,7047.0,8993
2021-09-15 21:00:00+00:00,7053.7,7075.5,7024.0,7070.2,8541
2021-09-16 21:00:00+00:00,7054.3,7093.8,6930.9,6984.3,16464
2021-09-19 21:00:00+00:00,6974.3,6980.8,6824.8,6899.8,23929
2021-09-20 21:00:00+00:00,6914.1,7006.3,6912.3,6962.5,16596
2021-09-21 21:00:00+00:00,6947.6,7105.5,6931.4,7069.5,19448
2021-09-22 21:00:00+00:00,7080.3,7133.6,7069.8,7090.8,10501
2021-09-23 21:00:00+00:00,7091.5,7101.4,7039.2,7061.6,11558
2021-09-26 21:00:00+00:00,7077.8,7131.4,7044.8,7074.5,10623
2021-09-27 21:00:00+00:00,7068.4,7084.3,7009.6,7023.8,17334
2021-09-28 21:00:00+00:00,7033.8,7118.8,7009.8,7095.0,20434
2021-09-29 21:00:00+00:00,7101.2,7159.2,7061.0,7064.7,17889
2021-09-30 21:00:00+00:00,7070.6,7082.7,6986.2,7056.7,24906
2021-10-03 21:00:00+00:00,7081.4,7083.3,7001.5,7036.9,23615
2021-10-04 21:00:00+00:00,7044.6,7088.8,7007.4,7070.6,18202
2021-10-05 21:00:00+00:00,7064.0,7077.1,6946.3,7047.2,20817
2021-10-06 21:00:00+00:00,7057.6,7097.6,7043.4,7075.4,10674
2021-10-07 21:00:00+00:00,7093.4,7111.9,7064.4,7095.5,9876
2021-10-10 21:00:00+00:00,7056.9,7151.4,7054.6,7111.5,11088
2021-10-11 21:00:00+00:00,7109.7,7150.8,7060.9,7130.8,13615
2021-10-12 21:00:00+00:00,7119.1,7176.9,7089.2,7170.5,11743
2021-10-13 21:00:00+00:00,7180.7,7224.0,7172.8,7222.6,8270
2021-10-14 21:00:00+00:00,7236.1,7250.6,7213.2,7243.3,8115
2021-10-17 21:00:00+00:00,7225.1,7242.0,7184.5,7205.1,7734
2021-10-18 21:00:00+00:00,7207.7,7233.2,7194.3,7232.7,6952
2021-10-19 21:00:00+00:00,7238.4,7240.0,7202.3,7220.8,5843
2021-10-20 21:00:00+00:00,7214.7,7226.1,7180.1,7205.3,7632
2021-10-21 21:00:00+00:00,7199.0,7235.1,7187.8,7221.2,7927
2021-10-24 21:00:00+00:00,7209.2,7246.7,7206.9,7227.0,6174
2021-10-25 21:00:00+00:00,7236.4,7283.7,7227.2,7275.3,7375
2021-10-26 21:00:00+00:00,7281.2,7283.3,7247.7,7253.4,8710
2021-10-27 21:00:00+00:00,7270.6,7270.6,7219.3,7256.4,8608
2021-10-28 21:00:00+00:00,7250.0,7258.8,7190.1,7252.5,9962
2021-10-31 21:00:00+00:00,7278.0,7310.6,7253.4,7303.4,6736
2021-11-01 21:00:00+00:00,7302.9,7308.0,7242.8,7272.6,7402
2021-11-02 21:00:00+00:00,7275.1,7286.0,7239.3,7273.6,6421
2021-11-03 21:00:00+00:00,7271.0,7298.1,7251.6,7280.0,7703
2021-11-04 21:00:00+00:00,7283.7,7331.5,7262.9,7308.2,7625
2021-11-07 22:00:00+00:00,7302.6,7319.8,7291.3,7301.0,6002
2021-11-08 22:00:00+00:00,7286.3,7317.3,7271.8,7285.0,8479
2021-11-09 22:00:00+00:00,7276.8,7342.3,7260.0,7329.5,10674
2021-11-10 22:00:00+00:00,7323.5,7397.3,7312.7,7381.8,8084
2021-11-11 22:00:00+00:00,7400.3,7402.8,7339.0,7348.2,8369
2021-11-14 22:00:00+00:00,7358.0,7366.3,7332.0,7345.2,6928
2021-11-15 22:00:00+00:00,7349.3,7373.8,7324.8,7326.3,7509
2021-11-16 22:00:00+00:00,7319.8,7327.3,7280.3,7291.8,7245
2021-11-17 22:00:00+00:00,7289.1,7293.3,7241.1,7264.8,7450
2021-11-18 22:00:00+00:00,7269.3,7297.3,7197.7,7215.7,14990
2021-11-21 22:00:00+00:00,7228.4,7273.3,7208.3,7237.8,10996
2021-11-22 22:00:00+00:00,7243.0,7294.3,7203.3,7290.0,19233
2021-11-23 22:00:00+00:00,7287.8,7308.8,7244.5,7299.0,13540
2021-11-24 22:00:00+00:00,7308.6,7314.5,7288.6,7309.5,5746
2021-11-25 22:00:00+00:00,7262.2,7264.0,6994.1,7026.4,38221
2021-11-28 22:00:00+00:00,7026.4,7160.4,7026.4,7137.1,21216
2021-11-29 22:00:00+00:00,7172.6,7174.4,6971.4,7063.1,41491
2021-11-30 22:00:00+00:00,7072.1,7186.8,7044.8,7046.0,25998
2021-12-01 22:00:00+00:00,7067.9,7163.6,7061.9,7151.4,32542
2021-12-02 22:00:00+00:00,7135.6,7197.6,7092.4,7135.3,28387
2021-12-05 22:00:00+00:00,7159.6,7253.1,7145.3,7235.3,20876
2021-12-06 22:00:00+00:00,7232.1,7352.6,7222.6,7339.8,13402
2021-12-07 22:00:00+00:00,7350.4,7384.6,7327.9,7350.4,15494
2021-12-08 22:00:00+00:00,7350.4,7378.2,7303.4,7313.1,10175
2021-12-09 22:00:00+00:00,7307.4,7336.6,7284.6,7298.6,9776
2021-12-12 22:00:00+00:00,7325.4,7332.9,7228.1,7246.8,10986
2021-12-13 22:00:00+00:00,7262.6,7289.1,7210.6,7232.0,14095
2021-12-14 22:00:00+00:00,7235.6,7238.3,7168.8,7238.2,14723
2021-12-15 22:00:00+00:00,7239.2,7278.3,7213.5,7255.5,20787
2021-12-16 22:00:00+00:00,7261.6,7295.3,7233.8,7239.5,19760
2021-12-19 22:00:00+00:00,7206.3,7253.8,7105.3,7252.0,26303
2021-12-20 22:00:00+00:00,7263.8,7328.3,7247.6,7320.8,13850
2021-12-21 22:00:00+00:00,7305.3,7375.8,7282.0,7369.5,9097
2021-12-22 22:00:00+00:00,7368.3,7400.8,7342.3,7384.2,7581
2021-12-23 22:00:00+00:00,7382.3,7419.8,7360.3,7396.8,2329
2021-12-28 22:00:00+00:00,7454.8,7473.3,7418.3,7435.0,9822
2021-12-29 22:00:00+00:00,7429.4,7448.6,7396.6,7403.2,7691
2021-12-30 22:00:00+00:00,7391.6,7418.1,7368.6,7406.9,3114
2022-01-03 22:00:00+00:00,7480.1,7535.5,7438.1,7508.5,11999
2022-01-04 22:00:00+00:00,7501.2,7543.5,7461.5,7464.2,11867
2022-01-05 22:00:00+00:00,7464.6,7506.0,7415.2,7454.2,18668
2022-01-06 22:00:00+00:00,7474.2,7503.0,7439.2,7500.4,15270
2022-01-09 22:00:00+00:00,7487.2,7517.0,7429.5,7481.0,17219
2022-01-10 22:00:00+00:00,7489.8,7530.7,7465.5,7530.7,16050
2022-01-11 22:00:00+00:00,7536.5,7573.3,7522.2,7562.0,12222
2022-01-12 22:00:00+00:00,7554.9,7584.4,7536.9,7547.9,12736
2022-01-13 22:00:00+00:00,7551.9,7583.4,7520.1,7574.4,16947
2022-01-16 22:00:00+00:00,7571.4,7626.5,7561.2,7617.0,9344
2022-01-17 22:00:00+00:00,7624.6,7637.5,7540.3,7570.0,17888
2022-01-18 22:00:00+00:00,7563.0,7623.9,7527.8,7587.8,19095
2022-01-19 22:00:00+00:00,7584.8,7642.5,7535.0,7541.7,16794
2022-01-20 22:00:00+00:00,7519.7,7541.0,7431.5,7436.2,31095
2022-01-23 22:00:00+00:00,7456.5,7500.7,7234.3,7391.5,42039
2022-01-24 22:00:00+00:00,7353.8,7459.3,7313.0,7425.5,47303
2022-01-25 22:00:00+00:00,7418.0,7534.3,7401.5,7441.5,46294
2022-01-26 22:00:00+00:00,7406.6,7603.3,7329.0,7536.5,44285
2022-01-27 22:00:00+00:00,7552.0,7590.8,7424.3,7513.0,39821
2022-01-30 22:00:00+00:00,7509.2,7541.0,7455.5,7526.2,19552
2022-01-31 22:00:00+00:00,7519.5,7570.0,7488.5,7564.8,17438
2022-02-01 22:00:00+00:00,7576.8,7615.8,7563.3,7605.5,12812
2022-02-02 22:00:00+00:00,7581.0,7606.8,7517.3,7521.0,16834
2022-02-03 22:00:00+00:00,7551.6,7600.8,7497.8,7534.0,20339
2022-02-06 22:00:00+00:00,7529.6,7600.0,7506.3,7577.3,18112
2022-02-07 22:00:00+00:00,7601.6,7633.8,7550.1,7594.0,14478
2022-02-08 22:00:00+00:00,7604.4,7664.8,7594.1,7663.8,11816
2022-02-09 22:00:00+00:00,7659.3,7691.3,7619.5,7632.8,19191
2022-02-10 22:00:00+00:00,7615.8,7673.8,7579.3,7590.3,35767
2022-02-13 22:00:00+00:00,7614.6,7634.8,7483.3,7529.5,49652
2022-02-14 22:00:00+00:00,7527.6,7616.3,7495.8,7611.0,23745
2022-02-15 22:00:00+00:00,7589.3,7634.8,7563.8,7608.2,18106
2022-02-16 22:00:00+00:00,7582.4,7604.6,7493.1,7507.1,25014
2022-02-17 22:00:00+00:00,7505.4,7570.6,7489.8,7503.5,27999
2022-02-20 22:00:00+00:00,7508.5,7569.3,7409.0,7420.0,38306
2022-02-21 22:00:00+00:00,7449.8,7528.0,7355.5,7467.5,45834
2022-02-22 22:00:00+00:00,7500.8,7551.8,7464.5,7478.5,26256
2022-02-23 22:00:00+00:00,7409.8,7428.1,7173.8,7289.8,117530
2022-02-24 22:00:00+00:00,7279.6,7562.0,7250.6,7556.6,63286
2022-02-27 22:00:00+00:00,7419.1,7480.1,7356.6,7394.6,75168
2022-02-28 22:00:00+00:00,7414.4,7500.3,7273.3,7321.3,61379
2022-03-01 22:00:00+00:00,7367.3,7466.1,7297.8,7434.0,67037
2022-03-02 22:00:00+00:00,7422.6,7471.2,7223.4,7249.9,49053
2022-03-03 22:00:00+00:00,7146.7,7215.4,6912.0,6985.0,64411
2022-03-06 22:00:00+00:00,6840.5,7030.5,6760.6,6915.5,116528
2022-03-07 22:00:00+00:00,6920.8,7111.2,6840.8,7015.3,115254
2022-03-08 22:00:00+00:00,7041.0,7253.5,7033.3,7193.3,55137
2022-03-09 22:00:00+00:00,7157.2,7184.2,7064.4,7113.1,65817
2022-03-10 22:00:00+00:00,7113.1,7264.6,7053.2,7110.4,58346
2022-03-13 21:00:00+00:00,7211.6,7227.4,7143.6,7182.6,45080
2022-03-14 21:00:00+00:00,7174.6,7213.6,7078.4,7187.6,41982
2022-03-15 21:00:00+00:00,7183.6,7346.9,7172.4,7324.6,59269
2022-03-16 21:00:00+00:00,7324.6,7415.8,7255.8,7382.0,35572
2022-03-17 21:00:00+00:00,7370.0,7447.0,7311.3,7442.2,25930
2022-03-20 21:00:00+00:00,7411.5,7458.8,7378.5,7440.0,19340
2022-03-21 21:00:00+00:00,7413.0,7490.3,7413.0,7480.0,12097
2022-03-22 21:00:00+00:00,7482.6,7517.3,7421.5,7439.3,12830
2022-03-23 21:00:00+00:00,7437.4,7490.9,7427.9,7478.1,16111
2022-03-24 21:00:00+00:00,7463.4,7516.5,7436.6,7509.0,14596
2022-03-27 21:00:00+00:00,7490.8,7539.5,7458.8,7505.3,14598
2022-03-28 21:00:00+00:00,7501.8,7585.0,7497.3,7568.0,18832
2022-03-29 21:00:00+00:00,7560.6,7583.3,7522.8,7564.5,16548
2022-03-30 21:00:00+00:00,7568.2,7595.0,7488.9,7492.2,17306
2022-03-31 21:00:00+00:00,7508.9,7570.4,7499.9,7567.4,14377
2022-04-03 21:00:00+00:00,7551.2,7581.9,7530.9,7563.1,12090
2022-04-04 21:00:00+00:00,7558.6,7618.4,7535.4,7589.6,14193
2022-04-05 21:00:00+00:00,7596.9,7618.9,7533.9,7591.8,22878
2022-04-06 21:00:00+00:00,7562.6,7621.3,7532.6,7610.3,19816
2022-04-07 21:00:00+00:00,7616.6,7670.1,7584.6,7650.3,14820
2022-04-10 21:00:00+00:00,7635.4,7661.3,7576.4,7581.6,18223
2022-04-11 21:00:00+00:00,7588.4,7593.2,7530.2,7544.9,20140
2022-04-12 21:00:00+00:00,7561.7,7595.4,7541.9,7577.2,14952
2022-04-13 21:00:00+00:00,7562.2,7620.7,7547.4,7599.4,15475
2022-04-18 21:00:00+00:00,7622.0,7632.2,7563.2,7629.4,16391
2022-04-19 21:00:00+00:00,7623.4,7643.5,7589.9,7629.0,15985
2022-04-20 21:00:00+00:00,7638.0,7661.0,7542.0,7552.5,16425
2022-04-21 21:00:00+00:00,7535.8,7615.0,7485.0,7489.4,20882
2022-04-24 21:00:00+00:00,7477.8,7483.0,7339.7,7454.5,35273
2022-04-25 21:00:00+00:00,7451.5,7487.5,7350.9,7354.4,24545
2022-04-26 21:00:00+00:00,7364.2,7459.9,7344.9,7434.9,36259
2022-04-27 21:00:00+00:00,7445.0,7572.7,7435.4,7563.7,21187
2022-04-28 21:00:00+00:00,7552.4,7583.4,7439.4,7442.7,24004
2022-05-02 21:00:00+00:00,7460.2,7577.9,7460.2,7559.4,26674
2022-05-03 21:00:00+00:00,7561.7,7587.4,7490.2,7571.2,22512
2022-05-04 21:00:00+00:00,7568.2,7623.1,7461.1,7496.4,35546
2022-05-05 21:00:00+00:00,7500.6,7507.4,7351.4,7399.9,48582
2022-05-08 21:00:00+00:00,7502.6,7502.6,7183.5,7206.5,42299
2022-05-09 21:00:00+00:00,7219.6,7312.3,7157.3,7258.5,54578
2022-05-10 21:00:00+00:00,7252.0,7357.0,7235.8,7246.8,40594
2022-05-11 21:00:00+00:00,7270.1,7272.8,7153.6,7231.0,39694
2022-05-12 21:00:00+00:00,7249.8,7437.6,7245.6,7437.6,23785
2022-05-15 21:00:00+00:00,7459.6,7508.3,7358.3,7463.8,23840
2022-05-16 21:00:00+00:00,7468.6,7540.6,7460.6,7530.3,19370
2022-05-17 21:00:00+00:00,7531.3,7546.6,7390.0,7399.3,18397
2022-05-18 21:00:00+00:00,7359.4,7400.8,7228.5,7319.5,37511
2022-05-19 21:00:00+00:00,7336.0,7456.3,7323.3,7397.8,27728
2022-05-22 21:00:00+00:00,7451.6,7520.2,7415.0,7486.4,20803
2022-05-23 21:00:00+00:00,7474.7,7537.9,7427.9,7517.4,25091
2022-05-24 21:00:00+00:00,7531.2,7563.0,7494.4,7536.9,23581
2022-05-25 21:00:00+00:00,7528.0,7581.7,7503.4,7561.2,14449
2022-05-26 21:00:00+00:00,7561.2,7601.5,7541.0,7585.2,13440
2022-05-29 21:00:00+00:00,7598.7,7626.5,7575.0,7614.3,10750
2022-05-30 21:00:00+00:00,7618.8,7649.6,7581.3,7596.8,20230
2022-05-31 21:00:00+00:00,7623.5,7639.0,7518.0,7547.7,18309
2022-06-05 21:00:00+00:00,7573.7,7648.0,7567.5,7606.7,13642
2022-06-06 21:00:00+00:00,7609.9,7632.2,7570.7,7629.7,13558
2022-06-07 21:00:00+00:00,7620.4,7637.4,7548.7,7566.6,13763
2022-06-08 21:00:00+00:00,7565.9,7573.4,7420.3,7424.1,16502
2022-06-09 21:00:00+00:00,7427.6,7450.6,7292.3,7340.6,24814
2022-06-12 21:00:00+00:00,7279.3,7302.6,7173.1,7219.8,33384
2022-06-13 21:00:00+00:00,7231.6,7272.9,7133.9,7186.6,29981
2022-06-14 21:00:00+00:00,7212.9,7314.4,7183.6,7282.4,37102
2022-06-15 21:00:00+00:00,7329.4,7331.6,6996.5,7002.8,39987
2022-06-16 21:00:00+00:00,7024.5,7128.5,6992.5,6998.8,32468
2022-06-19 21:00:00+00:00,7040.3,7132.3,6966.6,7114.0,16890
2022-06-20 21:00:00+00:00,7122.0,7195.8,7109.3,7147.0,15521
2022-06-21 21:00:00+00:00,7138.0,7138.0,7029.8,7077.2,21716
2022-06-22 21:00:00+00:00,7047.5,7119.0,6992.8,7036.0,24562
2022-06-23 21:00:00+00:00,7017.0,7249.3,7015.8,7243.2,16597
2022-06-26 21:00:00+00:00,7222.6,7288.8,7213.0,7252.3,17087
2022-06-27 21:00:00+00:00,7259.5,7364.8,7241.0,7275.3,18549
2022-06-28 21:00:00+00:00,7285.0,7348.5,7248.5,7299.5,21151
2022-06-29 21:00:00+00:00,7296.2,7302.4,7108.1,7202.6,26565
2022-06-30 21:00:00+00:00,7200.9,7235.6,7097.9,7235.4,26139
2022-07-03 21:00:00+00:00,7204.1,7257.9,7176.4,7226.6,14542
2022-07-04 21:00:00+00:00,7261.2,7282.9,7011.9,7099.4,25931
2022-07-05 21:00:00+00:00,7092.0,7202.2,7069.9,7163.6,27868
2022-07-06 21:00:00+00:00,7159.7,7217.4,7133.2,7201.4,19591
2022-07-07 21:00:00+00:00,7196.7,7214.7,7129.9,7180.9,20692
2022-07-10 21:00:00+00:00,7188.2,7217.9,7097.4,7180.4,18367
2022-07-11 21:00:00+00:00,7196.2,7229.5,7141.4,7196.5,19402
2022-07-12 21:00:00+00:00,7189.3,7216.3,7105.5,7177.5,23969
2022-07-13 21:00:00+00:00,7130.6,7192.1,7010.6,7077.8,24964
2022-07-14 21:00:00+00:00,7096.3,7178.9,7041.1,7178.9,19983
2022-07-17 21:00:00+00:00,7184.2,7277.7,7164.4,7187.0,14771
2022-07-18 21:00:00+00:00,7200.3,7324.8,7180.8,7318.2,16441
2022-07-19 21:00:00+00:00,7321.6,7355.8,7244.3,7258.5,20054
2022-07-20 21:00:00+00:00,7250.4,7303.5,7205.5,7295.8,23549
2022-07-21 21:00:00+00:00,7279.3,7319.9,7234.7,7253.4,17780
2022-07-24 21:00:00+00:00,7249.0,7324.5,7242.2,7322.5,15929
2022-07-25 21:00:00+00:00,7300.2,7370.0,7292.5,7298.7,13725
2022-07-26 21:00:00+00:00,7320.0,7392.1,7320.0,7389.0,15594
2022-07-27 21:00:00+00:00,7378.1,7406.3,7307.8,7363.8,14269
2022-07-28 21:00:00+00:00,7368.4,7451.1,7352.3,7450.8,14445
2022-07-31 21:00:00+00:00,7412.6,7471.3,7397.1,7409.6,13465
2022-08-01 21:00:00+00:00,7399.6,7435.8,7377.3,7392.8,14344
2022-08-02 21:00:00+00:00,7396.6,7468.7,7372.1,7456.5,13277
2022-08-03 21:00:00+00:00,7435.0,7493.7,7417.9,7439.9,13639
2022-08-04 21:00:00+00:00,7440.2,7471.7,7417.9,7458.9,11401
2022-08-07 21:00:00+00:00,7448.7,7516.2,7446.7,7479.9,11920
2022-08-08 21:00:00+00:00,7486.4,7505.4,7471.9,7479.4,10311
2022-08-09 21:00:00+00:00,7488.4,7536.9,7465.7,7526.6,12023
2022-08-10 21:00:00+00:00,7505.5,7528.5,7461.5,7471.3,11863
2022-08-11 21:00:00+00:00,7473.0,7550.0,7467.0,7550.0,9446
2022-08-14 21:00:00+00:00,7535.3,7546.8,7467.3,7541.8,7958
2022-08-15 21:00:00+00:00,7535.3,7570.5,7525.8,7566.8,9828
2022-08-16 21:00:00+00:00,7563.6,7576.6,7506.8,7541.3,11745
2022-08-17 21:00:00+00:00,7516.6,7568.8,7496.1,7563.8,9744
2022-08-18 21:00:00+00:00,7568.6,7581.6,7515.6,7554.6,11954
2022-08-21 21:00:00+00:00,7525.6,7552.8,7491.6,7524.8,11932
2022-08-22 21:00:00+00:00,7540.6,7540.8,7467.6,7494.8,13184
2022-08-23 21:00:00+00:00,7485.8,7496.8,7410.1,7473.6,11644
2022-08-24 21:00:00+00:00,7471.8,7537.5,7465.5,7508.5,10752
2022-08-25 21:00:00+00:00,7501.5,7531.0,7391.0,7399.7,14385
2022-08-29 21:00:00+00:00,7400.5,7484.0,7325.0,7332.2,17329
2022-08-30 21:00:00+00:00,7330.0,7388.7,7257.2,7268.2,20525
2022-08-31 21:00:00+00:00,7241.9,7252.6,7129.4,7185.1,20114
2022-09-01 21:00:00+00:00,7187.9,7290.4,7150.6,7203.8,21080
2022-09-04 21:00:00+00:00,7222.2,7291.4,7183.4,7274.6,12674
2022-09-05 21:00:00+00:00,7278.6,7324.4,7251.6,7259.1,18794
2022-09-06 21:00:00+00:00,7253.9,7271.6,7183.9,7247.8,17141
2022-09-07 21:00:00+00:00,7241.0,7275.2,7172.2,7251.2,19579
2022-09-08 21:00:00+00:00,7259.2,7385.5,7258.8,7382.4,13556
2022-09-11 21:00:00+00:00,7395.2,7481.7,7367.7,7451.5,12624
2022-09-12 21:00:00+00:00,7456.5,7512.2,7317.2,7324.5,17589
2022-09-13 21:00:00+00:00,7337.0,7346.2,7258.0,7307.0,26690
2022-09-14 21:00:00+00:00,7314.0,7330.5,7257.0,7269.0,25127
2022-09-15 21:00:00+00:00,7249.3,7302.5,7225.0,7258.2,17665
2022-09-19 21:00:00+00:00,7259.6,7332.5,7163.8,7197.0,16298
2022-09-20 21:00:00+00:00,7191.8,7284.8,7167.5,7192.2,28308
2022-09-21 21:00:00+00:00,7153.1,7246.9,7143.1,7175.6,21371
2022-09-22 21:00:00+00:00,7183.2,7195.4,6978.6,7026.4,24273
2022-09-25 21:00:00+00:00,7029.9,7077.4,6945.6,7016.6,33573
2022-09-26 21:00:00+00:00,7024.6,7077.9,6936.9,6970.4,27104
2022-09-27 21:00:00+00:00,6971.6,7051.4,6836.4,7033.6,37755
2022-09-28 21:00:00+00:00,7020.6,7037.3,6827.3,6875.3,32864
2022-09-29 21:00:00+00:00,6884.3,6953.8,6814.3,6824.8,34713
2022-10-02 21:00:00+00:00,6801.5,6927.8,6780.0,6895.5,28324
2022-10-03 21:00:00+00:00,6921.6,7082.8,6905.3,7061.0,22478
2022-10-04 21:00:00+00:00,7054.5,7077.5,6970.3,7044.0,21750
2022-10-05 21:00:00+00:00,7058.3,7098.0,6953.0,6980.0,22543
2022-10-06 21:00:00+00:00,6967.5,7016.0,6952.3,6979.8,23296
2022-10-09 21:00:00+00:00,6953.8,6992.8,6913.8,6952.5,19480
2022-10-10 21:00:00+00:00,6959.6,6960.3,6841.3,6854.0,29549
2022-10-11 21:00:00+00:00,6863.8,6917.8,6782.8,6802.5,30954
2022-10-12 21:00:00+00:00,6797.3,6894.8,6694.3,6884.5,35249
2022-10-13 21:00:00+00:00,6882.0,6967.3,6814.3,6815.0,32033
2022-10-16 21:00:00+00:00,6845.8,6949.5,6820.3,6901.8,22164
2022-10-17 21:00:00+00:00,6932.8,7006.3,6909.0,6940.0,23348
2022-10-18 21:00:00+00:00,6968.8,6988.3,6878.3,6915.5,21408
2022-10-19 21:00:00+00:00,6905.7,6941.2,6876.7,6906.6,24425
2022-10-20 21:00:00+00:00,6893.2,6988.2,6846.7,6987.7,27244
2022-10-23 21:00:00+00:00,7003.4,7034.2,6897.4,7010.8,26656
2022-10-24 21:00:00+00:00,7015.8,7023.0,6937.8,7013.0,19397
2022-10-25 21:00:00+00:00,6982.6,7048.8,6947.8,7008.3,19291
2022-10-26 21:00:00+00:00,7030.0,7084.3,7011.7,7030.5,20913
2022-10-27 21:00:00+00:00,7012.8,7070.8,6981.8,7063.5,19653
2022-10-30 21:00:00+00:00,7051.3,7123.0,7017.0,7097.3,15911
2022-10-31 21:00:00+00:00,7108.3,7214.0,7108.3,7170.0,16402
2022-11-01 21:00:00+00:00,7177.0,7200.8,7085.8,7098.0,26223
2022-11-02 21:00:00+00:00,7094.8,7197.0,7063.0,7183.0,18746
2022-11-03 21:00:00+00:00,7174.3,7370.5,7167.8,7341.2,23524
2022-11-06 22:00:00+00:00,7308.3,7339.8,7247.0,7257.8,15857
2022-11-07 22:00:00+00:00,7267.8,7313.8,7232.8,7289.5,12931
2022-11-08 22:00:00+00:00,7285.0,7306.3,7257.8,7262.0,15149
2022-11-09 22:00:00+00:00,7257.3,7402.5,7245.8,7380.8,19915
2022-11-10 22:00:00+00:00,7390.8,7427.0,7311.8,7331.5,17710
2022-11-13 22:00:00+00:00,7326.3,7407.8,7322.8,7343.5,14245
2022-11-14 22:00:00+00:00,7351.8,7409.5,7308.5,7327.3,22222
2022-11-15 22:00:00+00:00,7300.3,7390.5,7299.5,7324.0,18098
2022-11-16 22:00:00+00:00,7329.6,7372.3,7287.3,7364.0,13771
2022-11-17 22:00:00+00:00,7368.8,7419.3,7343.5,7391.0,13644
2022-11-20 22:00:00+00:00,7380.6,7414.5,7339.5,7402.8,11260
2022-11-21 22:00:00+00:00,7408.5,7470.3,7392.3,7463.5,10810
2022-11-22 22:00:00+00:00,7463.0,7495.8,7448.8,7461.3,9918
2022-11-23 22:00:00+00:00,7466.0,7483.3,7437.8,7459.8,6323
2022-11-24 22:00:00+00:00,7460.3,7492.3,7452.5,7480.2,6833
2022-11-27 22:00:00+00:00,7454.0,7491.8,7415.0,7468.0,11246
2022-11-28 22:00:00+00:00,7468.8,7536.8,7465.3,7529.5,11448
2022-11-29 22:00:00+00:00,7529.5,7608.0,7517.8,7596.8,14790
2022-11-30 22:00:00+00:00,7603.4,7609.9,7539.2,7545.4,12228
2022-12-01 22:00:00+00:00,7525.0,7560.7,7495.7,7541.4,12142
2022-12-04 22:00:00+00:00,7542.4,7587.2,7531.4,7543.9,10459
2022-12-05 22:00:00+00:00,7553.4,7566.4,7495.2,7547.9,12186
2022-12-06 22:00:00+00:00,7549.0,7559.9,7479.9,7486.4,14570
2022-12-07 22:00:00+00:00,7465.4,7503.4,7454.9,7468.6,12321
2022-12-08 22:00:00+00:00,7466.9,7489.9,7419.4,7446.6,13138
2022-12-11 22:00:00+00:00,7448.6,7465.4,7427.9,7454.1,9856
2022-12-12 22:00:00+00:00,7450.9,7541.6,7415.4,7477.6,20893
2022-12-13 22:00:00+00:00,7486.4,7502.5,7448.9,7456.0,19276
2022-12-14 22:00:00+00:00,7487.2,7490.6,7401.4,7438.8,20148
2022-12-15 22:00:00+00:00,7441.8,7456.3,7294.3,7333.5,19739
2022-12-18 22:00:00+00:00,7332.3,7377.3,7327.8,7348.0,10798
2022-12-19 22:00:00+00:00,7356.8,7381.8,7286.8,7359.3,14092
2022-12-20 22:00:00+00:00,7382.6,7511.3,7368.8,7496.0,9389
2022-12-21 22:00:00+00:00,7500.6,7528.8,7410.3,7457.8,10432
2022-12-22 22:00:00+00:00,7459.6,7481.6,7445.8,7455.3,3450
2022-12-27 22:00:00+00:00,7442.8,7530.6,7442.8,7456.1,9262
2022-12-28 22:00:00+00:00,7453.9,7504.9,7411.9,7485.4,7893
2022-12-29 22:00:00+00:00,7492.4,7493.9,7432.4,7440.4,4843
2023-01-02 22:00:00+00:00,7469.4,7608.4,7394.9,7542.9,17525
2023-01-03 22:00:00+00:00,7540.9,7598.0,7533.4,7566.8,13879
2023-01-04 22:00:00+00:00,7545.8,7649.3,7545.6,7628.0,13910
2023-01-05 22:00:00+00:00,7645.3,7713.0,7630.8,7708.2,11855
2023-01-08 22:00:00+00:00,7712.3,7723.8,7668.0,7673.8,10292
2023-01-09 22:00:00+00:00,7667.8,7711.3,7659.0,7710.8,9616
2023-01-10 22:00:00+00:00,7716.6,7766.5,7692.0,7755.3,9132
2023-01-11 22:00:00+00:00,7748.7,7810.7,7734.4,7806.6,12981
2023-01-12 22:00:00+00:00,7810.0,7860.4,7797.4,7851.4,10168
2023-01-15 22:00:00+00:00,7855.4,7862.2,7833.6,7850.4,5832
2023-01-16 22:00:00+00:00,7863.0,7871.2,7824.7,7842.7,9001
2023-01-17 22:00:00+00:00,7826.2,7860.9,7779.4,7783.4,10221
2023-01-18 22:00:00+00:00,7774.4,7795.7,7715.9,7758.7,11130
2023-01-19 22:00:00+00:00,7767.7,7787.9,7738.4,7783.4,9375
2023-01-22 22:00:00+00:00,7778.0,7800.7,7756.2,7791.4,9185
2023-01-23 22:00:00+00:00,7785.7,7796.4,7730.2,7754.9,9746
2023-01-24 22:00:00+00:00,7737.0,7762.9,7698.2,7746.6,8937
2023-01-25 22:00:00+00:00,7748.2,7771.4,7733.4,7763.4,8777
2023-01-26 22:00:00+00:00,7755.7,7766.7,7726.2,7747.4,7292
2023-01-29 22:00:00+00:00,7740.4,7777.7,7697.2,7758.7,9219
2023-01-30 22:00:00+00:00,7766.2,7778.2,7689.2,7777.2,9524
2023-01-31 22:00:00+00:00,7762.4,7789.7,7720.7,7771.7,12108
2023-02-01 22:00:00+00:00,7783.2,7818.7,7752.2,7806.2,12807
2023-02-02 22:00:00+00:00,7799.4,7893.7,7787.7,7881.9,12514
2023-02-05 22:00:00+00:00,7868.7,7873.4,7784.2,7820.4,9820
2023-02-06 22:00:00+00:00,7827.7,7886.2,7819.7,7884.4,11898
2023-02-07 22:00:00+00:00,7873.4,7912.7,7847.7,7866.2,9314
2023-02-08 22:00:00+00:00,7869.2,7928.2,7865.7,7875.9,9760
2023-02-09 22:00:00+00:00,7874.4,7890.7,7828.2,7873.7,10846
2023-02-12 22:00:00+00:00,7860.7,7946.2,7846.2,7943.4,7219
2023-02-13 22:00:00+00:00,7937.7,7984.2,7926.9,7976.9,12077
2023-02-14 22:00:00+00:00,7957.0,8011.7,7903.7,8011.2,9774
2023-02-15 22:00:00+00:00,7998.4,8027.9,7957.4,7990.8,9723
2023-02-16 22:00:00+00:00,7981.9,8001.4,7933.4,7991.6,10127
2023-02-19 22:00:00+00:00,7987.9,8007.4,7972.9,7987.6,4190
2023-02-20 22:00:00+00:00,7979.2,7992.6,7930.4,7942.1,10291
2023-02-21 22:00:00+00:00,7941.9,7946.4,7859.9,7903.6,11343
2023-02-22 22:00:00+00:00,7892.8,7929.1,7868.8,7926.3,9210
2023-02-23 22:00:00+00:00,7925.6,7931.6,7851.6,7896.6,10599
2023-02-26 22:00:00+00:00,7897.8,7932.5,7887.1,7922.7,8674
2023-02-27 22:00:00+00:00,7926.5,7932.0,7838.5,7861.2,10434
2023-02-28 22:00:00+00:00,7840.8,7933.5,7840.8,7916.2,11873
2023-03-01 22:00:00+00:00,7903.4,7949.4,7851.4,7946.9,11703
2023-03-02 22:00:00+00:00,7944.9,7954.4,7900.4,7938.6,8676
2023-03-05 22:00:00+00:00,7931.4,7938.1,7877.4,7916.9,7445
2023-03-06 22:00:00+00:00,7918.6,7940.9,7866.4,7880.4,9007
2023-03-07 22:00:00+00:00,7880.4,7929.4,7868.1,7909.1,9492
2023-03-08 22:00:00+00:00,7896.0,7899.0,7791.0,7796.2,9407
2023-03-09 22:00:00+00:00,7782.7,7786.7,7661.0,7666.5,23540
2023-03-12 21:00:00+00:00,7723.8,7734.0,7517.3,7537.0,36868
2023-03-13 21:00:00+00:00,7538.6,7637.0,7488.0,7622.0,25627
2023-03-14 21:00:00+00:00,7616.6,7634.0,7312.3,7389.2,34289
2023-03-15 21:00:00+00:00,7416.0,7458.5,7320.6,7445.8,31496
2023-03-16 21:00:00+00:00,7434.8,7502.5,7304.8,7310.0,26385
2023-03-19 21:00:00+00:00,7372.6,7431.0,7200.8,7418.8,31835
2023-03-20 21:00:00+00:00,7429.6,7567.8,7412.3,7557.5,13285
2023-03-21 21:00:00+00:00,7546.0,7591.0,7501.3,7520.0,17171
2023-03-22 21:00:00+00:00,7514.0,7551.4,7415.2,7452.9,16606
2023-03-23 21:00:00+00:00,7445.2,7473.7,7330.6,7425.4,24005
2023-03-26 21:00:00+00:00,7450.4,7504.3,7422.9,7496.0,13792
2023-03-27 21:00:00+00:00,7504.3,7525.3,7449.5,7459.5,9166
2023-03-28 21:00:00+00:00,7487.0,7576.8,7469.3,7570.5,7876
2023-03-29 21:00:00+00:00,7555.1,7635.5,7554.8,7614.5,8451
2023-03-30 21:00:00+00:00,7620.8,7654.8,7613.8,7646.5,8063
2023-04-02 21:00:00+00:00,7650.6,7696.7,7637.3,7695.4,11473
2023-04-03 21:00:00+00:00,7691.0,7726.2,7624.2,7642.2,9277
2023-04-04 21:00:00+00:00,7645.4,7674.8,7631.2,7672.0,9673
2023-04-05 21:00:00+00:00,7663.0,7757.8,7650.1,7746.8,7574
2023-04-10 21:00:00+00:00,7771.8,7802.6,7753.3,7782.0,9452
2023-04-11 21:00:00+00:00,7785.6,7858.8,7773.8,7810.8,10321
2023-04-12 21:00:00+00:00,7794.8,7864.1,7793.4,7859.0,7675
2023-04-13 21:00:00+00:00,7853.6,7899.1,7844.3,7882.3,8341
2023-04-16 21:00:00+00:00,7894.6,7910.8,7868.6,7898.1,6706
2023-04-17 21:00:00+00:00,7893.6,7916.5,7878.5,7912.8,6894
2023-04-18 21:00:00+00:00,7903.3,7913.0,7867.8,7897.5,6583
2023-04-19 21:00:00+00:00,7883.3,7910.8,7868.3,7899.5,6857
2023-04-20 21:00:00+00:00,7899.5,7932.8,7879.3,7910.8,7958
2023-04-23 21:00:00+00:00,7904.3,7924.3,7870.8,7903.0,5507
2023-04-24 21:00:00+00:00,7902.0,7907.0,7851.8,7854.5,7503
2023-04-25 21:00:00+00:00,7863.8,7890.5,7813.6,7826.8,10808
2023-04-26 21:00:00+00:00,7826.9,7870.1,7810.1,7866.1,8041
2023-04-27 21:00:00+00:00,7858.1,7875.3,7782.6,7862.0,10548
2023-05-01 21:00:00+00:00,7849.5,7892.5,7755.8,7789.2,12193
2023-05-02 21:00:00+00:00,7790.8,7811.3,7756.3,7761.3,12736
2023-05-03 21:00:00+00:00,7736.8,7777.6,7689.3,7712.0,15534
2023-05-04 21:00:00+00:00,7725.6,7810.3,7716.8,7796.8,9068
2023-05-08 21:00:00+00:00,7792.5,7811.0,7736.8,7761.5,7543
2023-05-09 21:00:00+00:00,7764.3,7782.8,7709.8,7748.8,9248
2023-05-10 21:00:00+00:00,7742.2,7786.5,7679.4,7746.1,10780
2023-05-11 21:00:00+00:00,7747.2,7775.8,7736.3,7759.5,8860
2023-05-14 21:00:00+00:00,7752.8,7798.8,7747.0,7789.5,7085
2023-05-15 21:00:00+00:00,7784.8,7809.3,7729.8,7733.3,8494
2023-05-16 21:00:00+00:00,7739.0,7763.8,7714.8,7763.3,8356
2023-05-17 21:00:00+00:00,7746.0,7779.5,7725.3,7759.5,8154
2023-05-18 21:00:00+00:00,7762.5,7792.5,7748.3,7782.5,8894
2023-05-21 21:00:00+00:00,7773.3,7787.8,7751.3,7771.8,7395
2023-05-22 21:00:00+00:00,7785.3,7803.3,7726.8,7734.3,8822
2023-05-23 21:00:00+00:00,7734.8,7735.3,7589.8,7623.5,11839
2023-05-24 21:00:00+00:00,7627.5,7633.7,7560.8,7589.8,11687
2023-05-25 21:00:00+00:00,7579.0,7645.8,7554.8,7639.0,9629
2023-05-29 21:00:00+00:00,7629.6,7641.5,7518.3,7539.8,10989
2023-05-30 21:00:00+00:00,7542.8,7542.8,7440.8,7464.0,13043
2023-05-31 21:00:00+00:00,7461.5,7508.8,7444.5,7499.5,10133
2023-06-01 21:00:00+00:00,7503.5,7629.3,7499.3,7620.0,9976
2023-06-04 21:00:00+00:00,7621.5,7655.3,7584.5,7590.5,8801
2023-06-05 21:00:00+00:00,7583.0,7646.8,7556.3,7645.5,8596
2023-06-06 21:00:00+00:00,7649.8,7649.8,7603.5,7637.3,8726
2023-06-07 21:00:00+00:00,7633.8,7639.3,7586.3,7616.8,8458
2023-06-08 21:00:00+00:00,7613.3,7617.8,7544.8,7571.2,8299
2023-06-11 21:00:00+00:00,7577.3,7604.3,7556.8,7581.3,9109
2023-06-12 21:00:00+00:00,7581.6,7612.8,7555.0,7596.8,10510
2023-06-13 21:00:00+00:00,7590.3,7641.8,7575.8,7593.0,11379
2023-06-14 21:00:00+00:00,7592.0,7641.3,7579.7,7633.0,8272
2023-06-15 21:00:00+00:00,7623.3,7689.3,7612.5,7618.8,9511
2023-06-18 21:00:00+00:00,7623.8,7627.5,7581.8,7593.0,4811
2023-06-19 21:00:00+00:00,7595.3,7610.3,7564.0,7565.0,7368
2023-06-20 21:00:00+00:00,7568.0,7581.3,7519.0,7545.3,7934
2023-06-21 21:00:00+00:00,7544.2,7545.4,7452.4,7516.5,10085
2023-06-22 21:00:00+00:00,7514.0,7515.5,7439.3,7454.3,9424
2023-06-25 21:00:00+00:00,7466.3,7475.8,7395.8,7465.0,9180
2023-06-26 21:00:00+00:00,7472.6,7499.3,7429.3,7486.0,7464
2023-06-27 21:00:00+00:00,7475.6,7520.3,7474.5,7502.3,7314
2023-06-28 21:00:00+00:00,7514.8,7518.3,7459.0,7487.8,6960
2023-06-29 21:00:00+00:00,7491.8,7550.8,7477.0,7548.3,7340
2023-07-02 21:00:00+00:00,7549.3,7562.8,7514.3,7533.0,7436
2023-07-03 21:00:00+00:00,7524.0,7547.8,7515.3,7519.0,3917
2023-07-04 21:00:00+00:00,7516.0,7522.0,7431.8,7439.0,7973
2023-07-05 21:00:00+00:00,7431.8,7434.1,7262.0,7281.0,10670
2023-07-06 21:00:00+00:00,7278.0,7284.7,7222.0,7263.8,11334
2023-07-09 21:00:00+00:00,7271.8,7304.8,7222.8,7262.5,8398
2023-07-10 21:00:00+00:00,7260.3,7294.8,7235.3,7291.8,7723
2023-07-11 21:00:00+00:00,7292.0,7425.3,7289.5,7410.5,9044
2023-07-12 21:00:00+00:00,7407.4,7454.8,7404.1,7435.5,5921
2023-07-13 21:00:00+00:00,7429.8,7477.3,7412.3,7413.0,6148
2023-07-16 21:00:00+00:00,7406.8,7434.3,7387.5,7413.0,6471
2023-07-17 21:00:00+00:00,7403.6,7463.8,7390.8,7461.0,5910
2023-07-18 21:00:00+00:00,7457.8,7627.0,7452.8,7586.5,11087
2023-07-19 21:00:00+00:00,7580.0,7660.6,7577.5,7647.3,8782
2023-07-20 21:00:00+00:00,7646.6,7673.8,7634.8,7670.5,7285
2023-07-23 21:00:00+00:00,7659.8,7689.8,7617.8,7681.8,7159
2023-07-24 21:00:00+00:00,7682.0,7701.8,7670.0,7677.8,6655
2023-07-25 21:00:00+00:00,7676.3,7702.0,7629.3,7679.0,9074
2023-07-26 21:00:00+00:00,7678.6,7706.8,7651.8,7660.5,9552
2023-07-27 21:00:00+00:00,7659.8,7712.5,7642.3,7669.3,9639
2023-07-30 21:00:00+00:00,7668.6,7720.8,7648.5,7697.3,7401
2023-07-31 21:00:00+00:00,7702.0,7710.3,7645.8,7659.0,8216
2023-08-01 21:00:00+00:00,7647.8,7656.8,7516.8,7548.5,12595
2023-08-02 21:00:00+00:00,7544.4,7558.2,7428.2,7530.8,14781
2023-08-03 21:00:00+00:00,7533.8,7565.0,7479.8,7510.2,12165
2023-08-06 21:00:00+00:00,7517.8,7563.8,7499.8,7560.0,8839
2023-08-07 21:00:00+00:00,7562.3,7563.3,7481.8,7548.5,11583
2023-08-08 21:00:00+00:00,7542.0,7604.0,7539.3,7589.0,9688
2023-08-09 21:00:00+00:00,7562.1,7620.8,7559.4,7586.5,12787
2023-08-10 21:00:00+00:00,7593.0,7595.8,7502.3,7529.3,12686
2023-08-13 21:00:00+00:00,7536.0,7544.3,7472.8,7515.3,10562
2023-08-14 21:00:00+00:00,7515.3,7522.8,7366.3,7384.3,13319
2023-08-15 21:00:00+00:00,7381.8,7394.8,7332.3,7333.5,11502
2023-08-16 21:00:00+00:00,7318.4,7348.5,7271.5,7277.2,11226
2023-08-17 21:00:00+00:00,7271.0,7293.7,7209.8,7260.5,13023
2023-08-20 21:00:00+00:00,7264.0,7314.8,7246.8,7267.3,9295
2023-08-21 21:00:00+00:00,7259.0,7308.8,7253.3,7258.5,8258
2023-08-22 21:00:00+00:00,7258.3,7347.8,7256.8,7323.3,9251
2023-08-23 21:00:00+00:00,7326.8,7381.8,7308.0,7309.5,10550
2023-08-24 21:00:00+00:00,7307.0,7384.3,7306.3,7358.3,10421
2023-08-28 21:00:00+00:00,7381.5,7480.8,7362.8,7478.8,10010
2023-08-29 21:00:00+00:00,7484.3,7507.8,7462.3,7471.3,8680
2023-08-30 21:00:00+00:00,7470.9,7503.5,7420.0,7434.7,9049
2023-08-31 21:00:00+00:00,7434.0,7495.1,7433.5,7489.1,9478
2023-09-03 21:00:00+00:00,7488.1,7524.6,7449.8,7454.5,5546
2023-09-04 21:00:00+00:00,7455.5,7484.4,7389.3,7426.1,10037
2023-09-05 21:00:00+00:00,7421.2,7451.2,7368.9,7426.7,9916
2023-09-06 21:00:00+00:00,7424.8,7462.8,7382.5,7441.3,10235
2023-09-07 21:00:00+00:00,7445.3,7491.3,7399.8,7485.8,10343
2023-09-10 21:00:00+00:00,7485.3,7550.0,7465.3,7510.3,10732
2023-09-11 21:00:00+00:00,7506.8,7550.3,7496.0,7515.0,10349
2023-09-12 21:00:00+00:00,7520.6,7543.8,7485.8,7519.8,11792
2023-09-13 21:00:00+00:00,7520.0,7702.7,7519.3,7700.2,12127
2023-09-14 21:00:00+00:00,7702.0,7750.5,7695.0,7709.8,13549
2023-09-17 21:00:00+00:00,7717.6,7729.8,7651.8,7673.8,10364
2023-09-18 21:00:00+00:00,7679.3,7693.3,7651.8,7670.0,9404
2023-09-19 21:00:00+00:00,7671.3,7754.0,7646.5,7712.7,11944
2023-09-20 21:00:00+00:00,7698.2,7754.3,7647.1,7648.1,15253
2023-09-21 21:00:00+00:00,7645.4,7744.2,7640.3,7671.4,14036
2023-09-24 21:00:00+00:00,7677.4,7691.7,7589.3,7644.8,12827
2023-09-25 21:00:00+00:00,7644.8,7668.3,7598.3,7609.8,13339
2023-09-26 21:00:00+00:00,7617.6,7654.8,7569.3,7603.8,12724
2023-09-27 21:00:00+00:00,7600.8,7629.8,7528.8,7614.5,16276
2023-09-28 21:00:00+00:00,7616.5,7682.8,7581.3,7590.0,15340
2023-10-01 21:00:00+00:00,7619.3,7637.0,7494.3,7514.0,16192
2023-10-02 21:00:00+00:00,7516.0,7555.8,7466.8,7481.5,16756
2023-10-03 21:00:00+00:00,7482.8,7499.8,7391.0,7436.8,19447
2023-10-04 21:00:00+00:00,7428.8,7496.3,7412.5,7466.8,15710
2023-10-05 21:00:00+00:00,7464.5,7538.5,7427.8,7524.8,16979
2023-10-08 21:00:00+00:00,7498.5,7549.8,7474.8,7531.8,13360
2023-10-09 21:00:00+00:00,7536.6,7652.3,7536.6,7626.3,13247
2023-10-10 21:00:00+00:00,7624.3,7660.8,7616.0,7640.8,12331
2023-10-11 21:00:00+00:00,7649.4,7693.9,7608.4,7644.6,11434
2023-10-12 21:00:00+00:00,7641.6,7665.4,7592.9,7614.1,15356
2023-10-15 21:00:00+00:00,7627.4,7659.3,7584.6,7649.0,13236
2023-10-16 21:00:00+00:00,7647.0,7710.7,7625.8,7688.7,13806
2023-10-17 21:00:00+00:00,7676.4,7708.2,7572.0,7583.0,16361
2023-10-18 21:00:00+00:00,7580.4,7594.7,7474.1,7489.8,19232
2023-10-19 21:00:00+00:00,7475.8,7495.6,7389.3,7390.1,15771
2023-10-22 21:00:00+00:00,7404.6,7412.8,7342.8,7355.9,14257
2023-10-23 21:00:00+00:00,7366.2,7415.2,7329.2,7406.4,12543
2023-10-24 21:00:00+00:00,7407.0,7437.7,7373.7,7408.2,12239
2023-10-25 21:00:00+00:00,7394.7,7403.7,7328.0,7343.5,15436
2023-10-26 21:00:00+00:00,7362.2,7384.7,7262.5,7278.5,14539
2023-10-29 21:00:00+00:00,7304.3,7366.3,7298.8,7338.0,11713
2023-10-30 21:00:00+00:00,7336.0,7378.3,7312.6,7332.6,11776
2023-10-31 21:00:00+00:00,7327.3,7391.3,7308.1,7370.0,13515
2023-11-01 21:00:00+00:00,7384.5,7474.8,7374.2,7470.5,11425
2023-11-02 21:00:00+00:00,7468.5,7486.3,7397.5,7406.0,10980
2023-11-05 22:00:00+00:00,7406.0,7453.8,7398.5,7432.8,8770
2023-11-06 22:00:00+00:00,7423.3,7437.3,7398.8,7412.0,9371
2023-11-07 22:00:00+00:00,7410.0,7447.3,7385.3,7399.5,9661
2023-11-08 22:00:00+00:00,7382.7,7469.3,7366.7,7426.3,10080
2023-11-09 22:00:00+00:00,7418.8,7423.8,7321.0,7405.7,11186
2023-11-12 22:00:00+00:00,7384.7,7441.2,7359.2,7434.4,8266
2023-11-13 22:00:00+00:00,7434.2,7461.1,7390.1,7433.6,10873
2023-11-14 22:00:00+00:00,7437.1,7539.6,7431.8,7489.1,11379
2023-11-15 22:00:00+00:00,7472.9,7495.4,7404.1,7429.3,10109
2023-11-16 22:00:00+00:00,7430.6,7517.5,7424.3,7509.0,8750
2023-11-19 22:00:00+00:00,7505.7,7508.7,7470.5,7497.9,7888
2023-11-20 22:00:00+00:00,7497.4,7502.9,7448.9,7485.9,6819
2023-11-21 22:00:00+00:00,7488.4,7509.4,7454.4,7483.4,7662
2023-11-22 22:00:00+00:00,7467.5,7495.7,7449.0,7483.3,5213
2023-11-23 22:00:00+00:00,7489.4,7502.2,7448.6,7493.2,5841
2023-11-26 22:00:00+00:00,7484.7,7494.7,7451.2,7458.9,6493
2023-11-27 22:00:00+00:00,7463.2,7466.9,7402.9,7443.1,8757
2023-11-28 22:00:00+00:00,7445.6,7461.1,7408.6,7425.8,8671
2023-11-29 22:00:00+00:00,7429.4,7499.2,7384.6,7472.4,11104
2023-11-30 22:00:00+00:00,7468.4,7545.1,7466.2,7528.0,10228
2023-12-03 22:00:00+00:00,7525.6,7539.3,7475.1,7514.5,9151
2023-12-04 22:00:00+00:00,7504.0,7507.8,7460.5,7485.4,9656
2023-12-05 22:00:00+00:00,7501.1,7547.6,7487.6,7500.9,8640
2023-12-06 22:00:00+00:00,7499.8,7525.8,7477.6,7517.0,8472
2023-12-07 22:00:00+00:00,7520.5,7584.0,7508.8,7564.0,9646
2023-12-10 22:00:00+00:00,7561.7,7563.5,7492.0,7551.7,8233
2023-12-11 22:00:00+00:00,7557.7,7610.8,7545.3,7559.8,8699
2023-12-12 22:00:00+00:00,7564.8,7604.0,7546.5,7602.8,9147
2023-12-13 22:00:00+00:00,7619.3,7725.3,7612.8,7648.8,14375
2023-12-14 22:00:00+00:00,7653.3,7676.5,7571.1,7578.6,12521
2023-12-17 22:00:00+00:00,7589.4,7656.8,7574.3,7644.5,8776
2023-12-18 22:00:00+00:00,7643.0,7685.5,7631.2,7680.7,7518
2023-12-19 22:00:00+00:00,7681.0,7795.5,7677.2,7687.8,12147
2023-12-20 22:00:00+00:00,7691.1,7736.6,7683.3,7725.6,8921
2023-12-21 22:00:00+00:00,7713.6,7737.6,7683.6,7716.3,3895
2023-12-26 22:00:00+00:00,7747.6,7782.6,7731.6,7755.0,8329
2023-12-27 22:00:00+00:00,7763.2,7785.6,7729.4,7744.3,6765
2023-12-28 22:00:00+00:00,7744.8,7769.8,7743.3,7758.0,3308
2024-01-01 22:00:00+00:00,7758.6,7788.3,7704.8,7728.3,10545
2024-01-02 22:00:00+00:00,7721.3,7762.3,7662.8,7710.0,12508
2024-01-03 22:00:00+00:00,7711.6,7745.6,7688.8,7716.8,10017
2024-01-04 22:00:00+00:00,7721.6,7721.6,7656.1,7687.8,10810
2024-01-07 22:00:00+00:00,7697.1,7743.6,7648.6,7740.6,30966
2024-01-08 22:00:00+00:00,7733.4,7739.1,7693.5,7700.2,28941
2024-01-09 22:00:00+00:00,7701.5,7707.2,7669.0,7683.8,30617
2024-01-10 22:00:00+00:00,7688.9,7717.4,7594.6,7618.8,46407
2024-01-11 22:00:00+00:00,7617.8,7679.8,7615.4,7652.8,40711
2024-01-14 22:00:00+00:00,7659.0,7664.8,7601.3,7617.8,22793
2024-01-15 22:00:00+00:00,7594.3,7610.0,7552.3,7561.6,41188
2024-01-16 22:00:00+00:00,7551.8,7554.6,7422.6,7457.3,45625
2024-01-17 22:00:00+00:00,7458.6,7501.8,7443.2,7499.8,37600
2024-01-18 22:00:00+00:00,7501.3,7543.0,7470.2,7506.0,35853
2024-01-21 22:00:00+00:00,7526.7,7527.2,7474.7,7515.8,32225
2024-01-22 22:00:00+00:00,7522.8,7550.3,7487.8,7529.8,30502
2024-01-23 22:00:00+00:00,7538.0,7564.3,7519.6,7540.0,34849
2024-01-24 22:00:00+00:00,7545.3,7579.7,7526.8,7579.7,34333
2024-01-25 22:00:00+00:00,7574.7,7674.2,7571.0,7670.4,36835
2024-01-28 22:00:00+00:00,7653.0,7683.2,7648.8,7680.5,25956
2024-01-29 22:00:00+00:00,7680.5,7707.3,7661.5,7700.6,27973
2024-01-30 22:00:00+00:00,7691.8,7710.5,7624.2,7634.0,39422
2024-01-31 22:00:00+00:00,7638.5,7691.5,7619.2,7664.0,41851
2024-02-01 22:00:00+00:00,7681.8,7701.8,7625.8,7653.8,40869
2024-02-04 22:00:00+00:00,7634.6,7685.8,7613.0,7648.8,33784
2024-02-05 22:00:00+00:00,7647.3,7719.8,7639.0,7718.8,35838
2024-02-06 22:00:00+00:00,7717.6,7728.6,7644.6,7656.8,31464
2024-02-07 22:00:00+00:00,7655.4,7669.4,7605.6,7633.1,36847
2024-02-08 22:00:00+00:00,7626.4,7627.6,7570.8,7609.1,25579
2024-02-11 22:00:00+00:00,7601.6,7609.8,7569.1,7604.0,26331
2024-02-12 22:00:00+00:00,7598.0,7605.6,7482.8,7503.6,39905
2024-02-13 22:00:00+00:00,7512.0,7610.9,7507.0,7599.9,35579
2024-02-14 22:00:00+00:00,7587.2,7644.8,7579.0,7643.5,30219
2024-02-15 22:00:00+00:00,7635.5,7738.5,7633.8,7714.0,36259
2024-02-18 22:00:00+00:00,7714.5,7756.5,7705.0,7755.0,18023
2024-02-19 22:00:00+00:00,7746.8,7766.8,7717.5,7738.6,31309
2024-02-20 22:00:00+00:00,7730.3,7744.6,7649.6,7674.3,37634
2024-02-21 22:00:00+00:00,7672.6,7711.0,7657.8,7699.8,36750
2024-02-22 22:00:00+00:00,7692.8,7723.6,7680.0,7720.8,25597
2024-02-25 22:00:00+00:00,7708.0,7716.6,7680.8,7689.3,23735
2024-02-26 22:00:00+00:00,7686.6,7704.6,7673.3,7696.8,22782
2024-02-27 22:00:00+00:00,7689.8,7698.0,7618.6,7626.0,26569
2024-02-28 22:00:00+00:00,7621.3,7681.1,7619.3,7670.8,30984
2024-02-29 22:00:00+00:00,7678.4,7699.1,7645.6,7691.6,30003
2024-03-03 22:00:00+00:00,7687.4,7687.4,7622.4,7642.8,21867
2024-03-04 22:00:00+00:00,7633.1,7659.8,7596.1,7644.8,28275
2024-03-05 22:00:00+00:00,7640.1,7705.8,7639.4,7681.4,31429
2024-03-06 22:00:00+00:00,7650.7,7711.7,7639.7,7689.2,32111
2024-03-07 22:00:00+00:00,7694.4,7713.7,7643.2,7651.0,37210
2024-03-10 21:00:00+00:00,7640.4,7696.8,7611.0,7695.0,30584
2024-03-11 21:00:00+00:00,7704.0,7767.0,7700.6,7758.6,37155
2024-03-12 21:00:00+00:00,7753.6,7788.8,7737.3,7784.8,28574
2024-03-13 21:00:00+00:00,7772.2,7785.6,7728.8,7756.0,30755
2024-03-14 21:00:00+00:00,7749.6,7782.8,7738.3,7760.3,32209
2024-03-17 21:00:00+00:00,7756.6,7775.3,7736.6,7741.8,20933
2024-03-18 21:00:00+00:00,7729.6,7765.3,7715.0,7759.0,25023
2024-03-19 21:00:00+00:00,7755.0,7801.6,7729.8,7796.6,26086
2024-03-20 21:00:00+00:00,7795.2,7927.0,7794.0,7908.5,30361
2024-03-21 21:00:00+00:00,7908.0,7987.0,7898.8,7951.5,25664
2024-03-24 21:00:00+00:00,7962.2,7964.0,7913.0,7929.0,19841
2024-03-25 21:00:00+00:00,7936.8,7959.0,7910.8,7940.8,21187
2024-03-26 21:00:00+00:00,7949.2,7969.0,7909.2,7967.0,18581
2024-03-27 21:00:00+00:00,7967.1,7996.6,7964.6,7985.1,20107
2024-04-01 21:00:00+00:00,7985.1,8033.4,7936.1,7958.1,31906
2024-04-02 21:00:00+00:00,7953.4,7953.4,7892.6,7938.4,28024
2024-04-03 21:00:00+00:00,7945.6,8006.8,7897.8,7908.0,32127
2024-04-04 21:00:00+00:00,7911.3,7944.3,7873.6,7933.6,39796
2024-04-07 21:00:00+00:00,7928.3,7969.6,7901.3,7957.0,24676
2024-04-08 21:00:00+00:00,7956.8,7979.3,7933.3,7964.3,26419
2024-04-09 21:00:00+00:00,7969.0,8020.3,7934.6,7995.6,42968
2024-04-10 21:00:00+00:00,7962.4,7996.9,7902.8,7961.8,44940
2024-04-11 21:00:00+00:00,7960.8,8064.3,7939.3,7950.3,48709
2024-04-14 21:00:00+00:00,7959.6,8030.6,7919.3,7933.8,52517
2024-04-15 21:00:00+00:00,7924.0,7930.6,7808.3,7839.6,58964
2024-04-16 21:00:00+00:00,7855.6,7913.6,7806.8,7894.6,51840
2024-04-17 21:00:00+00:00,7886.4,7916.4,7858.9,7874.9,40364
2024-04-18 21:00:00+00:00,7867.6,7948.4,7763.6,7942.2,64001
2024-04-21 21:00:00+00:00,7977.6,8087.8,7962.6,8068.0,38136
2024-04-22 21:00:00+00:00,8075.0,8100.6,8041.0,8081.8,36192
2024-04-23 21:00:00+00:00,8088.2,8138.8,8047.0,8063.8,31925
2024-04-24 21:00:00+00:00,8056.1,8122.1,8046.1,8099.4,43337
2024-04-25 21:00:00+00:00,8098.6,8181.1,8098.4,8171.6,32851
2024-04-28 21:00:00+00:00,8188.4,8209.6,8148.4,8161.8,25026
2024-04-29 21:00:00+00:00,8162.3,8215.6,8145.6,8150.6,32564
2024-04-30 21:00:00+00:00,8147.1,8192.1,8109.4,8120.4,34590
2024-05-01 21:00:00+00:00,8136.6,8209.7,8132.6,8194.7,35366
2024-05-02 21:00:00+00:00,8208.2,8265.2,8201.0,8250.2,37186
2024-05-06 21:00:00+00:00,8301.2,8353.5,8294.8,8350.2,25161
2024-05-07 21:00:00+00:00,8354.5,8384.8,8342.0,8383.6,21409
2024-05-08 21:00:00+00:00,8363.8,8414.8,8350.1,8411.1,23990
2024-05-09 21:00:00+00:00,8413.6,8456.6,8398.4,8421.6,21204
2024-05-12 21:00:00+00:00,8416.4,8446.4,8403.0,8413.8,17450
2024-05-13 21:00:00+00:00,8414.8,8454.8,8397.8,8450.3,22029
2024-05-14 21:00:00+00:00,8454.8,8483.8,8435.3,8449.8,25500
2024-05-15 21:00:00+00:00,8441.8,8461.4,8408.6,8432.4,22435
2024-05-16 21:00:00+00:00,8435.8,8442.6,8402.1,8433.6,22808
2024-05-19 21:00:00+00:00,8430.4,8453.8,8398.8,8400.6,13639
2024-05-20 21:00:00+00:00,8398.1,8425.6,8362.1,8423.1,20840
2024-05-21 21:00:00+00:00,8424.4,8438.4,8330.6,8359.1,30689
2024-05-22 21:00:00+00:00,8366.8,8378.4,8269.8,8283.1,30158
2024-05-23 21:00:00+00:00,8279.6,8321.8,8239.6,8306.1,25530
2024-05-27 21:00:00+00:00,8320.6,8335.4,8240.0,8259.3,27222
2024-05-28 21:00:00+00:00,8260.0,8265.6,8175.3,8182.0,31941
2024-05-29 21:00:00+00:00,8165.7,8238.7,8136.4,8232.7,28971
2024-05-30 21:00:00+00:00,8226.7,8302.7,8217.4,8302.7,32764
2024-06-02 21:00:00+00:00,8315.2,8358.4,8228.2,8247.7,41200
2024-06-03 21:00:00+00:00,8246.7,8260.7,8191.0,8247.0,34573
2024-06-04 21:00:00+00:00,8254.7,8283.2,8225.2,8265.8,24073
2024-06-05 21:00:00+00:00,8262.2,8296.8,8243.7,8292.8,24730
2024-06-06 21:00:00+00:00,8296.0,8306.3,8209.3,8220.3,34702
2024-06-09 21:00:00+00:00,8211.3,8250.8,8172.0,8244.8,31835
2024-06-10 21:00:00+00:00,8244.8,8264.0,8110.8,8144.0,37274
2024-06-11 21:00:00+00:00,8153.6,8241.6,8153.6,8216.3,46430
2024-06-12 21:00:00+00:00,8215.0,8215.8,8145.8,8168.8,36736
2024-06-13 21:00:00+00:00,8167.0,8209.3,8110.8,8173.6,45085
2024-06-16 21:00:00+00:00,8182.3,8202.3,8122.3,8173.3,34245
2024-06-17 21:00:00+00:00,8190.8,8204.3,8158.0,8193.0,30399
2024-06-18 21:00:00+00:00,8205.3,8213.3,8162.6,8209.8,20798
2024-06-19 21:00:00+00:00,8208.7,8286.7,8198.0,8279.0,31991
2024-06-20 21:00:00+00:00,8284.2,8286.7,8180.2,8235.0,36739
2024-06-23 21:00:00+00:00,8243.8,8323.6,8209.8,8307.8,30218
2024-06-24 21:00:00+00:00,8313.6,8327.8,8230.3,8252.0,26368
2024-06-25 21:00:00+00:00,8242.8,8313.6,8215.1,8243.6,27896
2024-06-26 21:00:00+00:00,8216.0,8249.2,8175.3,8198.6,26603
2024-06-27 21:00:00+00:00,8212.8,8246.3,8153.3,8180.6,36239
2024-06-30 21:00:00+00:00,8170.6,8232.0,8158.8,8167.6,32518
2024-07-01 21:00:00+00:00,8169.0,8178.0,8110.0,8144.8,31901
2024-07-02 21:00:00+00:00,8145.6,8206.8,8145.6,8200.8,25207
2024-07-03 21:00:00+00:00,8200.4,8266.8,8183.6,8263.8,15977
2024-07-04 21:00:00+00:00,8269.8,8287.6,8185.1,8213.8,31578
2024-07-07 21:00:00+00:00,8202.8,8237.6,8178.4,8205.6,21307
2024-07-08 21:00:00+00:00,8218.1,8223.1,8135.2,8163.9,26649
2024-07-09 21:00:00+00:00,8169.4,8219.6,8145.2,8215.8,21945
2024-07-10 21:00:00+00:00,8210.2,8238.5,8191.6,8226.0,32672
2024-07-11 21:00:00+00:00,8227.2,8281.8,8227.2,8240.4,27362
2024-07-14 21:00:00+00:00,8248.1,8253.8,8164.0,8173.0,32896
2024-07-15 21:00:00+00:00,8175.0,8207.8,8129.1,8206.6,29197
2024-07-16 21:00:00+00:00,8207.4,8214.3,8133.1,8213.6,35346
2024-07-17 21:00:00+00:00,8236.6,8273.3,8162.3,8175.0,39011
2024-07-18 21:00:00+00:00,8189.8,8190.6,8130.6,8171.6,40353
2024-07-21 21:00:00+00:00,8185.6,8248.6,8161.6,8222.6,34248
2024-07-22 21:00:00+00:00,8211.6,8237.8,8154.8,8171.8,33717
2024-07-23 21:00:00+00:00,8151.0,8177.8,8115.0,8135.0,37148
2024-07-24 21:00:00+00:00,8148.0,8232.3,8054.0,8203.0,58545
2024-07-25 21:00:00+00:00,8203.0,8334.0,8199.8,8317.3,42921
2024-07-28 21:00:00+00:00,8323.3,8374.3,8282.8,8286.0,43042
2024-07-29 21:00:00+00:00,8266.3,8304.3,8234.3,8299.8,38703
2024-07-30 21:00:00+00:00,8309.8,8416.6,8292.0,8378.6,44094
2024-07-31 21:00:00+00:00,8396.7,8409.2,8259.2,8302.0,56233
2024-08-01 21:00:00+00:00,8295.4,8303.7,8156.0,8223.4,73908
2024-08-04 21:00:00+00:00,8184.0,8195.4,7918.0,8005.6,110430
2024-08-05 21:00:00+00:00,8050.3,8124.0,7949.8,8077.4,87557
2024-08-06 21:00:00+00:00,8048.1,8183.0,8037.6,8107.2,65354
2024-08-07 21:00:00+00:00,8080.3,8173.3,8061.8,8156.8,57772
2024-08-08 21:00:00+00:00,8162.6,8205.3,8136.0,8198.8,46683
2024-08-11 21:00:00+00:00,8202.0,8231.3,8181.6,8214.6,31062
2024-08-12 21:00:00+00:00,8222.3,8262.8,8183.3,8260.6,30524
2024-08-13 21:00:00+00:00,8258.8,8313.3,8244.0,8304.8,34593
2024-08-14 21:00:00+00:00,8278.0,8371.0,8268.8,8349.3,30820
2024-08-15 21:00:00+00:00,8360.8,8361.3,8290.3,8294.6,29671
2024-08-18 21:00:00+00:00,8300.0,8377.8,8274.8,8340.8,24152
2024-08-19 21:00:00+00:00,8346.3,8351.0,8242.0,8242.4,26547
2024-08-20 21:00:00+00:00,8249.0,8299.2,8248.2,8288.8,29213
2024-08-21 21:00:00+00:00,8296.3,8318.6,8265.0,8275.3,26780
2024-08-22 21:00:00+00:00,8295.3,8339.8,8286.3,8332.3,31175
2024-08-26 21:00:00+00:00,8343.0,8401.0,8327.3,8356.8,27361
2024-08-27 21:00:00+00:00,8343.6,8380.3,8322.3,8350.3,26714
2024-08-28 21:00:00+00:00,8348.3,8419.3,8335.8,8398.3,32980
2024-08-29 21:00:00+00:00,8400.0,8418.6,8363.3,8404.0,29809
2024-09-01 21:00:00+00:00,8399.3,8399.3,8348.6,8381.6,16318
2024-09-02 21:00:00+00:00,8372.4,8394.1,8247.3,8267.6,39739
2024-09-03 21:00:00+00:00,8264.3,8285.6,8207.6,8263.6,49441
2024-09-04 21:00:00+00:00,8243.0,8287.0,8215.8,8236.8,40236
2024-09-05 21:00:00+00:00,8236.5,8263.8,8163.6,8167.6,56128
2024-09-08 21:00:00+00:00,8178.4,8298.6,8176.8,8268.0,38960
2024-09-09 21:00:00+00:00,8268.3,8268.8,8174.3,8223.6,42929
2024-09-10 21:00:00+00:00,8214.6,8269.7,8171.2,8267.4,53982
2024-09-11 21:00:00+00:00,8267.0,8306.0,8218.0,8261.0,47417
2024-09-12 21:00:00+00:00,8266.8,8289.2,8227.8,8281.2,34851
2024-09-15 21:00:00+00:00,8289.2,8314.5,8246.8,8309.2,33428
2024-09-16 21:00:00+00:00,8315.2,8354.0,8274.3,8293.0,41416
2024-09-17 21:00:00+00:00,8297.3,8306.8,8238.8,8269.8,45343
2024-09-18 21:00:00+00:00,8295.8,8369.8,8280.1,8337.8,42232
2024-09-19 21:00:00+00:00,8323.3,8329.8,8206.3,8211.0,46111
2024-09-22 21:00:00+00:00,8215.0,8279.8,8215.0,8276.6,40076
2024-09-23 21:00:00+00:00,8266.8,8325.6,8259.3,8271.6,38531
2024-09-24 21:00:00+00:00,8265.6,8328.3,8237.8,8273.3,34082
2024-09-25 21:00:00+00:00,8284.0,8335.8,8269.6,8295.8,40742
2024-09-26 21:00:00+00:00,8296.6,8344.8,8278.3,8303.8,34954
2024-09-29 21:00:00+00:00,8322.0,8338.8,8231.3,8267.0,39014
2024-09-30 21:00:00+00:00,8263.8,8314.0,8229.6,8288.8,48809
2024-10-01 21:00:00+00:00,8279.0,8332.8,8267.8,8282.3,43803
2024-10-02 21:00:00+00:00,8281.6,8343.1,8255.6,8286.6,47940
2024-10-03 21:00:00+00:00,8284.1,8325.4,8239.6,8322.6,42810
2024-10-06 21:00:00+00:00,8318.6,8339.2,8265.6,8299.4,41936
2024-10-07 21:00:00+00:00,8309.8,8318.1,8192.8,8227.8,42151
2024-10-08 21:00:00+00:00,8216.8,8289.5,8199.2,8285.8,33005
2024-10-09 21:00:00+00:00,8285.4,8286.2,8222.7,8262.7,35850
2024-10-10 21:00:00+00:00,8264.0,8273.0,8214.2,8267.0,27092
2024-10-13 21:00:00+00:00,8250.7,8328.3,8239.7,8325.3,28912
2024-10-14 21:00:00+00:00,8329.8,8339.0,8243.0,8248.0,42045
2024-10-15 21:00:00+00:00,8249.2,8371.6,8245.0,8369.8,35275
2024-10-16 21:00:00+00:00,8364.2,8407.8,8328.4,8384.4,36268
2024-10-17 21:00:00+00:00,8380.1,8387.6,8322.4,8376.6,31603
2024-10-20 21:00:00+00:00,8382.4,8400.6,8322.1,8331.6,29571
2024-10-21 21:00:00+00:00,8318.4,8339.3,8259.8,8334.3,33721
2024-10-22 21:00:00+00:00,8323.6,8331.6,8250.3,8278.6,32889
2024-10-23 21:00:00+00:00,8274.5,8345.8,8263.8,8289.3,32790
2024-10-24 21:00:00+00:00,8294.6,8295.3,8226.0,8240.6,30661
2024-10-27 21:00:00+00:00,8266.8,8320.0,8212.8,8305.8,34653
2024-10-28 21:00:00+00:00,8297.6,8336.6,8210.0,8218.2,37244
2024-10-29 21:00:00+00:00,8219.2,8220.3,8163.6,8169.0,44846
2024-10-30 21:00:00+00:00,8162.8,8173.8,8076.0,8127.4,45098
2024-10-31 21:00:00+00:00,8123.1,8210.0,8112.8,8174.2,42480
2024-11-03 22:00:00+00:00,8177.5,8246.8,8169.5,8179.2,34681
2024-11-04 22:00:00+00:00,8170.8,8224.6,8156.0,8185.8,31678
2024-11-05 22:00:00+00:00,8197.8,8311.8,8150.8,8189.0,68567
2024-11-06 22:00:00+00:00,8156.4,8200.6,8137.4,8186.1,39481
2024-11-07 22:00:00+00:00,8184.4,8190.1,8063.6,8089.1,37173
2024-11-10 22:00:00+00:00,8098.6,8157.8,8081.6,8119.0,27902
2024-11-11 22:00:00+00:00,8115.8,8122.3,8020.2,8050.2,35958
2024-11-12 22:00:00+00:00,8042.4,8066.4,8001.8,8056.8,36442
2024-11-13 22:00:00+00:00,8048.5,8088.0,8006.2,8063.3,40404
2024-11-14 22:00:00+00:00,8058.0,8098.0,8031.0,8084.0,41260
2024-11-17 22:00:00+00:00,8095.8,8130.3,8055.6,8110.8,29424
2024-11-18 22:00:00+00:00,8122.6,8152.0,8057.6,8099.3,45063
2024-11-19 22:00:00+00:00,8106.3,8135.8,8078.8,8114.1,39430
2024-11-20 22:00:00+00:00,8099.8,8192.0,8067.6,8190.8,44412
2024-11-21 22:00:00+00:00,8188.5,8283.3,8176.2,8276.6,40422
2024-11-24 22:00:00+00:00,8276.6,8320.3,8271.3,8296.3,32043
2024-11-25 22:00:00+00:00,8254.3,8293.1,8242.0,8273.1,32561
2024-11-26 22:00:00+00:00,8275.1,8288.7,8244.2,8282.7,30445
2024-11-27 22:00:00+00:00,8287.3,8308.3,8275.8,8293.3,17408
2024-11-28 22:00:00+00:00,8270.8,8304.5,8256.0,8286.2,26254
2024-12-01 22:00:00+00:00,8280.8,8339.0,8277.5,8328.8,31281
2024-12-02 22:00:00+00:00,8328.5,8397.8,8315.0,8357.5,30931
2024-12-03 22:00:00+00:00,8356.5,8368.5,8319.5,8330.0,28622
2024-12-04 22:00:00+00:00,8320.6,8365.8,8320.6,8349.1,27193
2024-12-05 22:00:00+00:00,8346.4,8358.1,8291.8,8303.6,26769
2024-12-08 22:00:00+00:00,8305.4,8376.6,8295.6,8340.8,29706
2024-12-09 22:00:00+00:00,8337.8,8339.8,8254.3,8255.8,29386
2024-12-10 22:00:00+00:00,8252.3,8324.3,8239.8,8322.0,30812
2024-12-11 22:00:00+00:00,8309.6,8329.6,8285.8,8289.1,29667
2024-12-12 22:00:00+00:00,8291.4,8330.8,8276.4,8306.0,26344
2024-12-15 22:00:00+00:00,8314.7,8315.0,8235.7,8236.4,26608
2024-12-16 22:00:00+00:00,8239.2,8254.4,8190.0,8198.0,29346
2024-12-17 22:00:00+00:00,8197.5,8234.2,8112.2,8113.5,36226
2024-12-18 22:00:00+00:00,8110.4,8129.1,8075.1,8106.4,42903
2024-12-19 22:00:00+00:00,8100.6,8110.1,7991.8,8062.1,51698
2024-12-22 22:00:00+00:00,8069.6,8161.0,8034.8,8157.3,31361
2024-12-23 22:00:00+00:00,8147.4,8162.0,8130.7,8136.4,5446
2024-12-26 22:00:00+00:00,8161.0,8164.7,8119.7,8140.0,29040
2024-12-29 22:00:00+00:00,8148.0,8157.0,8099.0,8129.7,28176
2024-12-30 22:00:00+00:00,8120.0,8185.2,8096.2,8174.0,6624
2025-01-01 22:00:00+00:00,8148.6,8279.8,8148.1,8236.0,42973
2025-01-02 22:00:00+00:00,8250.3,8277.6,8228.8,8231.3,27099
2025-01-05 22:00:00+00:00,8227.6,8270.3,8207.8,8220.8,33900
2025-01-06 22:00:00+00:00,8220.8,8272.6,8201.3,8244.8,33472
2025-01-07 22:00:00+00:00,8248.0,8281.3,8200.3,8271.0,42150
2025-01-08 22:00:00+00:00,8262.6,8336.6,8251.8,8322.1,21165
2025-01-09 22:00:00+00:00,8301.4,8334.8,8248.6,8264.1,41722
2025-01-12 22:00:00+00:00,8269.8,8269.8,8197.6,8235.8,38348
2025-01-13 22:00:00+00:00,8234.3,8258.0,8194.8,8230.6,39627
2025-01-14 22:00:00+00:00,8238.3,8346.8,8228.0,8329.8,36907
2025-01-15 22:00:00+00:00,8330.4,8435.9,8316.2,8429.6,35366
2025-01-16 22:00:00+00:00,8426.9,8545.4,8422.6,8511.2,34132
2025-01-19 22:00:00+00:00,8508.9,8562.6,8492.9,8534.0,25646
2025-01-20 22:00:00+00:00,8512.0,8577.8,8504.3,8572.8,30193
2025-01-21 22:00:00+00:00,8577.3,8598.4,8526.4,8528.4,25838
2025-01-22 22:00:00+00:00,8526.4,8582.2,8520.0,8574.4,23891
2025-01-23 22:00:00+00:00,8572.4,8597.4,8487.0,8491.0,27684
2025-01-26 22:00:00+00:00,8466.3,8535.0,8436.8,8528.0,40612
2025-01-27 22:00:00+00:00,8528.6,8580.8,8505.0,8552.6,28501
2025-01-28 22:00:00+00:00,8554.6,8595.3,8527.8,8552.6,27710
2025-01-29 22:00:00+00:00,8559.3,8693.9,8553.6,8674.6,24161
2025-01-30 22:00:00+00:00,8674.4,8700.6,8637.4,8643.2,31421
2025-02-02 22:00:00+00:00,8549.1,8599.4,8513.2,8554.9,54782
2025-02-03 22:00:00+00:00,8571.9,8590.6,8525.9,8556.8,33741
2025-02-04 22:00:00+00:00,8563.6,8668.6,8545.0,8661.8,26403
2025-02-05 22:00:00+00:00,8670.8,8771.0,8667.8,8714.0,30624
2025-02-06 22:00:00+00:00,8709.0,8736.8,8688.8,8692.0,31236
2025-02-09 22:00:00+00:00,8714.8,8792.3,8705.6,8787.0,21780
2025-02-10 22:00:00+00:00,8786.0,8795.6,8753.3,8784.8,23474
2025-02-11 22:00:00+00:00,8784.3,8834.8,8761.3,8830.0,27292
2025-02-12 22:00:00+00:00,8834.0,8834.0,8729.5,8758.2,35624
2025-02-13 22:00:00+00:00,8756.5,8766.8,8705.6,8708.0,26181
2025-02-16 22:00:00+00:00,8712.8,8786.0,8712.8,8777.3,16494
2025-02-17 22:00:00+00:00,8767.0,8792.8,8758.3,8772.0,23484
2025-02-18 22:00:00+00:00,8766.8,8779.8,8697.6,8722.6,30955
2025-02-19 22:00:00+00:00,8700.6,8708.4,8646.6,8660.6,30803
2025-02-20 22:00:00+00:00,8657.9,8683.9,8610.9,8628.2,35020
2025-02-23 22:00:00+00:00,8650.6,8686.9,8610.9,8630.2,39765
2025-02-24 22:00:00+00:00,8635.2,8715.3,8624.9,8700.3,41649
2025-02-25 22:00:00+00:00,8707.6,8742.0,8682.6,8707.6,35340
2025-02-26 22:00:00+00:00,8701.4,8785.2,8698.4,8734.0,45787
2025-02-27 22:00:00+00:00,8719.7,8840.0,8679.4,8839.0,49091
2025-03-02 22:00:00+00:00,8838.8,8914.8,8797.0,8838.6,58671
2025-03-03 22:00:00+00:00,8846.8,8874.0,8747.6,8797.8,71431
2025-03-04 22:00:00+00:00,8824.6,8839.6,8748.5,8813.8,59535
2025-03-05 22:00:00+00:00,8765.2,8799.7,8629.4,8644.7,61474
2025-03-06 22:00:00+00:00,8647.7,8752.2,8625.7,8747.9,59648
2025-03-09 21:00:00+00:00,8722.4,8729.6,8534.6,8605.1,67128
2025-03-10 21:00:00+00:00,8569.6,8634.8,8465.6,8509.8,78183
2025-03-11 21:00:00+00:00,8527.8,8569.4,8497.8,8539.6,58271
2025-03-12 21:00:00+00:00,8540.0,8581.0,8505.8,8544.6,58575
2025-03-13 21:00:00+00:00,8561.8,8675.6,8536.3,8665.0,47090
2025-03-16 21:00:00+00:00,8661.6,8715.3,8622.0,8697.6,40210
2025-03-17 21:00:00+00:00,8698.3,8724.3,8675.3,8696.3,42538
2025-03-18 21:00:00+00:00,8714.6,8727.6,8658.0,8712.8,38373
2025-03-19 21:00:00+00:00,8716.0,8740.8,8660.7,8704.6,43794
2025-03-20 21:00:00+00:00,8712.3,8715.3,8618.3,8654.8,45520
2025-03-23 21:00:00+00:00,8678.5,8704.5,8621.2,8646.2,34922
2025-03-24 21:00:00+00:00,8653.2,8723.5,8615.8,8682.5,29605
2025-03-25 21:00:00+00:00,8681.5,8719.5,8659.8,8677.5,39036
2025-03-26 21:00:00+00:00,8660.7,8669.4,8608.4,8665.0,39389
2025-03-27 21:00:00+00:00,8663.7,8693.2,8633.2,8642.2,41401
2025-03-30 21:00:00+00:00,8639.0,8640.2,8525.7,8623.7,57430
2025-03-31 21:00:00+00:00,8607.0,8669.0,8569.7,8608.4,51085
2025-04-01 21:00:00+00:00,8623.2,8623.2,8543.2,8616.8,50481
2025-04-02 21:00:00+00:00,8443.6,8539.9,8431.9,8473.6,91488
2025-04-03 21:00:00+00:00,8463.9,8481.4,7980.0,7997.3,148324
2025-04-06 21:00:00+00:00,7808.6,8019.0,7534.0,7789.8,156127
2025-04-07 21:00:00+00:00,7814.3,7983.0,7657.0,7735.0,121027
2025-04-08 21:00:00+00:00,7676.0,8191.6,7595.3,8125.8,129590
2025-04-09 21:00:00+00:00,8141.8,8165.8,7797.8,7955.2,132171
2025-04-10 21:00:00+00:00,7907.5,8121.8,7858.0,8099.1,110962
2025-04-13 21:00:00+00:00,8123.1,8175.4,8068.8,8136.6,65694
2025-04-14 21:00:00+00:00,8135.4,8271.0,8128.1,8234.8,54048
2025-04-15 21:00:00+00:00,8212.3,8284.6,8166.6,8193.6,57795
2025-04-16 21:00:00+00:00,8195.6,8327.6,8189.2,8262.9,52689
2025-04-21 21:00:00+00:00,8209.1,8376.9,8207.6,8357.2,51417
2025-04-22 21:00:00+00:00,8453.4,8474.2,8381.4,8412.0,60619
2025-04-23 21:00:00+00:00,8412.0,8439.1,8362.8,8436.1,39655
2025-04-24 21:00:00+00:00,8443.1,8453.0,8397.6,8452.5,40648
2025-04-27 21:00:00+00:00,8439.2,8459.2,8399.8,8437.5,29362
2025-04-28 21:00:00+00:00,8440.8,8506.8,8407.2,8489.0,28176
2025-04-29 21:00:00+00:00,8482.5,8504.5,8432.8,8484.8,37232
2025-04-30 21:00:00+00:00,8489.4,8525.2,8447.6,8478.9,19061
2025-05-01 21:00:00+00:00,8473.6,8641.6,8467.9,8634.8,36682
2025-05-05 21:00:00+00:00,8634.8,8659.4,8567.1,8568.4,34360
2025-05-06 21:00:00+00:00,8602.1,8612.8,8532.8,8584.8,33872
2025-05-07 21:00:00+00:00,8572.3,8616.3,8515.0,8551.8,35221
2025-05-08 21:00:00+00:00,8537.8,8583.6,8522.4,8544.7,30268
2025-05-11 21:00:00+00:00,8594.7,8641.7,8547.0,8628.9,45273
2025-05-12 21:00:00+00:00,8623.9,8627.2,8554.4,8593.2,31372
2025-05-13 21:00:00+00:00,8587.4,8619.9,8559.6,8587.4,30797
2025-05-14 21:00:00+00:00,8561.0,8651.4,8533.0,8641.2,31721
2025-05-15 21:00:00+00:00,8644.2,8698.9,8633.9,8694.4,28677
2025-05-18 21:00:00+00:00,8676.6,8734.6,8610.6,8732.2,31273
2025-05-19 21:00:00+00:00,8742.2,8801.8,8711.9,8785.6,28953
2025-05-20 21:00:00+00:00,8790.0,8800.8,8720.8,8731.8,40634
2025-05-21 21:00:00+00:00,8720.4,8768.6,8686.4,8740.6,33442
2025-05-22 21:00:00+00:00,8749.4,8775.4,8598.8,8729.4,52287
2025-05-26 21:00:00+00:00,8799.4,8821.6,8763.4,8802.5,28252
2025-05-27 21:00:00+00:00,8802.5,8807.2,8725.2,8752.8,27628
2025-05-28 21:00:00+00:00,8797.0,8808.0,8694.8,8740.2,30397
2025-05-29 21:00:00+00:00,8730.2,8808.0,8724.8,8797.2,39831
2025-06-01 21:00:00+00:00,8783.0,8818.8,8731.4,8817.4,40217
2025-06-02 21:00:00+00:00,8804.4,8811.4,8741.1,8795.2,32870
2025-06-03 21:00:00+00:00,8801.7,8825.0,8781.7,8807.0,29415
2025-06-04 21:00:00+00:00,8803.6,8841.0,8776.7,8790.0,34842
2025-06-05 21:00:00+00:00,8790.0,8851.2,8790.0,8842.7,26801
2025-06-08 21:00:00+00:00,8841.2,8853.6,8811.2,8819.8,18782
2025-06-09 21:00:00+00:00,8821.6,8890.3,8817.0,8864.6,31106
2025-06-10 21:00:00+00:00,8861.8,8888.0,8837.3,8854.8,32505
2025-06-11 21:00:00+00:00,8850.4,8901.6,8824.4,8887.1,33191
2025-06-12 21:00:00+00:00,8864.4,8883.8,8817.1,8829.8,46112
2025-06-15 21:00:00+00:00,8846.6,8902.4,8830.4,8844.4,30026
2025-06-16 21:00:00+00:00,8827.4,8866.3,8807.4,8841.8,39085
2025-06-17 21:00:00+00:00,8840.8,8866.8,8820.6,8855.0,38102
2025-06-18 21:00:00+00:00,8851.0,8869.2,8782.7,8815.0,23806
2025-06-19 21:00:00+00:00,8822.0,8851.8,8746.6,8752.8,36750
2025-06-22 21:00:00+00:00,8739.6,8791.4,8729.4,8779.4,38855
2025-06-23 21:00:00+00:00,8787.6,8829.6,8759.0,8772.0,36289
2025-06-24 21:00:00+00:00,8769.5,8799.5,8710.2,8714.4,28236
2025-06-25 21:00:00+00:00,8705.2,8766.4,8700.4,8766.2,27428
2025-06-26 21:00:00+00:00,8764.2,8805.9,8747.9,8787.4,31700
2025-06-29 21:00:00+00:00,8795.2,8821.2,8755.4,8775.4,25843
2025-06-30 21:00:00+00:00,8774.2,8808.4,8727.2,8790.2,28503
2025-07-01 21:00:00+00:00,8787.4,8828.9,8738.4,8795.6,31791
2025-07-02 21:00:00+00:00,8796.6,8836.1,8784.6,8815.8,23520
2025-07-03 21:00:00+00:00,8805.8,8827.8,8775.4,8794.8,16854
2025-07-06 21:00:00+00:00,8797.1,8832.8,8773.8,8776.0,28423
2025-07-07 21:00:00+00:00,8777.5,8883.8,8771.0,8874.3,25823
2025-07-08 21:00:00+00:00,8865.6,8913.4,8855.6,8911.8,24730
2025-07-09 21:00:00+00:00,8903.3,8998.6,8896.8,8990.0,24968
2025-07-10 21:00:00+00:00,8985.0,8990.6,8921.0,8945.5,28494
2025-07-13 21:00:00+00:00,8943.0,9031.8,8922.0,9027.8,25268
2025-07-14 21:00:00+00:00,9027.3,9048.8,8942.6,8953.8,30158
2025-07-15 21:00:00+00:00,8941.0,8993.1,8920.0,8988.8,35069
2025-07-16 21:00:00+00:00,8985.6,9000.4,8945.8,8992.0,25947
2025-07-17 21:00:00+00:00,8994.4,9019.0,8972.2,8990.2,26569
2025-07-20 21:00:00+00:00,8996.0,9018.5,8978.8,8988.8,23034
2025-07-21 21:00:00+00:00,8989.8,9051.0,8982.5,9048.5,27576
2025-07-22 21:00:00+00:00,9063.0,9119.5,9051.2,9117.5,29029
2025-07-23 21:00:00+00:00,9114.5,9163.4,9103.2,9135.2,29452
2025-07-24 21:00:00+00:00,9145.4,9154.0,9098.0,9149.7,22213
2025-07-27 21:00:00+00:00,9167.2,9179.2,9065.0,9090.7,26544
2025-07-28 21:00:00+00:00,9091.9,9171.1,9086.0,9150.6,29408
2025-07-29 21:00:00+00:00,9153.1,9169.8,9097.1,9142.1,33734
2025-07-30 21:00:00+00:00,9150.1,9194.4,9113.1,9121.6,41102
2025-07-31 21:00:00+00:00,9121.4,9134.1,9032.4,9110.2,52977
2025-08-03 21:00:00+00:00,9104.2,9161.2,9069.2,9156.2,33218
2025-08-04 21:00:00+00:00,9149.0,9185.0,9129.7,9154.0,35159
2025-08-05 21:00:00+00:00,9152.4,9187.4,9138.4,9146.1,29156
2025-08-06 21:00:00+00:00,9127.8,9149.8,9075.6,9087.4,41203
2025-08-07 21:00:00+00:00,9087.4,9125.6,9080.4,9091.4,28122
2025-08-10 21:00:00+00:00,9090.6,9141.8,9090.6,9133.6,25586
2025-08-11 21:00:00+00:00,9133.8,9175.0,9122.5,9173.0,27175
2025-08-12 21:00:00+00:00,9172.0,9191.9,9146.0,9189.4,23727
2025-08-13 21:00:00+00:00,9158.3,9216.4,9135.8,9214.9,24835
2025-08-14 21:00:00+00:00,9223.2,9230.4,9129.4,9149.6,25441
2025-08-17 21:00:00+00:00,9155.1,9186.8,9126.6,9182.3,21436
2025-08-18 21:00:00+00:00,9183.6,9201.8,9157.3,9186.4,24687
2025-08-19 21:00:00+00:00,9187.1,9323.1,9169.1,9313.6,33387
2025-08-20 21:00:00+00:00,9306.2,9318.2,9257.4,9312.6,27647
2025-08-21 21:00:00+00:00,9319.6,9361.0,9283.2,9338.5,27695
2025-08-25 21:00:00+00:00,9318.0,9320.0,9246.8,9301.3,28053
2025-08-26 21:00:00+00:00,9303.6,9310.3,9236.8,9268.3,21465
2025-08-27 21:00:00+00:00,9257.6,9273.6,9207.6,9231.0,21786
2025-08-28 21:00:00+00:00,9230.2,9238.4,9180.7,9195.8,24739
2025-08-31 21:00:00+00:00,9206.8,9227.3,9179.6,9197.0,14292
2025-09-01 21:00:00+00:00,9194.6,9210.3,9102.3,9156.0,34362
2025-09-02 21:00:00+00:00,9155.0,9188.3,9105.0,9186.0,29529
2025-09-03 21:00:00+00:00,9185.3,9235.0,9154.8,9231.3,25815
2025-09-04 21:00:00+00:00,9232.6,9254.3,9195.8,9225.8,34589
2025-09-07 21:00:00+00:00,9235.8,9241.6,9189.8,9233.6,23960
2025-09-08 21:00:00+00:00,9234.6,9269.0,9213.6,9259.6,25651
2025-09-09 21:00:00+00:00,9255.8,9296.0,9221.8,9246.6,30005
2025-09-10 21:00:00+00:00,9247.8,9322.8,9238.6,9322.0,25144
2025-09-11 21:00:00+00:00,9318.0,9343.8,9263.9,9268.6,23089
2025-09-14 21:00:00+00:00,9264.2,9300.6,9263.2,9283.2,23210
2025-09-15 21:00:00+00:00,9281.6,9286.6,9194.0,9209.5,25690
2025-09-16 21:00:00+00:00,9210.5,9250.2,9181.8,9201.2,34901
2025-09-17 21:00:00+00:00,9210.8,9262.0,9197.8,9254.8,32890
2025-09-18 21:00:00+00:00,9255.0,9263.8,9211.3,9238.8,28323
2025-09-21 21:00:00+00:00,9235.6,9269.5,9203.8,9259.8,23401
2025-09-22 21:00:00+00:00,9259.2,9285.5,9213.5,9217.2,24358
2025-09-23 21:00:00+00:00,9218.8,9285.6,9190.5,9252.6,26923
2025-09-24 21:00:00+00:00,9251.6,9261.6,9214.3,9258.2,32913
2025-09-25 21:00:00+00:00,9247.2,9324.0,9224.8,9319.3,27519
2025-09-28 21:00:00+00:00,9322.3,9374.0,9300.8,9316.6,24797
2025-09-29 21:00:00+00:00,9316.3,9396.3,9282.3,9390.6,30568
2025-09-30 21:00:00+00:00,9391.3,9482.0,9364.3,9472.8,31942
2025-10-01 21:00:00+00:00,9468.4,9502.4,9429.9,9441.2,33341
2025-10-02 21:00:00+00:00,9441.4,9512.8,9438.9,9495.8,25044
2025-10-05 21:00:00+00:00,9505.3,9528.3,9473.6,9482.8,29159
2025-10-06 21:00:00+00:00,9475.0,9519.8,9470.0,9502.8,25878
2025-10-07 21:00:00+00:00,9500.6,9592.7,9494.8,9565.4,25884
2025-10-08 21:00:00+00:00,9570.2,9570.2,9496.2,9508.7,32488
2025-10-09 21:00:00+00:00,9517.4,9530.0,9375.0,9390.2,55294
2025-10-12 21:00:00+00:00,9441.4,9468.4,9417.4,9458.2,41745
2025-10-13 21:00:00+00:00,9451.2,9503.3,9390.2,9484.0,51278
2025-10-14 21:00:00+00:00,9492.0,9498.6,9385.0,9422.0,40653
2025-10-15 21:00:00+00:00,9420.4,9448.2,9362.6,9374.4,52707
2025-10-16 21:00:00+00:00,9358.6,9393.4,9275.2,9382.4,60274
2025-10-19 21:00:00+00:00,9378.2,9452.0,9368.6,9446.6,26569
2025-10-20 21:00:00+00:00,9450.8,9460.8,9416.6,9429.3,24260
2025-10-21 21:00:00+00:00,9426.0,9558.8,9420.6,9527.0,35851
2025-10-22 21:00:00+00:00,9515.6,9604.8,9515.1,9592.8,30105
2025-10-23 21:00:00+00:00,9599.8,9669.3,9566.6,9645.0,23112
2025-10-26 21:00:00+00:00,9673.3,9683.8,9643.6,9683.0,20759
2025-10-27 21:00:00+00:00,9678.6,9742.6,9655.0,9712.0,24917
2025-10-28 21:00:00+00:00,9706.6,9803.6,9701.0,9759.8,42059
2025-10-29 21:00:00+00:00,9775.8,9783.8,9701.8,9766.8,45176
2025-10-30 21:00:00+00:00,9767.2,9768.5,9708.8,9748.0,33213
2025-11-02 22:00:00+00:00,9765.8,9767.3,9702.8,9714.3,24043
2025-11-03 22:00:00+00:00,9704.8,9740.4,9580.6,9722.4,38272
2025-11-04 22:00:00+00:00,9687.4,9816.3,9650.2,9796.6,35565
2025-11-05 22:00:00+00:00,9777.6,9796.6,9710.6,9720.0,38099
2025-11-06 22:00:00+00:00,9731.6,9745.3,9645.0,9739.0,54158
2025-11-09 22:00:00+00:00,9766.0,9859.3,9734.0,9854.6,34808
2025-11-10 22:00:00+00:00,9854.6,9928.0,9854.3,9913.0,35804
2025-11-11 22:00:00+00:00,9922.5,9943.2,9887.2,9907.2,34774
2025-11-12 22:00:00+00:00,9891.0,9924.8,9745.6,9752.6,52728
2025-11-13 22:00:00+00:00,9767.6,9790.3,9614.3,9695.0,67319
2025-11-16 22:00:00+00:00,9699.8,9714.0,9615.6,9637.0,53627
2025-11-17 22:00:00+00:00,9626.6,9637.3,9520.0,9583.6,91134
2025-11-18 22:00:00+00:00,9577.6,9580.0,9508.0,9557.6,63655
2025-11-19 22:00:00+00:00,9572.1,9598.8,9441.1,9446.6,82183
2025-11-20 22:00:00+00:00,9472.6,9600.1,9426.1,9574.6,93928
2025-11-23 22:00:00+00:00,9596.6,9599.4,9513.6,9543.8,53999
2025-11-24 22:00:00+00:00,9534.6,9654.3,9518.6,9646.3,52758
2025-11-25 22:00:00+00:00,9652.0,9719.8,9598.3,9698.6,47216
2025-11-26 22:00:00+00:00,9695.8,9704.6,9658.6,9701.8,18919
2025-11-27 22:00:00+00:00,9714.1,9744.4,9694.4,9714.8,22719
2025-11-30 22:00:00+00:00,9695.4,9736.1,9685.8,9690.4,40811
2025-12-01 22:00:00+00:00,9691.4,9745.6,9681.6,9711.3,39971
2025-12-02 22:00:00+00:00,9713.3,9718.4,9681.8,9712.1,33389
2025-12-03 22:00:00+00:00,9713.3,9732.6,9677.3,9711.8,31516
2025-12-04 22:00:00+00:00,9717.6,9740.3,9660.3,9663.0,28793
2025-12-07 22:00:00+00:00,9663.0,9684.2,9627.4,9641.2,28536
2025-12-08 22:00:00+00:00,9651.0,9677.2,9611.0,9613.4,27982
2025-12-09 22:00:00+00:00,9614.2,9695.3,9609.7,9686.3,38095
2025-12-10 22:00:00+00:00,9683.3,9737.2,9634.3,9723.4,40464
2025-12-11 22:00:00+00:00,9725.0,9765.0,9634.2,9662.2,46603
2025-12-14 22:00:00+00:00,9674.7,9776.4,9669.7,9757.6,36458
2025-12-15 22:00:00+00:00,9754.2,9764.6,9658.5,9686.5,51562
2025-12-16 22:00:00+00:00,9678.2,9860.8,9677.5,9771.8,44883
2025-12-17 22:00:00+00:00,9783.2,9874.3,9767.3,9826.0,45848
2025-12-18 22:00:00+00:00,9822.3,9941.6,9817.3,9898.8,34812
2025-12-21 22:00:00+00:00,9907.0,9924.3,9849.8,9890.8,24468
2025-12-22 22:00:00+00:00,9885.6,9921.0,9861.8,9900.6,23845
2025-12-23 22:00:00+00:00,9900.5,9913.6,9875.6,9885.3,5168
2025-12-28 22:00:00+00:00,9915.4,9915.6,9873.4,9889.9,27640
2025-12-29 22:00:00+00:00,9880.2,9973.6,9872.6,9961.9,22106
2025-12-30 22:00:00+00:00,9938.4,9975.6,9927.4,9964.9,6848
2026-01-01 22:00:00+00:00,9921.2,10063.2,9921.2,10018.0,44324
2026-01-04 22:00:00+00:00,10030.7,10050.8,9969.7,10046.8,42668
2026-01-05 22:00:00+00:00,10043.8,10180.0,10043.8,10126.8,36478
2026-01-06 22:00:00+00:00,10125.6,10136.3,10034.6,10045.6,38261
2026-01-07 22:00:00+00:00,10045.4,10098.3,10011.2,10097.8,39545
2026-01-08 22:00:00+00:00,10096.6,10162.3,10074.8,10158.3,34001
2026-01-11 22:00:00+00:00,10141.6,10170.8,10112.6,10167.3,28979
2026-01-12 22:00:00+00:00,10160.0,10173.6,10113.3,10165.8,31399
2026-01-13 22:00:00+00:00,10165.3,10240.6,10154.3,10238.6,40590
2026-01-14 22:00:00+00:00,10230.3,10270.8,10188.6,10244.4,37197
2026-01-15 22:00:00+00:00,10246.2,10278.0,10230.7,10271.8,28008
2026-01-18 22:00:00+00:00,10169.8,10248.5,10166.8,10200.2,34735
2026-01-19 22:00:00+00:00,10198.8,10208.2,10066.5,10119.2,63817
2026-01-20 22:00:00+00:00,10128.5,10240.8,10110.0,10226.2,69414
2026-01-21 22:00:00+00:00,10226.2,10244.8,10157.0,10163.5,44653
2026-01-22 22:00:00+00:00,10166.2,10198.5,10132.0,10165.6,43895
2026-01-25 22:00:00+00:00,10136.8,10201.3,10135.3,10175.0,38615
2026-01-26 22:00:00+00:00,10178.0,10245.4,10175.3,10206.2,37378
2026-01-27 22:00:00+00:00,10217.2,10249.4,10156.1,10178.6,46515
2026-01-28 22:00:00+00:00,10173.2,10293.9,10156.9,10226.6,70623
2026-01-29 22:00:00+00:00,10218.9,10254.2,10147.2,10244.6,84280
2026-02-01 22:00:00+00:00,10233.8,10379.4,10130.6,10345.6,62585
2026-02-02 22:00:00+00:00,10343.6,10382.1,10238.7,10311.4,69270
2026-02-03 22:00:00+00:00,10314.4,10493.7,10313.7,10417.2,82834
2026-02-04 22:00:00+00:00,10431.4,10435.7,10262.2,10267.2,89857
2026-02-05 22:00:00+00:00,10264.9,10419.4,10230.2,10418.4,60544
2026-02-08 22:00:00+00:00,10415.6,10429.4,10321.8,10402.1,50253
2026-02-09 22:00:00+00:00,10394.1,10432.8,10335.8,10374.6,52671
2026-02-10 22:00:00+00:00,10389.0,10534.6,10374.6,10520.6,55794
2026-02-11 22:00:00+00:00,10520.4,10551.4,10383.0,10435.7,71755
2026-02-12 22:00:00+00:00,10422.4,10467.4,10382.0,10453.7,86750
2026-02-15 22:00:00+00:00,10450.2,10494.2,10439.7,10469.0,32596
2026-02-16 22:00:00+00:00,10469.7,10592.2,10447.0,10574.2,80218
2026-02-17 22:00:00+00:00,10575.2,10721.2,10562.7,10710.2,47154
2026-02-18 22:00:00+00:00,10696.0,10707.2,10597.0,10680.9,64387
2026-02-19 22:00:00+00:00,10687.6,10764.6,10654.6,10735.4,62317
2026-02-22 22:00:00+00:00,10679.1,10743.8,10657.2,10683.4,56780
2026-02-23 22:00:00+00:00,10686.2,10726.3,10645.0,10714.0,48711
2026-02-24 22:00:00+00:00,10706.3,10824.8,10701.0,10814.8,44174
2026-02-25 22:00:00+00:00,10800.8,10870.3,10786.8,10856.3,39318
2026-02-26 22:00:00+00:00,10840.3,10935.3,10840.0,10877.3,56220
2026-03-01 22:00:00+00:00,10852.0,10863.6,10728.8,10801.8,66890
2026-03-02 22:00:00+00:00,10772.8,10785.8,10406.3,10534.0,128915
2026-03-03 22:00:00+00:00,10539.3,10637.8,10440.6,10628.0,95905
2026-03-04 22:00:00+00:00,10616.0,10638.0,10342.0,10400.0,88957
2026-03-05 22:00:00+00:00,10415.0,10481.3,10230.0,10316.3,104068
2026-03-08 21:00:00+00:00,10118.0,10389.8,10073.3,10336.8,147888
2026-03-09 21:00:00+00:00,10319.8,10478.0,10279.0,10387.0,91391
2026-03-10 21:00:00+00:00,10406.7,10425.0,10292.0,10342.4,67658
2026-03-11 21:00:00+00:00,10272.2,10345.8,10241.8,10289.2,80425
2026-03-12 21:00:00+00:00,10315.0,10366.2,10193.2,10238.8,74042
2026-03-15 21:00:00+00:00,10293.5,10381.1,10250.2,10347.8,61078
2026-03-16 21:00:00+00:00,10326.8,10441.5,10304.1,10373.8,51810
2026-03-17 21:00:00+00:00,10385.5,10451.8,10221.0,10228.0,59853
2026-03-18 21:00:00+00:00,10223.2,10250.2,9991.4,10080.2,105540
2026-03-19 21:00:00+00:00,10073.2,10137.5,9802.8,9845.6,111220
2026-03-22 21:00:00+00:00,9783.6,10051.1,9678.4,9957.4,163534
2026-03-23 21:00:00+00:00,9886.6,10042.8,9836.6,10016.6,115536
2026-03-24 21:00:00+00:00,10052.6,10143.4,10010.6,10116.4,74998
2026-03-25 21:00:00+00:00,10103.0,10110.4,9938.6,9959.6,70888
2026-03-26 21:00:00+00:00,9952.9,10037.6,9888.2,9913.3,68496
2026-03-29 21:00:00+00:00,9913.2,10168.0,9865.6,10081.2,79667
2026-03-30 21:00:00+00:00,10054.2,10295.2,10037.2,10286.4,130067
2026-03-31 21:00:00+00:00,10293.0,10434.4,10277.2,10434.2,79309
2026-04-01 21:00:00+00:00,10432.0,10476.7,10264.7,10464.2,73943
2026-04-06 21:00:00+00:00,10485.4,10526.0,10340.6,10420.2,114818
2026-04-07 21:00:00+00:00,10594.4,10735.9,10569.2,10694.6,92560
2026-04-08 21:00:00+00:00,10660.9,10665.4,10560.7,10610.7,70998
2026-04-09 21:00:00+00:00,10596.2,10671.4,10578.4,10605.9,55082
2026-04-12 21:00:00+00:00,10510.4,10627.2,10504.4,10618.9,59770
2026-04-13 21:00:00+00:00,10630.1,10652.9,10576.2,10635.2,45335
2026-04-14 21:00:00+00:00,10638.6,10650.9,10554.0,10564.7,52373
2026-04-15 21:00:00+00:00,10565.6,10654.3,10556.8,10594.8,43760
2026-04-16 21:00:00+00:00,10602.8,10704.0,10553.6,10704.0,54000
2026-04-19 21:00:00+00:00,10623.0,10644.3,10591.2,10620.6,52720
2026-04-20 21:00:00+00:00,10619.9,10644.6,10441.2,10443.6,61269
2026-04-21 21:00:00+00:00,10485.6,10531.2,10462.6,10486.8,47470
2026-04-22 21:00:00+00:00,10468.4,10477.8,10347.0,10416.0,79217
2026-04-23 21:00:00+00:00,10415.3,10454.8,10365.0,10393.0,64506
2026-04-26 21:00:00+00:00,10380.8,10418.0,10324.3,10330.3,46474
2026-04-27 21:00:00+00:00,10346.0,10392.0,10295.6,10315.0,55787
2026-04-28 21:00:00+00:00,10333.4,10341.2,10177.4,10204.4,59368
2026-04-29 21:00:00+00:00,10225.1,10391.1,10182.8,10364.8,76672
2026-04-30 21:00:00+00:00,10375.0,10391.2,10285.0,10364.5,18814
2026-05-04 21:00:00+00:00,10297.2,10310.8,10158.5,10265.2,49506
2026-05-05 21:00:00+00:00,10292.8,10486.5,10291.0,10447.8,74776
2026-05-06 21:00:00+00:00,10426.4,10469.6,10206.0,10214.8,73307
2026-05-07 21:00:00+00:00,10231.6,10282.4,10183.6,10263.7,52188
2026-05-10 21:00:00+00:00,10248.4,10290.4,10222.4,10242.7,39002
2026-05-11 21:00:00+00:00,10234.4,10296.4,10150.4,10283.2,61344
2026-05-12 21:00:00+00:00,10276.2,10360.2,10238.4,10356.0,42433
2026-05-13 21:00:00+00:00,10347.0,10402.8,10301.4,10355.8,37123
2026-05-14 21:00:00+00:00,10359.3,10367.1,10158.6,10193.0,60221
2026-05-17 21:00:00+00:00,10166.3,10356.9,10109.6,10355.9,98139
2026-05-18 21:00:00+00:00,10358.2,10416.4,10294.4,10299.6,67030
2026-05-19 21:00:00+00:00,10303.1,10467.1,10239.1,10450.6,56917
2026-05-20 21:00:00+00:00,10409.5,10526.0,10351.2,10500.3,67650
2026-05-21 21:00:00+00:00,10516.3,10526.0,10443.2,10447.6,47563
2026-05-25 21:00:00+00:00,10541.4,10561.9,10484.9,10512.6,56783
2026-05-26 21:00:00+00:00,10516.6,10528.6,10465.4,10492.4,40814
2026-05-27 21:00:00+00:00,10475.8,10483.8,10381.8,10412.3,61528
2026-05-28 21:00:00+00:00,10412.3,10467.2,10372.9,10378.6,46515
2026-05-31 21:00:00+00:00,10372.2,10414.6,10290.4,10335.9,48207
2026-06-01 21:00:00+00:00,10321.4,10400.9,10302.6,10388.0,41281
2026-06-02 21:00:00+00:00,10393.3,10396.3,10307.8,10308.6,41946
2026-06-03 21:00:00+00:00,10292.0,10403.0,10238.4,10396.6,58446
2026-06-04 21:00:00+00:00,10364.8,10420.6,10318.0,10343.6,65890
2026-06-07 21:00:00+00:00,10336.5,10412.8,10289.3,10356.0,103865
2026-06-08 21:00:00+00:00,10340.8,10377.5,10185.2,10298.5,94118
2026-06-09 21:00:00+00:00,10286.8,10308.5,10126.5,10195.8,90617
2026-06-10 21:00:00+00:00,10177.0,10419.0,10152.2,10407.7,100358
2026-06-11 21:00:00+00:00,10413.2,10483.4,10366.0,10463.2,99361
2026-06-14 21:00:00+00:00,10506.2,10568.4,10398.4,10411.4,44512
2026-06-15 21:00:00+00:00,10404.4,10525.0,10404.4,10469.4,44987
2026-06-16 21:00:00+00:00,10472.4,10514.6,10433.6,10447.4,63668
2026-06-17 21:00:00+00:00,10482.0,10494.5,10377.6,10420.6,68175
2026-06-18 21:00:00+00:00,10415.5,10425.6,10361.0,10384.8,32920
2026-06-21 21:00:00+00:00,10365.5,10475.7,10361.8,10451.4,50407
2026-06-22 21:00:00+00:00,10439.4,10499.2,10346.0,10461.8,59269
2026-06-23 21:00:00+00:00,10454.5,10496.3,10401.5,10476.3,85264
2026-06-24 21:00:00+00:00,10473.0,10604.2,10436.0,10545.0,65746
2026-06-25 21:00:00+00:00,10545.8,10553.8,10428.4,10505.1,93054
2026-06-28 21:00:00+00:00,10527.4,10555.6,10494.2,10540.2,57380
2026-06-29 21:00:00+00:00,10531.2,10633.0,10510.0,10535.0,47019
2026-06-30 21:00:00+00:00,10523.8,10528.0,10440.7,10488.4,55254
2026-07-01 21:00:00+00:00,10472.6,10710.6,10448.4,10689.8,74752
2026-07-02 21:00:00+00:00,10690.1,10721.4,10612.6,10654.2,34994
2026-07-05 21:00:00+00:00,10665.9,10745.6,10626.9,10680.2,42291
2026-07-06 21:00:00+00:00,10679.4,10760.6,10651.4,10671.8,58321
2026-07-07 21:00:00+00:00,10656.0,10694.0,10476.0,10514.8,106189
2026-07-08 21:00:00+00:00,10497.8,10534.6,10400.6,10480.0,59870
2026-07-09 21:00:00+00:00,10478.3,10558.3,10460.0,10543.6,50450
2026-07-12 21:00:00+00:00,10520.8,10543.0,10460.3,10511.3,58096
2026-07-13 21:00:00+00:00,10502.0,10564.3,10428.8,10497.6,79693
2026-07-14 21:00:00+00:00,10507.6,10552.0,10446.8,10488.0,55592
2026-07-15 21:00:00+00:00,10487.0,10591.3,10441.3,10575.3,57170
2026-07-16 21:00:00+00:00,10561.0,10629.3,10500.8,10583.8,84699
2026-07-19 21:00:00+00:00,10556.5,10598.6,10452.0,10463.6,71208
2026-07-20 21:00:00+00:00,10466.8,10611.4,10442.3,10604.0,48297
2026-07-21 21:00:00+00:00,10595.4,10772.4,10564.0,10724.1,66348
2026-07-22 21:00:00+00:00,10712.0,10739.2,10597.0,10609.4,75426
2026-07-23 21:00:00+00:00,10628.2,10752.2,10581.0,10725.0,64225
2026-07-26 21:00:00+00:00,10767.2,10837.0,10721.2,10800.0,70976
2026-07-27 21:00:00+00:00,10793.2,10926.6,10763.7,10907.4,58531
2026-07-28 21:00:00+00:00,10903.6,10959.4,10828.4,10830.6,95494
2026-07-29 21:00:00+00:00,10847.4,10982.8,10796.4,10949.4,85408
2026-07-30 21:00:00+00:00,10951.4,10997.2,10834.6,10874.4,59477
2026-08-02 21:00:00+00:00,10885.4,10925.4,10843.4,10882.4,53665
2026-08-03 21:00:00+00:00,10892.6,10942.2,10874.9,10914.4,58780
2026-08-04 21:00:00+00:00,10917.3,10964.4,10849.0,10899.2,55264
2026-08-05 21:00:00+00:00,10897.7,10952.8,10859.2,10862.5,45990
2026-08-06 21:00:00+00:00,10857.8,10967.0,10847.5,10901.0,52545
2026-08-09 21:00:00+00:00,10885.0,10904.8,10831.6,10862.6,31069
2026-08-10 21:00:00+00:00,10858.3,10902.0,10817.6,10834.0,39317
2026-08-11 21:00:00+00:00,10823.0,10871.8,10815.2,10856.8,35077
2026-08-12 21:00:00+00:00,10820.0,10840.8,10756.3,10798.6,34053
2026-08-13 21:00:00+00:00,10798.0,10805.6,10722.6,10758.8,28657
2026-08-16 21:00:00+00:00,10762.1,10797.8,10715.0,10736.5,28055
2026-08-17 21:00:00+00:00,10733.8,10788.6,10706.8,10731.6,45972
2026-08-18 21:00:00+00:00,10730.8,10773.6,10703.3,10755.3,43516
2026-08-19 21:00:00+00:00,10754.4,10772.6,10687.4,10745.2,48023
2026-08-20 21:00:00+00:00,10729.6,10839.0,10729.4,10817.6,33597
2026-08-23 21:00:00+00:00,10819.8,10873.0,10802.8,10862.5,41352
2026-08-24 21:00:00+00:00,10870.5,10914.2,10831.8,10910.5,51020
2026-08-25 21:00:00+00:00,10896.0,10933.5,10853.2,10855.7,38574
2026-08-26 21:00:00+00:00,10865.4,10867.4,10771.4,10806.2,44596
2026-08-27 21:00:00+00:00,10795.9,10848.2,10795.9,10821.2,43545
